<?xml version="1.0" encoding="UTF-8"?>
<rootTag>
<Award>
<AwardTitle>RAPID: Documenting Endangered Languages Outreach Video Series</AwardTitle>
<AwardEffectiveDate>01/01/2015</AwardEffectiveDate>
<AwardExpirationDate>03/31/2017</AwardExpirationDate>
<AwardAmount>49469</AwardAmount>
<AwardInstrument>
<Value>Standard Grant</Value>
</AwardInstrument>
<Organization>
<Code>04040000</Code>
<Directorate>
<LongName>Direct For Social, Behav &amp; Economic Scie</LongName>
</Directorate>
<Division>
<LongName>Division Of Behavioral and Cognitive Sci</LongName>
</Division>
</Organization>
<ProgramOfficer>
<SignBlockName>Colleen Fitzgerald</SignBlockName>
</ProgramOfficer>
<AbstractNarration>Recent advances in technology have created new methodologies in documenting endangered languages.  This project will provide an overview of these advances in video format and will be presented by experts in field.  The purpose of the project is to support production of the highest quality of documentary linguistic products and stimulate research in these areas.  The primary audience for these outreach videos are linguists or language experts from minority communities who may engage in language documentation but do not have access to state-of-the-art instruction. Over the long term, greater participation in documenting endangered languages will contribute new knowledge of a wider array of under-documented endangered languages each of which provide unique information on human language and cognition.&lt;br/&gt;&lt;br/&gt;The videos will be uploaded as YouTube videos and will be freely available online.  They will include information on tools for language analysis (transcription, interlinear gloss creation, and acoustic analysis) and linguistic analysis needed for dictionary, grammar, and corpus creation.  Experts will also review current standards in metadata creation and archiving, and funding mechanisms for documentary linguistic research.</AbstractNarration>
<MinAmdLetterDate>12/23/2014</MinAmdLetterDate>
<MaxAmdLetterDate>05/27/2015</MaxAmdLetterDate>
<ARRAAmount/>
<AwardID>1500695</AwardID>
<Investigator>
<FirstName>Racquel-Maria</FirstName>
<LastName>Yamada</LastName>
<EmailAddress>racquel@ou.edu</EmailAddress>
<StartDate>12/23/2014</StartDate>
<EndDate/>
<RoleCode>Principal Investigator</RoleCode>
</Investigator>
<Investigator>
<FirstName>Carlos</FirstName>
<LastName>Nash</LastName>
<EmailAddress>cmnash@ku.edu</EmailAddress>
<StartDate>12/23/2014</StartDate>
<EndDate/>
<RoleCode>Co-Principal Investigator</RoleCode>
</Investigator>
<Institution>
<Name>University of Oklahoma Norman Campus</Name>
<CityName>NORMAN</CityName>
<ZipCode>730199705</ZipCode>
<PhoneNumber>4053254757</PhoneNumber>
<StreetAddress>201 Stephenson Parkway</StreetAddress>
<CountryName>United States</CountryName>
<StateName>Oklahoma</StateName>
<StateCode>OK</StateCode>
</Institution>
<ProgramElement>
<Code>7719</Code>
<Text>DEL</Text>
</ProgramElement>
<ProgramReference>
<Code>1311</Code>
<Text>LINGUISTICS</Text>
</ProgramReference>
<ProgramReference>
<Code>7719</Code>
<Text>DEL</Text>
</ProgramReference>
<ProgramReference>
<Code>7914</Code>
<Text>RAPID</Text>
</ProgramReference>
<ProgramReference>
<Code>9150</Code>
<Text>EXP PROG TO STIM COMP RES</Text>
</ProgramReference>
<ProgramReference>
<Code>9179</Code>
<Text>GRADUATE INVOLVEMENT</Text>
</ProgramReference>
</Award>
</rootTag>
