<?xml version="1.0" encoding="UTF-8"?>

<rootTag>
  <Award>
    <AwardTitle>Workshop on partial differential equations and several complex variables</AwardTitle>
    <AwardEffectiveDate>01/15/2015</AwardEffectiveDate>
    <AwardExpirationDate>12/31/2015</AwardExpirationDate>
    <AwardAmount>40600</AwardAmount>
    <AwardInstrument>
      <Value>Standard Grant</Value>
    </AwardInstrument>
    <Organization>
      <Code>03040000</Code>
      <Directorate>
        <LongName>Direct For Mathematical &amp; Physical Scien</LongName>
      </Directorate>
      <Division>
        <LongName>Division Of Mathematical Sciences</LongName>
      </Division>
    </Organization>
    <ProgramOfficer>
      <SignBlockName>Edward Taylor</SignBlockName>
    </ProgramOfficer>
    <AbstractNarration>This award provides funding to help cover the travel expenses of participants from the U.S. in the "Workshop on partial differential equations and several complex variables" that will be held August 3 - 7, 2015, in Serra Negra, Brazil.&lt;br/&gt;&lt;br/&gt;The workshop will focus on recent developments in closely related areas of analysis and geometry, namely, several complex variables, overdetermined systems of partial differential equations, and CR geometry. Two mini-courses designed for graduate students and recent Ph.D.'s will form an important part of the workshop. The first mini-course will be taught by Mei-Chi Shaw who will lecture on Cauchy-Riemann equations in complex manifolds. The second mini-course will be on semi global solvability of complex vector fields and it will be taught by Abdelhamid Meziani. The workshop will provide opportunities for graduate students and recent Ph.D.'s to present and discuss their research results.</AbstractNarration>
    <MinAmdLetterDate>11/04/2014</MinAmdLetterDate>
    <MaxAmdLetterDate>11/04/2014</MaxAmdLetterDate>
    <ARRAAmount/>
    <AwardID>1500692</AwardID>
    <Investigator>
      <FirstName>Shiferaw</FirstName>
      <LastName>Berhanu</LastName>
      <EmailAddress>berhanu@temple.edu</EmailAddress>
      <StartDate>11/04/2014</StartDate>
      <EndDate/>
      <RoleCode>Principal Investigator</RoleCode>
    </Investigator>
    <Institution>
      <Name>Temple University</Name>
      <CityName>PHILADELPHIA</CityName>
      <ZipCode>191405104</ZipCode>
      <PhoneNumber>2157077379</PhoneNumber>
      <StreetAddress>3340 N. Broad Street</StreetAddress>
      <CountryName>United States</CountryName>
      <StateName>Pennsylvania</StateName>
      <StateCode>PA</StateCode>
    </Institution>
    <ProgramElement>
      <Code>1281</Code>
      <Text>ANALYSIS PROGRAM</Text>
    </ProgramElement>
    <ProgramReference>
      <Code>7556</Code>
      <Text>CONFERENCE AND WORKSHOPS</Text>
    </ProgramReference>
  </Award>
</rootTag>
