<?xml version="1.0" encoding="UTF-8"?>
<rootTag>
<Award>
<AwardTitle>SaTC-EDU: EAGER: Broadening Cyber Security Education Beyond Computing - Educating Everyone to Safeguard Our Online Lives</AwardTitle>
<AwardEffectiveDate>07/15/2015</AwardEffectiveDate>
<AwardExpirationDate>06/30/2018</AwardExpirationDate>
<AwardAmount>300000</AwardAmount>
<AwardInstrument>
<Value>Standard Grant</Value>
</AwardInstrument>
<Organization>
<Code>11010001</Code>
<Directorate>
<LongName>Direct For Education and Human Resources</LongName>
</Directorate>
<Division>
<LongName>Division Of Graduate Education</LongName>
</Division>
</Organization>
<ProgramOfficer>
<SignBlockName>Victor P. Piotrowski</SignBlockName>
</ProgramOfficer>
<AbstractNarration>The growing sophistication of online threats requires that the larger educated workforce understands risks posed by such threats. In recent past, the importance of infusing cyber security concepts in computer science courses has been recognized. This project will explore the viability of an approach that advocates infusion of important cyber security concepts in meaningful context in courses that are part of the general education of undergraduate students across multiple disciplines. Based on a learning sciences informed approach, the project will identify existing courses that provide suitable context for cyber security topics. These courses will range from introductory computing courses to discipline-specific courses in business and public policy colleges at the Georgia Institute of Technology.  The relevance of key cyber security concepts in the professional context of various majors will be the primary consideration in identifying courses where these concepts can be infused. &lt;br/&gt;&lt;br/&gt;The interdisciplinary project team, with considerable expertise in the learning sciences, will work together to achieve this goal. After a rigorous evaluation and refinements, content modules and experiences will be shared with the larger community for dissemination. By developing an effective approach to infuse key cyber security concepts in courses that are part of the general education of all undergraduates, the project hopes to have impact on the education of the workforce of the future.</AbstractNarration>
<MinAmdLetterDate>07/08/2015</MinAmdLetterDate>
<MaxAmdLetterDate>07/08/2015</MaxAmdLetterDate>
<ARRAAmount/>
<AwardID>1500083</AwardID>
<Investigator>
<FirstName>Richard</FirstName>
<LastName>Barke</LastName>
<EmailAddress>richard.barke@iac.gatech.edu</EmailAddress>
<StartDate>07/08/2015</StartDate>
<EndDate/>
<RoleCode>Co-Principal Investigator</RoleCode>
</Investigator>
<Investigator>
<FirstName>Mustaque</FirstName>
<LastName>Ahamad</LastName>
<EmailAddress>mustaq@cc.gatech.edu</EmailAddress>
<StartDate>07/08/2015</StartDate>
<EndDate/>
<RoleCode>Principal Investigator</RoleCode>
</Investigator>
<Investigator>
<FirstName>Mark</FirstName>
<LastName>Guzdial</LastName>
<EmailAddress>guzdial@cc.gatech.edu</EmailAddress>
<StartDate>07/08/2015</StartDate>
<EndDate/>
<RoleCode>Co-Principal Investigator</RoleCode>
</Investigator>
<Investigator>
<FirstName>Sabyasachi</FirstName>
<LastName>Mitra</LastName>
<EmailAddress>saby.mitra@mgt.gatech.edu</EmailAddress>
<StartDate>07/08/2015</StartDate>
<EndDate/>
<RoleCode>Co-Principal Investigator</RoleCode>
</Investigator>
<Institution>
<Name>Georgia Tech Research Corporation</Name>
<CityName>Atlanta</CityName>
<ZipCode>303320420</ZipCode>
<PhoneNumber>4048944819</PhoneNumber>
<StreetAddress>Office of Sponsored Programs</StreetAddress>
<CountryName>United States</CountryName>
<StateName>Georgia</StateName>
<StateCode>GA</StateCode>
</Institution>
<ProgramElement>
<Code>8060</Code>
<Text>Secure &amp;Trustworthy Cyberspace</Text>
</ProgramElement>
<ProgramReference>
<Code>7434</Code>
<Text>CNCI</Text>
</ProgramReference>
<ProgramReference>
<Code>7916</Code>
<Text>EAGER</Text>
</ProgramReference>
<ProgramReference>
<Code>8225</Code>
<Text>SaTC Special Projects</Text>
</ProgramReference>
<ProgramReference>
<Code>9179</Code>
<Text>GRADUATE INVOLVEMENT</Text>
</ProgramReference>
<ProgramReference>
<Code>SMET</Code>
<Text>SCIENCE, MATH, ENG &amp; TECH EDUCATION</Text>
</ProgramReference>
</Award>
</rootTag>
