<?xml version="1.0" encoding="UTF-8"?>

<rootTag>
  <Award>
    <AwardTitle>COLLBORATIVE RESEARCH: CREATING AN AUDIO-VISUAL CORPUS OF SCOTTISH GAIDHLIG TO PRESERVE AND INVESTIGATE LINGUISTIC DIVERSITY</AwardTitle>
    <AwardEffectiveDate>06/01/2015</AwardEffectiveDate>
    <AwardExpirationDate>11/30/2017</AwardExpirationDate>
    <AwardAmount>41288</AwardAmount>
    <AwardInstrument>
      <Value>Standard Grant</Value>
    </AwardInstrument>
    <Organization>
      <Code>04040000</Code>
      <Directorate>
        <LongName>Direct For Social, Behav &amp; Economic Scie</LongName>
      </Directorate>
      <Division>
        <LongName>Division Of Behavioral and Cognitive Sci</LongName>
      </Division>
    </Organization>
    <ProgramOfficer>
      <SignBlockName>Colleen Fitzgerald</SignBlockName>
    </ProgramOfficer>
    <AbstractNarration>Scottish Gaelic, a Celtic language closely related to Irish and Welsh and more distantly to English, was once spoken across Scotland by most of the country's population. Today, however, Gaelic remains a community language only in the most remote regions of western Scotland. Gaelic speakers comprise about 1% of the Scottish population; the 2011 census found only 57,375 native speakers, compared to 250,000 a century earlier. This sharp decline makes the language's continued survival uncertain. &lt;br/&gt;&lt;br/&gt;Scottish Gaelic is of immense interest because it possesses many rare linguistic features, including initial consonant mutation where a word-initial consonant can be changed depending on the function of that word in a clause. Scottish Gaelic also exhibits pre-aspirated consonants, and verb-initial sentence structure. In addition, the language offers remarkable examples of how knowledge systems particular to local geography and climate (land management, fishing techniques) are imbedded in the language. Should Scottish Gaelic become extinct, the global community -- not just Scotland -- will lose an irreplaceable cultural and scientific resource. &lt;br/&gt;&lt;br/&gt;Through this two-year project, Professors Ian Clayton from the University of Nevada, Reno along with Andrew Carnie and Mike Hammond from the University of Arizona will create a corpus of linguistic interviews with 30 native Gaelic speakers. They will be assisted by native speaker Muriel Fisher, the recipient of the Linguistic Society of America's 2015 Excellence in Community Linguistics Award. The collection will contain more than twenty hours of high-quality audio-visual material, transcribed and translated and will include speech samples from speakers over range of ages, geographic origins, and professional backgrounds.&lt;br/&gt;&lt;br/&gt;The collection will offer an invaluable tool to help linguists expand their scientific study of this language's rare features. In addition, the interviews will focus on traditional occupations, folklore, and oral history-- the kinds of knowledge and terminology most at risk as Gaelic declines. &lt;br/&gt;&lt;br/&gt;When complete, the corpus will be publically available through the Max Planck Institute's Language Archive, and the University of Arizona's Open Repository.</AbstractNarration>
    <MinAmdLetterDate>04/13/2015</MinAmdLetterDate>
    <MaxAmdLetterDate>07/25/2016</MaxAmdLetterDate>
    <ARRAAmount/>
    <AwardID>1500620</AwardID>
    <Investigator>
      <FirstName>Ian</FirstName>
      <LastName>Clayton</LastName>
      <EmailAddress>iclayton@unr.edu</EmailAddress>
      <StartDate>04/13/2015</StartDate>
      <EndDate/>
      <RoleCode>Principal Investigator</RoleCode>
    </Investigator>
    <Institution>
      <Name>Board of Regents, NSHE, obo University of Nevada, Reno</Name>
      <CityName>Reno</CityName>
      <ZipCode>895570001</ZipCode>
      <PhoneNumber>7757844040</PhoneNumber>
      <StreetAddress>1664 North Virginia Street</StreetAddress>
      <CountryName>United States</CountryName>
      <StateName>Nevada</StateName>
      <StateCode>NV</StateCode>
    </Institution>
    <ProgramElement>
      <Code>7719</Code>
      <Text>DEL</Text>
    </ProgramElement>
    <ProgramReference>
      <Code>7719</Code>
      <Text>DEL</Text>
    </ProgramReference>
    <ProgramReference>
      <Code>9150</Code>
      <Text>EXP PROG TO STIM COMP RES</Text>
    </ProgramReference>
    <ProgramReference>
      <Code>1311</Code>
      <Text>LINGUISTICS</Text>
    </ProgramReference>
    <ProgramReference>
      <Code>9178</Code>
      <Text>UNDERGRADUATE EDUCATION</Text>
    </ProgramReference>
    <ProgramReference>
      <Code>9251</Code>
      <Text>RES EXPER FOR UNDERGRAD-SUPPLT</Text>
    </ProgramReference>
  </Award>
</rootTag>
