<?xml version="1.0" encoding="UTF-8"?>

<rootTag>
  <Award>
    <AwardTitle>Karuk (kyh) Archives and Accessibility Project</AwardTitle>
    <AwardEffectiveDate>06/15/2015</AwardEffectiveDate>
    <AwardExpirationDate>11/30/2017</AwardExpirationDate>
    <AwardAmount>102555</AwardAmount>
    <AwardInstrument>
      <Value>Standard Grant</Value>
    </AwardInstrument>
    <Organization>
      <Code>04040000</Code>
      <Directorate>
        <LongName>Direct For Social, Behav &amp; Economic Scie</LongName>
      </Directorate>
      <Division>
        <LongName>Division Of Behavioral and Cognitive Sci</LongName>
      </Division>
    </Organization>
    <ProgramOfficer>
      <SignBlockName>Colleen Fitzgerald</SignBlockName>
    </ProgramOfficer>
    <AbstractNarration>Karuk is a language of the Karuk Tribe, a federally-recognized tribe situated on the middle course of the Klamath River in northwestern California. Karuk is well known for its complex accentual system such as the rules in English (PHOTOgraph versus photoGRAPHic), its unique patterns of word and sentence formation. Thus more data on this language will help with understanding more about its grammar.&lt;br/&gt;&lt;br/&gt;PI Susan Gehr of Humboldt University, along with a Karuk Language Program Coordinator and 20 community participants, will create an archival repository of Karuk materials, making them searchable and accessible in perpetuity. The materials to be archived include data from the Karuk Tribe's Language Program and materials donated by community members. These unique data will then enrich current knowledge of this highly endangered language.&lt;br/&gt;&lt;br/&gt;While there are just five elderly known fluent speakers of the Karuk language, there is an active community of Karuk people documenting the fluent speakers of Karuk and publishing Karuk texts, audio and video. Gehr will hold four workshops where she will share state-of-the-art techniques in archiving and preservation methodologies to community members with the view to supporting sustainable archiving practices in the community. The project will not only create infrastructure in the Karuk community, it also provided an example of how to do this with community. This project will also use best practices from the archival profession to produce a freely available collection guide for the Karuk language materials created and collected by the Karuk Tribe's Language Program.</AbstractNarration>
    <MinAmdLetterDate>06/05/2015</MinAmdLetterDate>
    <MaxAmdLetterDate>02/17/2017</MaxAmdLetterDate>
    <ARRAAmount/>
    <AwardID>1500605</AwardID>
    <Investigator>
      <FirstName>Susan</FirstName>
      <LastName>Gehr</LastName>
      <EmailAddress>susangehr@sonic.net</EmailAddress>
      <StartDate>06/05/2015</StartDate>
      <EndDate/>
      <RoleCode>Principal Investigator</RoleCode>
    </Investigator>
    <Institution>
      <Name>Karuk Tribe</Name>
      <CityName>Happy Camp</CityName>
      <ZipCode>960391016</ZipCode>
      <PhoneNumber>5304931600</PhoneNumber>
      <StreetAddress>64236 Second Avenue</StreetAddress>
      <CountryName>United States</CountryName>
      <StateName>California</StateName>
      <StateCode>CA</StateCode>
    </Institution>
    <ProgramElement>
      <Code>7719</Code>
      <Text>DEL</Text>
    </ProgramElement>
    <ProgramReference>
      <Code>7719</Code>
      <Text>DEL</Text>
    </ProgramReference>
    <ProgramReference>
      <Code>1311</Code>
      <Text>LINGUISTICS</Text>
    </ProgramReference>
    <ProgramReference>
      <Code>9178</Code>
      <Text>UNDERGRADUATE EDUCATION</Text>
    </ProgramReference>
    <ProgramReference>
      <Code>9251</Code>
      <Text>RES EXPER FOR UNDERGRAD-SUPPLT</Text>
    </ProgramReference>
  </Award>
</rootTag>
