<?xml version="1.0" encoding="UTF-8"?>

<rootTag>
  <Award>
    <AwardTitle>Conference on Algebraic, Enumerative and Topological Combinatorics</AwardTitle>
    <AwardEffectiveDate>01/01/2015</AwardEffectiveDate>
    <AwardExpirationDate>12/31/2015</AwardExpirationDate>
    <AwardAmount>24500</AwardAmount>
    <AwardInstrument>
      <Value>Standard Grant</Value>
    </AwardInstrument>
    <Organization>
      <Code>03040000</Code>
      <Directorate>
        <LongName>Direct For Mathematical &amp; Physical Scien</LongName>
      </Directorate>
      <Division>
        <LongName>Division Of Mathematical Sciences</LongName>
      </Division>
    </Organization>
    <ProgramOfficer>
      <SignBlockName>Tomek Bartoszynski</SignBlockName>
    </ProgramOfficer>
    <AbstractNarration>From January fifth through January ninth of 2015, ``A Conference on Algebraic, Topological and Enumerative Combinatorics" will be held at the University of Miami in Coral Gables, Florida. This conference will provide an opportunity for established experts and early career mathematicians to share ideas and results in the field of algebraic, enumerative and topological combinatorics. Combinatorics is the study of discrete, usually finite, mathematical structures. Examples of such structures are networks, such as the internet, phone systems and transportation systems. While finite structures are in principle easy to understand through exhaustive examination, this becomes practically impossible once the structures become too large. Thus more theoretical approaches are necessary. Practitioners in the field bring to bear techniques from various areas of mathematics that involve abstraction beyond what one might expect given the nature of the problems at hand.&lt;br/&gt;&lt;br/&gt;The conference will feature talks on topics at the forefront of current research in the field. Among the likely topics of discussion both in talks and informal discussions are connections between combinatorics and various other areas, including algebraic geometry, topology, commutative algebra, representation theory and probability. Further information on the conference can be found at the conference website&lt;br/&gt;&lt;br/&gt;http://www.math.miami.edu/~galloway/wachsfest.html</AbstractNarration>
    <MinAmdLetterDate>01/06/2015</MinAmdLetterDate>
    <MaxAmdLetterDate>01/06/2015</MaxAmdLetterDate>
    <ARRAAmount/>
    <AwardID>1500820</AwardID>
    <Investigator>
      <FirstName>John</FirstName>
      <LastName>Shareshian</LastName>
      <EmailAddress>shareshi@math.wustl.edu</EmailAddress>
      <StartDate>01/06/2015</StartDate>
      <EndDate/>
      <RoleCode>Principal Investigator</RoleCode>
    </Investigator>
    <Institution>
      <Name>Washington University</Name>
      <CityName>Saint Louis</CityName>
      <ZipCode>631304862</ZipCode>
      <PhoneNumber>3147474134</PhoneNumber>
      <StreetAddress>CAMPUS BOX 1054</StreetAddress>
      <CountryName>United States</CountryName>
      <StateName>Missouri</StateName>
      <StateCode>MO</StateCode>
    </Institution>
    <ProgramElement>
      <Code>7970</Code>
      <Text>Combinatorics</Text>
    </ProgramElement>
    <ProgramReference>
      <Code>7556</Code>
      <Text>CONFERENCE AND WORKSHOPS</Text>
    </ProgramReference>
    <ProgramReference>
      <Code>9150</Code>
      <Text>EXP PROG TO STIM COMP RES</Text>
    </ProgramReference>
  </Award>
</rootTag>
