<?xml version="1.0" encoding="UTF-8"?>

<rootTag>
  <Award>
    <AwardTitle>PFI:AIR - TT: High yield production of furans from biomass hydrolysates using a hybrid enzyme- and chemo-catalytic technology</AwardTitle>
    <AwardEffectiveDate>04/01/2015</AwardEffectiveDate>
    <AwardExpirationDate>09/30/2017</AwardExpirationDate>
    <AwardAmount>237900</AwardAmount>
    <AwardInstrument>
      <Value>Standard Grant</Value>
    </AwardInstrument>
    <Organization>
      <Code>07070000</Code>
      <Directorate>
        <LongName>Directorate For Engineering</LongName>
      </Directorate>
      <Division>
        <LongName>Div Of Industrial Innovation &amp; Partnersh</LongName>
      </Division>
    </Organization>
    <ProgramOfficer>
      <SignBlockName>Barbara H. Kenny</SignBlockName>
    </ProgramOfficer>
    <AbstractNarration>This PFI: AIR Technology Translation project focuses on a transformative technology for converting biomass to platform chemicals (furans) that would replace petroleum-derived feedstocks for fuel and chemical production. These furans serve as building blocks for a variety of other chemicals and intermediates that are necessary in industry. A process that allows them to be economically produced from renewable resources (e.g. biomass) instead of petroleum-based technologies would result in reduced dependence on fossil fuels, reduced emission of greenhouse gases, and minimal environmental impact. &lt;br/&gt;&lt;br/&gt;The project will result in a proof-of-concept development, demonstration, and evaluation of an integrated hybrid enzyme-and chemo-catalytic technology for high-yield production of furans from biomass sugars. When compared to competing processes that rely on inefficient water-based reaction media, the technology has several distinct advantages. It provides a cohesive pathway to efficiently transfer biomass sugars into a non-aqueous reaction medium; produces the furan product in high yield; and isolates the furan for downstream processing, all with low energy input and recycling of process streams. &lt;br/&gt;&lt;br/&gt;This project addresses the following technology gaps as it translates from research discovery toward commercial application: (1) the design, construction, and testing of a scalable process configuration that allows transition from bench to larger scale; (2) the collection of metrics for the prolonged operation of the integrated process; (3) the assessment of the process economics and environmental impacts; and (4) the evaluation of the integrated process with diverse biomass feedstocks and their upstream pretreatment/saccharification methods. In addition, personnel involved in this project, namely undergraduate and graduate students, will receive entrepreneurship and innovation experiences through new interdisciplinary initiatives developed at The University of Toledo based on the Lean LaunchPad approach.</AbstractNarration>
    <MinAmdLetterDate>03/31/2015</MinAmdLetterDate>
    <MaxAmdLetterDate>07/12/2016</MaxAmdLetterDate>
    <ARRAAmount/>
    <AwardID>1500273</AwardID>
    <Investigator>
      <FirstName>Patricia</FirstName>
      <LastName>Relue</LastName>
      <EmailAddress>patricia.relue@utoledo.edu</EmailAddress>
      <StartDate>03/31/2015</StartDate>
      <EndDate/>
      <RoleCode>Co-Principal Investigator</RoleCode>
    </Investigator>
    <Investigator>
      <FirstName>Sasidhar</FirstName>
      <LastName>Varanasi</LastName>
      <EmailAddress>sasidhar.varanasi@utoledo.edu</EmailAddress>
      <StartDate>03/31/2015</StartDate>
      <EndDate/>
      <RoleCode>Principal Investigator</RoleCode>
    </Investigator>
    <Institution>
      <Name>University of Toledo</Name>
      <CityName>TOLEDO</CityName>
      <ZipCode>436063390</ZipCode>
      <PhoneNumber>4195302844</PhoneNumber>
      <StreetAddress>2801 W Bancroft St., MS 944</StreetAddress>
      <CountryName>United States</CountryName>
      <StateName>Ohio</StateName>
      <StateCode>OH</StateCode>
    </Institution>
    <ProgramElement>
      <Code>1340</Code>
      <Text>ENGINEERING EDUCATION</Text>
    </ProgramElement>
    <ProgramElement>
      <Code>8019</Code>
      <Text>Accelerating Innovation Rsrch</Text>
    </ProgramElement>
    <ProgramReference>
      <Code>8019</Code>
      <Text>Accelerating Innovation Rsrch</Text>
    </ProgramReference>
    <ProgramReference>
      <Code>116E</Code>
      <Text>RESEARCH EXP FOR UNDERGRADS</Text>
    </ProgramReference>
    <ProgramReference>
      <Code>9102</Code>
      <Text>WOMEN, MINORITY, DISABLED, NEC</Text>
    </ProgramReference>
    <ProgramReference>
      <Code>9251</Code>
      <Text>RES EXPER FOR UNDERGRAD-SUPPLT</Text>
    </ProgramReference>
    <ProgramReference>
      <Code>115E</Code>
      <Text>RESEARCH EXP FOR TEACHERS</Text>
    </ProgramReference>
    <ProgramReference>
      <Code>7218</Code>
      <Text>RET SUPPLEMENTS</Text>
    </ProgramReference>
    <ProgramReference>
      <Code>018Z</Code>
      <Text>Grad Prep APG:Enhan. Activities</Text>
    </ProgramReference>
    <ProgramReference>
      <Code>110E</Code>
      <Text>EDUCATION RESEARCH</Text>
    </ProgramReference>
    <ProgramReference>
      <Code>1340</Code>
      <Text>ENGINEERING EDUCATION</Text>
    </ProgramReference>
    <ProgramReference>
      <Code>9177</Code>
      <Text>ELEMENTARY/SECONDARY EDUCATION</Text>
    </ProgramReference>
    <ProgramReference>
      <Code>SMET</Code>
      <Text>SCIENCE, MATH, ENG &amp; TECH EDUCATION</Text>
    </ProgramReference>
  </Award>
</rootTag>
