<?xml version="1.0" encoding="UTF-8"?>

<rootTag>
  <Award>
    <AwardTitle>Asymptotic Methods in Geometric Group Theory</AwardTitle>
    <AwardEffectiveDate>06/01/2015</AwardEffectiveDate>
    <AwardExpirationDate>05/31/2018</AwardExpirationDate>
    <AwardAmount>293573</AwardAmount>
    <AwardInstrument>
      <Value>Continuing grant</Value>
    </AwardInstrument>
    <Organization>
      <Code>03040000</Code>
      <Directorate>
        <LongName>Direct For Mathematical &amp; Physical Scien</LongName>
      </Directorate>
      <Division>
        <LongName>Division Of Mathematical Sciences</LongName>
      </Division>
    </Organization>
    <ProgramOfficer>
      <SignBlockName>Matthew Douglass</SignBlockName>
    </ProgramOfficer>
    <AbstractNarration>Modern group theory is a very fast developing area of mathematics that uses methods from algebra, geometry, combinatorics, topology, probability, logic, and computer science. Applications of group theory are ubiquitous throughout science, from physics and chemistry to cyber security. This award supports collaborative research in the area of asymptotic methods in group theory, an area that has been extremely active since seminal papers by Gromov on hyperbolic groups and asymptotic invariants of groups. This project will significantly advance knowledge of the area by solving several open problems. The investigators will advise graduate students, organize research experiences for undergraduate students, and organize conferences on the subject of asymptotic methods in group theory.&lt;br/&gt;&lt;br/&gt;The problems under study in this research project include&lt;br/&gt;* estimating Dehn functions of metabelian groups;&lt;br/&gt;* constructing actions of hyperbolic groups resembling Tarski monster groups;&lt;br/&gt;* constructing simple groups that admit highly transitive actions;&lt;br/&gt;* describing all possible Tarski numbers of groups; and&lt;br/&gt;* finding an amenable group with all asymptotic cones tree-graded.&lt;br/&gt;The results of the project will advance understanding of asymptotic methods in group theory.</AbstractNarration>
    <MinAmdLetterDate>04/29/2015</MinAmdLetterDate>
    <MaxAmdLetterDate>02/28/2017</MaxAmdLetterDate>
    <ARRAAmount/>
    <AwardID>1500180</AwardID>
    <Investigator>
      <FirstName>Mark</FirstName>
      <LastName>Sapir</LastName>
      <EmailAddress>m.sapir@vanderbilt.edu</EmailAddress>
      <StartDate>04/29/2015</StartDate>
      <EndDate/>
      <RoleCode>Co-Principal Investigator</RoleCode>
    </Investigator>
    <Investigator>
      <FirstName>Alexander</FirstName>
      <LastName>Olshanskiy</LastName>
      <EmailAddress>alexander.olshanskiy@vanderbilt.edu</EmailAddress>
      <StartDate>04/29/2015</StartDate>
      <EndDate/>
      <RoleCode>Principal Investigator</RoleCode>
    </Investigator>
    <Institution>
      <Name>Vanderbilt University</Name>
      <CityName>Nashville</CityName>
      <ZipCode>372350002</ZipCode>
      <PhoneNumber>6153222631</PhoneNumber>
      <StreetAddress>Sponsored Programs Administratio</StreetAddress>
      <CountryName>United States</CountryName>
      <StateName>Tennessee</StateName>
      <StateCode>TN</StateCode>
    </Institution>
    <ProgramElement>
      <Code>1264</Code>
      <Text>ALGEBRA,NUMBER THEORY,AND COM</Text>
    </ProgramElement>
    <ProgramElement>
      <Code>1267</Code>
      <Text>TOPOLOGY</Text>
    </ProgramElement>
    <ProgramReference>
      <Code>9150</Code>
      <Text>EXP PROG TO STIM COMP RES</Text>
    </ProgramReference>
    <ProgramReference>
      <Code>9251</Code>
      <Text>RES EXPER FOR UNDERGRAD-SUPPLT</Text>
    </ProgramReference>
  </Award>
</rootTag>
