<?xml version="1.0" encoding="UTF-8"?>
<rootTag>
<Award>
<AwardTitle>Elliptic Boundary Problems and Evolution Equations in Partial Differential Equations</AwardTitle>
<AwardEffectiveDate>06/01/2015</AwardEffectiveDate>
<AwardExpirationDate>05/31/2018</AwardExpirationDate>
<AwardAmount>180000</AwardAmount>
<AwardInstrument>
<Value>Continuing grant</Value>
</AwardInstrument>
<Organization>
<Code>03040000</Code>
<Directorate>
<LongName>Direct For Mathematical &amp; Physical Scien</LongName>
</Directorate>
<Division>
<LongName>Division Of Mathematical Sciences</LongName>
</Division>
</Organization>
<ProgramOfficer>
<SignBlockName>Bruce P. Palka</SignBlockName>
</ProgramOfficer>
<AbstractNarration>In this project the principal investigator will tackle problems in two areas in partial differential equations.  The first involves equations for functions that vary with space but not with time.  Such stationary problems model many physical systems in equilibrium, from static electric fields to configurations of elastic bodies, and also arise in fundamental investigations in mathematical analysis, including potential theory and analytic function theory.  Problems of this type often involve unknown functions defined on bounded regions.  One goal of this project is to extend our knowledge of how to handle such problems when the boundaries are quite rough.  The second area involves evolution equations, for functions that vary with time.  Core classes of interest in this project include equations for wave motion, both for classical waves and variants, such as Schrodinger equations and Dirac equations, whose origins lie in the motions of atoms.&lt;br/&gt;&lt;br/&gt;This project will develop tools to advance the study of elliptic systems on domains with uniformly rectifiable boundary, which is essentially the maximal class of domains on which one can use singular integral operator techniques. One class of problems that will be tackled consists of Riemann-Hilbert type problems.  These were first studied on planar domains, with piecewise smooth interfaces.  This project will develop higher dimensional versions of Riemann-Hilbert problems, on domains with uniformly rectifiable interfaces. A related study will involve a development of the index theory of Toeplitz operators on such rough domains.  The other major part of this project concerns evolution equations.  Specific problems to be tackled include studies of wave decay, via various mechanisms, some related to the formation of harmonics on stringed instruments, but in a higher dimensional context. In addition, wave decay problems will be considered on domains with rough geometry, including cases where the main geometrical hypothesis is a lower bound on the Ricci tensor, and the challenge is to develop a theory of geometrical optics in this setting.</AbstractNarration>
<MinAmdLetterDate>03/31/2015</MinAmdLetterDate>
<MaxAmdLetterDate>03/07/2016</MaxAmdLetterDate>
<ARRAAmount/>
<AwardID>1500817</AwardID>
<Investigator>
<FirstName>Michael</FirstName>
<LastName>Taylor</LastName>
<EmailAddress>met@math.unc.edu</EmailAddress>
<StartDate>03/31/2015</StartDate>
<EndDate/>
<RoleCode>Principal Investigator</RoleCode>
</Investigator>
<Institution>
<Name>University of North Carolina at Chapel Hill</Name>
<CityName>CHAPEL HILL</CityName>
<ZipCode>275991350</ZipCode>
<PhoneNumber>9199663411</PhoneNumber>
<StreetAddress>104 AIRPORT DR STE 2200</StreetAddress>
<CountryName>United States</CountryName>
<StateName>North Carolina</StateName>
<StateCode>NC</StateCode>
</Institution>
<ProgramElement>
<Code>1281</Code>
<Text>ANALYSIS PROGRAM</Text>
</ProgramElement>
</Award>
</rootTag>
