<?xml version="1.0" encoding="UTF-8"?>

<rootTag>
  <Award>
    <AwardTitle>SaTC-EDU: EAGER: Enhancing Cybersecurity Education through Peer Review</AwardTitle>
    <AwardEffectiveDate>07/15/2015</AwardEffectiveDate>
    <AwardExpirationDate>06/30/2017</AwardExpirationDate>
    <AwardAmount>229280</AwardAmount>
    <AwardInstrument>
      <Value>Standard Grant</Value>
    </AwardInstrument>
    <Organization>
      <Code>11010001</Code>
      <Directorate>
        <LongName>Direct For Education and Human Resources</LongName>
      </Directorate>
      <Division>
        <LongName>Division Of Graduate Education</LongName>
      </Division>
    </Organization>
    <ProgramOfficer>
      <SignBlockName>Victor P. Piotrowski</SignBlockName>
    </ProgramOfficer>
    <AbstractNarration>Peer-review is a well-known process by which peers evaluate one another's work. In educational settings, peer review involves students evaluating the work of classmates. Peer evaluations can serve many educational purposes: they foster comprehension skills (as students read the work of others), encourage self-assessment and meta-reflection (as students contrast their solutions to others'), demand synthesis of comments from multiple perspectives (as students combine feedback from multiple reviews), and develop professional skills around giving and receiving critique from colleagues.&lt;br/&gt;&lt;br/&gt;The skills that educational peer review attempts to foster are critical in cybersecurity: code review is part of modern industrial software practice (and has identified high-profile security bugs), security problems are multi-faceted and require developers who can synthesize needs of many stakeholders, and developers must prioritize among vulnerabilities identified through different sources and processes. Peer review, with its emphasis on developing students' reflective skills, thus promises to be a valuable mechanism in training security professionals. There are, however, many configurations of peer review, each of which could engage students in different ways. Educational research focused on linking peer review configurations to learning outcomes in cybersecurity is thus critical to using this mechanism effectively.&lt;br/&gt;&lt;br/&gt;This project will experiment with peer-review configurations in a variety of cybersecurity courses. The courses span several areas of cybersecurity (software, system, and policy), as well as both undergraduate and graduate students. The project will explore how various cybersecurity-specific learning objectives manifest through peer review. It will also yield software infrastructure for using and assessing peer review across a variety of courses and configurations. Expected deliverables from the project include observations about students' reviewing practices, refined research questions about how to use peer-review successfully in security education, and software tools that others can use for similar projects (which will be made publicly available).</AbstractNarration>
    <MinAmdLetterDate>07/15/2015</MinAmdLetterDate>
    <MaxAmdLetterDate>07/15/2015</MaxAmdLetterDate>
    <ARRAAmount/>
    <AwardID>1500039</AwardID>
    <Investigator>
      <FirstName>Kathryn</FirstName>
      <LastName>Fisler</LastName>
      <EmailAddress>kathryn_fisler@brown.edu</EmailAddress>
      <StartDate>07/15/2015</StartDate>
      <EndDate/>
      <RoleCode>Principal Investigator</RoleCode>
    </Investigator>
    <Investigator>
      <FirstName>Joshua</FirstName>
      <LastName>Guttman</LastName>
      <EmailAddress>guttman@wpi.edu</EmailAddress>
      <StartDate>07/15/2015</StartDate>
      <EndDate/>
      <RoleCode>Co-Principal Investigator</RoleCode>
    </Investigator>
    <Investigator>
      <FirstName>Craig</FirstName>
      <LastName>Shue</LastName>
      <EmailAddress>cshue@wpi.edu</EmailAddress>
      <StartDate>07/15/2015</StartDate>
      <EndDate/>
      <RoleCode>Co-Principal Investigator</RoleCode>
    </Investigator>
    <Investigator>
      <FirstName>Krishna Kumar</FirstName>
      <LastName>Venkatasubramanian</LastName>
      <EmailAddress>kven@wpi.edu</EmailAddress>
      <StartDate>07/15/2015</StartDate>
      <EndDate/>
      <RoleCode>Co-Principal Investigator</RoleCode>
    </Investigator>
    <Institution>
      <Name>Worcester Polytechnic Institute</Name>
      <CityName>WORCESTER</CityName>
      <ZipCode>016092247</ZipCode>
      <PhoneNumber>5088315000</PhoneNumber>
      <StreetAddress>100 INSTITUTE RD</StreetAddress>
      <CountryName>United States</CountryName>
      <StateName>Massachusetts</StateName>
      <StateCode>MA</StateCode>
    </Institution>
    <ProgramElement>
      <Code>8060</Code>
      <Text>Secure &amp;Trustworthy Cyberspace</Text>
    </ProgramElement>
    <ProgramReference>
      <Code>7434</Code>
      <Text>CNCI</Text>
    </ProgramReference>
    <ProgramReference>
      <Code>7916</Code>
      <Text>EAGER</Text>
    </ProgramReference>
    <ProgramReference>
      <Code>8225</Code>
      <Text>SaTC Special Projects</Text>
    </ProgramReference>
    <ProgramReference>
      <Code>9179</Code>
      <Text>GRADUATE INVOLVEMENT</Text>
    </ProgramReference>
    <ProgramReference>
      <Code>SMET</Code>
      <Text>SCIENCE, MATH, ENG &amp; TECH EDUCATION</Text>
    </ProgramReference>
  </Award>
</rootTag>
