<?xml version="1.0" encoding="UTF-8"?>

<rootTag>
  <Award>
    <AwardTitle>CyberWatch West: Securing the Cyber West</AwardTitle>
    <AwardEffectiveDate>10/01/2015</AwardEffectiveDate>
    <AwardExpirationDate>09/30/2018</AwardExpirationDate>
    <AwardAmount>2202387</AwardAmount>
    <AwardInstrument>
      <Value>Standard Grant</Value>
    </AwardInstrument>
    <Organization>
      <Code>11040100</Code>
      <Directorate>
        <LongName>Direct For Education and Human Resources</LongName>
      </Directorate>
      <Division>
        <LongName>Division Of Undergraduate Education</LongName>
      </Division>
    </Organization>
    <ProgramOfficer>
      <SignBlockName>R. Corby Hovis</SignBlockName>
    </ProgramOfficer>
    <AbstractNarration>Keeping computers and information systems secure is a major challenge. Business, industry, and government need well-prepared technicians who can prevent, detect, and investigate cybersecurity breaches, and the growth of cyber-threats has created a need for many more workers who have appropriate, specific knowledge and skills. To address these needs, CyberWatch West (CWW; http://cyberwatchwest.org), an Advanced Technological Education (ATE) regional center, will continue its activities that are strengthening and expanding cybersecurity education in the Western region of the United States. This area is home to many high-tech companies, utilities, government agencies, and nonprofit organizations, which need a healthy supply of employees with cybersecurity knowledge and skills at all levels. CWW's cybersecurity education programs, hands-on cyber competitions and training workshops, approaches to faculty and student development, and industry engagement initiatives are proven models that should be shared broadly across the West and the nation. In cooperation with industry and government partners, CWW will educate students to fill thousands of job openings in cybersecurity and will thereby address national needs for the security of critical infrastructure, defense, healthcare, and commerce.&lt;br/&gt;&lt;br/&gt;CWW was previously funded through NSF Awards DUE-1104278 and DUE-1361636. The center's mission is to strengthen the cybersecurity workforce in the Western United States by providing solutions to address the limited resources at community colleges through innovative curriculum development; building an online community for faculty professional growth and mentoring; creating a developmental pathway of competitions that facilitate growth of students' cybersecurity skills; and supporting other efforts at the state, regional, and national levels to develop and disseminate cybersecurity programs. The center will disseminate its model cybersecurity education programs throughout a 14-state region; expand curriculum development, faculty professional development, and student development opportunities; and strengthen and sustain industry partnerships to ensure up-to-date curricula as well as student internships and employment. In particular, CWW will support institutions seeking the National Center of Academic Excellence in Information Assurance 2-Year Education (CAE2Y) designation. The center will develop model curricula that meet CAE2Y Knowledge Unit (KU) criteria and National Initiative for Cybersecurity Education (NICE) criteria addressing workforce readiness. Expanding CWW's past work on "2 + 2 + 2" educational pathways, the center will develop a cybersecurity Transfer Model Curriculum (TMC) to facilitate automatic transfer for California community college students to universities in the California State University system. CWW will further serve college faculty in the region by addressing new topics and content in cybersecurity via webinars, workshops, the CWW website, and an innovative faculty mentoring program.</AbstractNarration>
    <MinAmdLetterDate>08/21/2015</MinAmdLetterDate>
    <MaxAmdLetterDate>01/10/2017</MaxAmdLetterDate>
    <ARRAAmount/>
    <AwardID>1500375</AwardID>
    <Investigator>
      <FirstName>Dan</FirstName>
      <LastName>Manson</LastName>
      <EmailAddress>dmanson@csupomona.edu</EmailAddress>
      <StartDate>08/21/2015</StartDate>
      <EndDate/>
      <RoleCode>Co-Principal Investigator</RoleCode>
    </Investigator>
    <Investigator>
      <FirstName>Nancy</FirstName>
      <LastName>Jones</LastName>
      <EmailAddress>njones@coastline.edu</EmailAddress>
      <StartDate>08/21/2015</StartDate>
      <EndDate>12/19/2016</EndDate>
      <RoleCode>Former Co-Principal Investigator</RoleCode>
    </Investigator>
    <Investigator>
      <FirstName>Tony</FirstName>
      <LastName>Coulson</LastName>
      <EmailAddress>tcoulson@csusb.edu</EmailAddress>
      <StartDate>08/21/2015</StartDate>
      <EndDate/>
      <RoleCode>Co-Principal Investigator</RoleCode>
    </Investigator>
    <Investigator>
      <FirstName>Corrinne</FirstName>
      <LastName>Sande</LastName>
      <EmailAddress>csande@whatcom.ctc.edu</EmailAddress>
      <StartDate>08/21/2015</StartDate>
      <EndDate/>
      <RoleCode>Principal Investigator</RoleCode>
    </Investigator>
    <Investigator>
      <FirstName>Stephen</FirstName>
      <LastName>Miller</LastName>
      <EmailAddress>stephen.miller@enmu.edu</EmailAddress>
      <StartDate>08/17/2016</StartDate>
      <EndDate/>
      <RoleCode>Co-Principal Investigator</RoleCode>
    </Investigator>
    <Institution>
      <Name>Whatcom Community College</Name>
      <CityName>Bellingham</CityName>
      <ZipCode>982269050</ZipCode>
      <PhoneNumber>3603833235</PhoneNumber>
      <StreetAddress>237 W. Kellogg Road</StreetAddress>
      <CountryName>United States</CountryName>
      <StateName>Washington</StateName>
      <StateCode>WA</StateCode>
    </Institution>
    <ProgramElement>
      <Code>7412</Code>
      <Text>ADVANCED TECH EDUCATION PROG</Text>
    </ProgramElement>
    <ProgramElement>
      <Code>1668</Code>
      <Text>CYBERCORPS: SCHLAR FOR SER</Text>
    </ProgramElement>
    <ProgramReference>
      <Code>1032</Code>
      <Text>ADVANCED TECHNOLOGY EDUCATION</Text>
    </ProgramReference>
    <ProgramReference>
      <Code>9178</Code>
      <Text>UNDERGRADUATE EDUCATION</Text>
    </ProgramReference>
    <ProgramReference>
      <Code>SMET</Code>
      <Text>SCIENCE, MATH, ENG &amp; TECH EDUCATION</Text>
    </ProgramReference>
    <ProgramReference>
      <Code>7434</Code>
      <Text>CNCI</Text>
    </ProgramReference>
    <ProgramReference>
      <Code>9179</Code>
      <Text>GRADUATE INVOLVEMENT</Text>
    </ProgramReference>
  </Award>
</rootTag>
