<?xml version="1.0" encoding="UTF-8"?>
<rootTag>
<Award>
<AwardTitle>Modular Representation Theory and Geometric Langlands Duality</AwardTitle>
<AwardEffectiveDate>08/01/2015</AwardEffectiveDate>
<AwardExpirationDate>07/31/2018</AwardExpirationDate>
<AwardAmount>191790</AwardAmount>
<AwardInstrument>
<Value>Standard Grant</Value>
</AwardInstrument>
<Organization>
<Code>03040000</Code>
<Directorate>
<LongName>Direct For Mathematical &amp; Physical Scien</LongName>
</Directorate>
<Division>
<LongName>Division Of Mathematical Sciences</LongName>
</Division>
</Organization>
<ProgramOfficer>
<SignBlockName>Matthew  Douglass</SignBlockName>
</ProgramOfficer>
<AbstractNarration>A matrix group is a set of invertible square matrices that contains all products and inverses of its members. Representation theory is a branch of algebra concerned with studying symmetries, especially symmetries arising from matrix groups. Modular representation theory is the branch of representation theory concerned with matrix groups whose entries come from a finite field. It has deep connections with number theory, combinatorics, and geometry. This research project aims to make advances in modular representation theory using geometric methods.&lt;br/&gt;&lt;br/&gt;This research project aims to make advances in the representation theory of algebraic groups over a field of positive characteristic via the philosophy of local geometric Langlands duality. Specifically, the PI hopes to establish a collection of derived equivalences in positive characteristic modeled on characteristic zero results. This work will lead to explicit connections between between the following notions: (i) modular representations of algebraic groups; (ii) modular perverse sheaves and parity sheaves on the affine Grassmannian and the affine flag variety; and (iii) the phenomena of Koszul and Q-Koszul duality.</AbstractNarration>
<MinAmdLetterDate>05/14/2015</MinAmdLetterDate>
<MaxAmdLetterDate>05/14/2015</MaxAmdLetterDate>
<ARRAAmount/>
<AwardID>1500890</AwardID>
<Investigator>
<FirstName>Pramod</FirstName>
<LastName>Achar</LastName>
<EmailAddress>pramod@lsu.edu</EmailAddress>
<StartDate>05/14/2015</StartDate>
<EndDate/>
<RoleCode>Principal Investigator</RoleCode>
</Investigator>
<Institution>
<Name>Louisiana State University &amp; Agricultural and Mechanical College</Name>
<CityName>Baton Rouge</CityName>
<ZipCode>708032701</ZipCode>
<PhoneNumber>2255782760</PhoneNumber>
<StreetAddress>202 Himes Hall</StreetAddress>
<CountryName>United States</CountryName>
<StateName>Louisiana</StateName>
<StateCode>LA</StateCode>
</Institution>
<ProgramElement>
<Code>1264</Code>
<Text>ALGEBRA,NUMBER THEORY,AND COM</Text>
</ProgramElement>
<ProgramReference>
<Code>9150</Code>
<Text>EXP PROG TO STIM COMP RES</Text>
</ProgramReference>
</Award>
</rootTag>
