<?xml version="1.0" encoding="UTF-8"?>

<rootTag>
  <Award>
    <AwardTitle>Doctoral Dissertation Research: Acquisition of Complex Chickasaw Linguistic Constructions in an Endangered Language Context</AwardTitle>
    <AwardEffectiveDate>07/15/2015</AwardEffectiveDate>
    <AwardExpirationDate>08/31/2017</AwardExpirationDate>
    <AwardAmount>17216</AwardAmount>
    <AwardInstrument>
      <Value>Standard Grant</Value>
    </AwardInstrument>
    <Organization>
      <Code>04040000</Code>
      <Directorate>
        <LongName>Direct For Social, Behav &amp; Economic Scie</LongName>
      </Directorate>
      <Division>
        <LongName>Division Of Behavioral and Cognitive Sci</LongName>
      </Division>
    </Organization>
    <ProgramOfficer>
      <SignBlockName>Colleen Fitzgerald</SignBlockName>
    </ProgramOfficer>
    <AbstractNarration>Learners of major world languages can acquire fluency in an additional language through formal instruction or informally through immersion in a speech community. Formal and informal learning reflect different levels and types of analytic and adaptive processes. Juliet Morgan under the direction of Racquel Yamada of the University of Oklahoma will investigate the learning processes involved in acquiring fluency in Chickasaw [cic], a Muskogean language spoken in Oklahoma by approximately 65 fluent first language speakers, all over the age of fifty. The project will explore learning processes in this unique case where formal instruction and informal exposure are highly constrained due to the low functional use of the language.&lt;br/&gt;&lt;br/&gt;Juliet Morgan will collect data from adult learners of Chickasaw involved in the Master-Apprentice language learning program. Developed specifically for teaching endangered languages, the Master-Apprentice teaching method pairs a fluent elder with a learner or group of learners who meet multiple times a week for the purpose of communicating exclusively in the endangered language. Using ethnographic and language documentation methodologies, Morgan will collect cross-sectional and longitudinal data from Chickasaw apprentices. Analyzing the input and output of these interactions, she will analyze the order of acquisition, developmental stages, and learner varieties. Morgan will focus on how the learners' use of morphosyntax (how they create words and sentences) and discourse (how they organize sentence into larger linguistic units) approximates the elder's variety. Additionally, the research will investigate how the elder fluent speakers perceive the speech of the L2 learner. &lt;br/&gt;&lt;br/&gt;Acquisition studies of indigenous languages are rare since fluent speakers and language teaching materials are often unavailable for language teaching and learning to occur. Opportunities to conduct studies of this sort are quickly declining, as the number of fluent native speakers dwindles faster than the number of emerging fluent learners. Juliet Morgan's research provides unparalleled access to information on learning with these unique set of variables. &lt;br/&gt;&lt;br/&gt;This research will have implications for the Chickasaw Nation language revitalization efforts by providing the means to assess what is most effective in the Master-Apprentice method.</AbstractNarration>
    <MinAmdLetterDate>05/07/2015</MinAmdLetterDate>
    <MaxAmdLetterDate>05/07/2015</MaxAmdLetterDate>
    <ARRAAmount/>
    <AwardID>1500730</AwardID>
    <Investigator>
      <FirstName>Racquel-Maria</FirstName>
      <LastName>Yamada</LastName>
      <EmailAddress>racquel@ou.edu</EmailAddress>
      <StartDate>05/07/2015</StartDate>
      <EndDate/>
      <RoleCode>Principal Investigator</RoleCode>
    </Investigator>
    <Investigator>
      <FirstName>Juliet</FirstName>
      <LastName>Morgan</LastName>
      <EmailAddress>juliet.morgan@ou.edu</EmailAddress>
      <StartDate>05/07/2015</StartDate>
      <EndDate/>
      <RoleCode>Co-Principal Investigator</RoleCode>
    </Investigator>
    <Institution>
      <Name>University of Oklahoma Norman Campus</Name>
      <CityName>NORMAN</CityName>
      <ZipCode>730199705</ZipCode>
      <PhoneNumber>4053254757</PhoneNumber>
      <StreetAddress>201 Stephenson Parkway</StreetAddress>
      <CountryName>United States</CountryName>
      <StateName>Oklahoma</StateName>
      <StateCode>OK</StateCode>
    </Institution>
    <ProgramElement>
      <Code>7719</Code>
      <Text>DEL</Text>
    </ProgramElement>
    <ProgramReference>
      <Code>7719</Code>
      <Text>DEL</Text>
    </ProgramReference>
    <ProgramReference>
      <Code>9150</Code>
      <Text>EXP PROG TO STIM COMP RES</Text>
    </ProgramReference>
    <ProgramReference>
      <Code>9179</Code>
      <Text>GRADUATE INVOLVEMENT</Text>
    </ProgramReference>
  </Award>
</rootTag>
