<?xml version="1.0" encoding="UTF-8"?>
<rootTag>
<Award>
<AwardTitle>Algebraic combinatorics: symmetric orbit closures and Schubert calculus</AwardTitle>
<AwardEffectiveDate>06/01/2015</AwardEffectiveDate>
<AwardExpirationDate>05/31/2018</AwardExpirationDate>
<AwardAmount>220428</AwardAmount>
<AwardInstrument>
<Value>Standard Grant</Value>
</AwardInstrument>
<Organization>
<Code>03040000</Code>
<Directorate>
<LongName>Direct For Mathematical &amp; Physical Scien</LongName>
</Directorate>
<Division>
<LongName>Division Of Mathematical Sciences</LongName>
</Division>
</Organization>
<ProgramOfficer>
<SignBlockName>Tomek Bartoszynski</SignBlockName>
</ProgramOfficer>
<AbstractNarration>The goal of this project is to construct combinatorial models. Combinatorial problems arise in many areas of mathematics and have applications that include optimization, computer science, and statistical physics. The central focus of this research is the study of polynomial equations that appear at the interface of the study of discrete mathematics, geometry, and symmetries. A key component of this project will be the training of students (high school, undergraduate, and graduate) and postdoctoral faculty. Thereby, we wish to help strengthen the STEM education and research infrastructure in the United States.&lt;br/&gt;&lt;br/&gt;Earlier work of the investigator has led to precise connections of equivariant cohomology with spectra of Hermitian matrices, combinatorial commutative algebra with Kazhdan-Lusztig polynomials, combinatorial K-theory with longest increasing subsequences in random words, and partition combinatorics with bibliometric indicators. Such examples motivate finding broader and more unified combinatorial laws, which is the goal of this project. This research will both deepen our understanding of such connections and help discover novel relationships.</AbstractNarration>
<MinAmdLetterDate>04/28/2015</MinAmdLetterDate>
<MaxAmdLetterDate>04/28/2015</MaxAmdLetterDate>
<ARRAAmount/>
<AwardID>1500691</AwardID>
<Investigator>
<FirstName>Alexander</FirstName>
<LastName>Yong</LastName>
<EmailAddress>ayong@uiuc.edu</EmailAddress>
<StartDate>04/28/2015</StartDate>
<EndDate/>
<RoleCode>Principal Investigator</RoleCode>
</Investigator>
<Institution>
<Name>University of Illinois at Urbana-Champaign</Name>
<CityName>CHAMPAIGN</CityName>
<ZipCode>618207473</ZipCode>
<PhoneNumber>2173332187</PhoneNumber>
<StreetAddress>SUITE A</StreetAddress>
<CountryName>United States</CountryName>
<StateName>Illinois</StateName>
<StateCode>IL</StateCode>
</Institution>
<ProgramElement>
<Code>1264</Code>
<Text>ALGEBRA,NUMBER THEORY,AND COM</Text>
</ProgramElement>
<ProgramElement>
<Code>7970</Code>
<Text>Combinatorics</Text>
</ProgramElement>
<ProgramReference>
<Code>9251</Code>
<Text>RES EXPER FOR UNDERGRAD-SUPPLT</Text>
</ProgramReference>
</Award>
</rootTag>
