<?xml version="1.0" encoding="UTF-8"?>

<rootTag>
  <Award>
    <AwardTitle>SaTC-EDU: EAGER Enhancing Cybersecurity Education Through a Representational Fluency Model</AwardTitle>
    <AwardEffectiveDate>07/15/2015</AwardEffectiveDate>
    <AwardExpirationDate>06/30/2018</AwardExpirationDate>
    <AwardAmount>299376</AwardAmount>
    <AwardInstrument>
      <Value>Standard Grant</Value>
    </AwardInstrument>
    <Organization>
      <Code>11010001</Code>
      <Directorate>
        <LongName>Direct For Education and Human Resources</LongName>
      </Directorate>
      <Division>
        <LongName>Division Of Graduate Education</LongName>
      </Division>
    </Organization>
    <ProgramOfficer>
      <SignBlockName>Victor P. Piotrowski</SignBlockName>
    </ProgramOfficer>
    <AbstractNarration>Cybersecurity experts must possess several abilities: deep technical skills, the capability to recognize and respond to complex and emergent behavior, mastery of using abstractions and principles, the ability to assess risk and handle uncertainty, problem-solving and reasoning skills, and facility in adversarial thinking. Based on cognitive theory, this project will investigate the efficacy of model eliciting activities for developing students' ability to recognize and respond to complex and emergent behavior, and how to handle uncertainty and ambiguity. This project extends the theory of representational fluency, which has been proven to be a powerful tool to effectively teach complex concepts in the field of Science and Mathematics to the cybersecurity domain. The findings from this project will shed light on how representational fluency can shape the cognitive schema and cultivate the cybersecurity mindset.&lt;br/&gt;&lt;br/&gt;The goals of this project are to: 1) develop model eliciting educational activities that teach network security related concepts using and translating among multiple representations, 2) investigate students' representational fluency and schema of these concepts, and 3) investigate the relationship of students' development of schema and changes in their cognitive processing and control. While the context for this educational research will be network security and the students will be at the undergraduate level, the theory and framework built through this research should be relevant to other knowledge areas in cybersecurity and applicable to different levels of students and professionals in different settings including university classroom or adult continuous education.</AbstractNarration>
    <MinAmdLetterDate>07/08/2015</MinAmdLetterDate>
    <MaxAmdLetterDate>11/21/2016</MaxAmdLetterDate>
    <ARRAAmount/>
    <AwardID>1500046</AwardID>
    <Investigator>
      <FirstName>Melissa</FirstName>
      <LastName>Dark</LastName>
      <EmailAddress>dark@purdue.edu</EmailAddress>
      <StartDate>07/08/2015</StartDate>
      <EndDate/>
      <RoleCode>Co-Principal Investigator</RoleCode>
    </Investigator>
    <Investigator>
      <FirstName>Yingjie Victor</FirstName>
      <LastName>Chen</LastName>
      <EmailAddress>victorchen@purdue.edu</EmailAddress>
      <StartDate>07/08/2015</StartDate>
      <EndDate/>
      <RoleCode>Co-Principal Investigator</RoleCode>
    </Investigator>
    <Investigator>
      <FirstName>Samuel</FirstName>
      <LastName>Wagstaff</LastName>
      <EmailAddress>ssw@cerias.purdue.edu</EmailAddress>
      <StartDate>11/21/2016</StartDate>
      <EndDate/>
      <RoleCode>Co-Principal Investigator</RoleCode>
    </Investigator>
    <Investigator>
      <FirstName>Baijian</FirstName>
      <LastName>Yang</LastName>
      <EmailAddress>byang@purdue.edu</EmailAddress>
      <StartDate>07/08/2015</StartDate>
      <EndDate/>
      <RoleCode>Principal Investigator</RoleCode>
    </Investigator>
    <Investigator>
      <FirstName>Alejandra</FirstName>
      <LastName>Magana-de-Leon</LastName>
      <EmailAddress>admagana@purdue.edu</EmailAddress>
      <StartDate>07/08/2015</StartDate>
      <EndDate>12/01/2015</EndDate>
      <RoleCode>Former Co-Principal Investigator</RoleCode>
    </Investigator>
    <Investigator>
      <FirstName>Jenny</FirstName>
      <LastName>Daugherty</LastName>
      <EmailAddress>jdaugherty@lsu.edu</EmailAddress>
      <StartDate>12/01/2015</StartDate>
      <EndDate>09/15/2016</EndDate>
      <RoleCode>Former Co-Principal Investigator</RoleCode>
    </Investigator>
    <Institution>
      <Name>Purdue University</Name>
      <CityName>West Lafayette</CityName>
      <ZipCode>479072114</ZipCode>
      <PhoneNumber>7654941055</PhoneNumber>
      <StreetAddress>Young Hall</StreetAddress>
      <CountryName>United States</CountryName>
      <StateName>Indiana</StateName>
      <StateCode>IN</StateCode>
    </Institution>
    <ProgramElement>
      <Code>8060</Code>
      <Text>Secure &amp;Trustworthy Cyberspace</Text>
    </ProgramElement>
    <ProgramReference>
      <Code>7916</Code>
      <Text>EAGER</Text>
    </ProgramReference>
    <ProgramReference>
      <Code>9179</Code>
      <Text>GRADUATE INVOLVEMENT</Text>
    </ProgramReference>
    <ProgramReference>
      <Code>SMET</Code>
      <Text>SCIENCE, MATH, ENG &amp; TECH EDUCATION</Text>
    </ProgramReference>
    <ProgramReference>
      <Code>7434</Code>
      <Text>CNCI</Text>
    </ProgramReference>
    <ProgramReference>
      <Code>8225</Code>
      <Text>SaTC Special Projects</Text>
    </ProgramReference>
  </Award>
</rootTag>
