<?xml version="1.0" encoding="UTF-8"?>

<rootTag>
  <Award>
    <AwardTitle>PFI:AIR - TT: Improving Performance and Reducing Costs for Phased Array Weather Radar</AwardTitle>
    <AwardEffectiveDate>04/01/2015</AwardEffectiveDate>
    <AwardExpirationDate>09/30/2016</AwardExpirationDate>
    <AwardAmount>199394</AwardAmount>
    <AwardInstrument>
      <Value>Standard Grant</Value>
    </AwardInstrument>
    <Organization>
      <Code>07070000</Code>
      <Directorate>
        <LongName>Directorate For Engineering</LongName>
      </Directorate>
      <Division>
        <LongName>Div Of Industrial Innovation &amp; Partnersh</LongName>
      </Division>
    </Organization>
    <ProgramOfficer>
      <SignBlockName>Barbara H. Kenny</SignBlockName>
    </ProgramOfficer>
    <AbstractNarration>This PFI: AIR Technology Translation project focuses on translating a technique to correct polarization errors in phased-array antennas enabling their use in dual polarization weather radar applications. The Interleaved Sparse Array (ISA) technique is important because it augments the enhanced scanning capabilities of phased-array radar and may lead to cheaper and smaller weather radars with appropriate accuracy in places where traditional weather radars are cost- and space-prohibitive. This can lead to the preservation of human life, better management of agriculture, and better preparedness for weather-related events. The project will result in a proof-of-concept demonstration of the ISA technique that will enable dual-polarization phased-array weather radars to achieve necessary polarization purity for weather and hydrological applications in a cost-effective manner. &lt;br/&gt;&lt;br/&gt;In phased-array antennas, each element of the array not only radiates its requested polarization, but also emits an unwanted cross-polarized signal. The ISA technique is a correction that is applied after manufacturing and switches the polarization of some of the antenna elements in order to cancel the cross-polarized signal of the remainder of the array, or to adjust the overall radiated polarization. To do so, the antenna elements need to be characterized to determine the number and position of the elements to be switched. This project addresses how to cost effectively characterize the antenna elements and how to evaluate the resulting performance so that ISA may be applied to commercial products. In addition to the technical work, personnel involved in this project, including a postdoctoral student, will conduct literature and patent searches related to prior art, work with the university technology office on protecting any intellectual property generated, develop marketing collateral, and work with industrial collaborators and other potential licensees on identifying first adopters of the technology for prototype demonstrations.</AbstractNarration>
    <MinAmdLetterDate>03/23/2015</MinAmdLetterDate>
    <MaxAmdLetterDate>03/23/2015</MaxAmdLetterDate>
    <ARRAAmount/>
    <AwardID>1500097</AwardID>
    <Investigator>
      <FirstName>Stephen</FirstName>
      <LastName>Frasier</LastName>
      <EmailAddress>frasier@umass.edu</EmailAddress>
      <StartDate>03/23/2015</StartDate>
      <EndDate/>
      <RoleCode>Principal Investigator</RoleCode>
    </Investigator>
    <Institution>
      <Name>University of Massachusetts Amherst</Name>
      <CityName>Hadley</CityName>
      <ZipCode>010359450</ZipCode>
      <PhoneNumber>4135450698</PhoneNumber>
      <StreetAddress>Research Administration Building</StreetAddress>
      <CountryName>United States</CountryName>
      <StateName>Massachusetts</StateName>
      <StateCode>MA</StateCode>
    </Institution>
    <ProgramElement>
      <Code>8019</Code>
      <Text>Accelerating Innovation Rsrch</Text>
    </ProgramElement>
    <ProgramReference>
      <Code>8019</Code>
      <Text>Accelerating Innovation Rsrch</Text>
    </ProgramReference>
  </Award>
</rootTag>
