<?xml version="1.0" encoding="UTF-8"?>
<rootTag>
<Award>
<AwardTitle>PFI:AIR - TT:  Development of Tools and Methods for Extended Maturity Analysis of Concrete</AwardTitle>
<AwardEffectiveDate>04/01/2015</AwardEffectiveDate>
<AwardExpirationDate>09/30/2017</AwardExpirationDate>
<AwardAmount>200000</AwardAmount>
<AwardInstrument>
<Value>Standard Grant</Value>
</AwardInstrument>
<Organization>
<Code>07070000</Code>
<Directorate>
<LongName>Directorate For Engineering</LongName>
</Directorate>
<Division>
<LongName>Div Of Industrial Innovation &amp; Partnersh</LongName>
</Division>
</Organization>
<ProgramOfficer>
<SignBlockName>Barbara H. Kenny</SignBlockName>
</ProgramOfficer>
<AbstractNarration>This PFI: AIR Technology Translation project focuses on translating a microscale sensor of water stress and temperature for real-time monitoring of the chemical state within concrete during curing, and for refined predictions of the concrete's mechanical properties. The HydroT sensor of water status and temperature, and the Extended Maturity Analysis that it will enable, are important because they will allow for improved control of the properties of concrete during curing. Improper curing of concrete structures can cause stress that may lead to cracking and ultimate failure. Real-time sensing and monitoring of concrete curing will lead to improved functionality, increased lifetime, and a reduction in the global use of this energy-intensive material. &lt;br/&gt;&lt;br/&gt;The project will result in prototypes of the HydroT sensor, initial development of Extended Maturity Methods using these sensors in concrete curing, and an improved understanding of the priority markets for the commercialization of this technology. The HydroT sensor has the following unique features: 1) unprecedented sensitivity for the measurement of water stress in the range that is relevant in concrete. This capability will allow for water status to be incorporated, for the first time, into methods of tracking and controlling concrete properties during construction. 2) Integration of water and temperature sensing using microfabrication techniques. This approach will allow for simple, low-cost scaled-up and production by leveraging the existing capabilities of microfabrication foundries. 3) Small format and simple integration with electronics and communication. These characteristics will make the barrier for adoption by industry low. Taken together, these features mean that the HydroT technology will provide the concrete industry an important new functionality (sensing of water status) in a device that can replace the temperature probes used in conventional Maturity Analysis with similar costs and technical complexity.   &lt;br/&gt;&lt;br/&gt;To translate the HydroT Probe and Extended Maturity Analysis toward commercial application, the team will pursue advances in the understanding and technical approaches on both hardware and application fronts. These developments will involve fundamental advances in the ability to manipulate the properties of critical materials such as the porous membrane and deeper understanding of the coupling of moisture and temperature in defining maturation in important classes of concrete. Additionally, the team will pursue a deeper understanding of the market, competitors, and potential partners for manufacturing and distribution. Throughout, the team will aim to reinforce its intellectual property position and to build a core group of entrepreneurs and technical staff to carry the project into a successful start-up company. As part of the project, the personnel involved - undergraduates, graduates, and post-docs - will gain experience in innovation, entrepreneurship, and technology translation through participation in the patent application process with Cornell's technology transfer office and activities such as Cornell's Pre-Seed Workshop and technology accelerator program, eLabs.</AbstractNarration>
<MinAmdLetterDate>03/31/2015</MinAmdLetterDate>
<MaxAmdLetterDate>03/31/2015</MaxAmdLetterDate>
<ARRAAmount/>
<AwardID>1500261</AwardID>
<Investigator>
<FirstName>Chao</FirstName>
<LastName>Koi</LastName>
<EmailAddress>ck574@cornell.edu</EmailAddress>
<StartDate>03/31/2015</StartDate>
<EndDate/>
<RoleCode>Co-Principal Investigator</RoleCode>
</Investigator>
<Investigator>
<FirstName>Kenneth</FirstName>
<LastName>Hover</LastName>
<EmailAddress/>
<StartDate>03/31/2015</StartDate>
<EndDate/>
<RoleCode>Co-Principal Investigator</RoleCode>
</Investigator>
<Investigator>
<FirstName>Abraham</FirstName>
<LastName>Stroock</LastName>
<EmailAddress>ads10@cornell.edu</EmailAddress>
<StartDate>03/31/2015</StartDate>
<EndDate/>
<RoleCode>Principal Investigator</RoleCode>
</Investigator>
<Institution>
<Name>Cornell University</Name>
<CityName>Ithaca</CityName>
<ZipCode>148502820</ZipCode>
<PhoneNumber>6072555014</PhoneNumber>
<StreetAddress>373 Pine Tree Road</StreetAddress>
<CountryName>United States</CountryName>
<StateName>New York</StateName>
<StateCode>NY</StateCode>
</Institution>
<ProgramElement>
<Code>8019</Code>
<Text>Accelerating Innovation Rsrch</Text>
</ProgramElement>
<ProgramReference>
<Code>8019</Code>
<Text>Accelerating Innovation Rsrch</Text>
</ProgramReference>
</Award>
</rootTag>
