<?xml version="1.0" encoding="UTF-8"?>
<rootTag>
<Award>
<AwardTitle>SaTC-EDU: EAGER: Big Data and Security: Educating the Next-Generation Security Analysts</AwardTitle>
<AwardEffectiveDate>06/01/2015</AwardEffectiveDate>
<AwardExpirationDate>05/31/2018</AwardExpirationDate>
<AwardAmount>300000</AwardAmount>
<AwardInstrument>
<Value>Standard Grant</Value>
</AwardInstrument>
<Organization>
<Code>11010001</Code>
<Directorate>
<LongName>Direct For Education and Human Resources</LongName>
</Directorate>
<Division>
<LongName>Division Of Graduate Education</LongName>
</Division>
</Organization>
<ProgramOfficer>
<SignBlockName>Victor P. Piotrowski</SignBlockName>
</ProgramOfficer>
<AbstractNarration>The project develops a new curriculum to educate next-generation security analysis.  The new curriculum attempts to integrate two very distinct areas, data analysis and security.  In particular, new labs and projects in existing courses for security are redesigned to make students naturally exposed to learn big data processing techniques with real-world examples. For example, "large-scale malware analytics" will be provided in Information Security Lab (CS6265), and similarly "large-scale static and dynamic analysis" will be provided in "Software Analysis and Testing" (CS 6340) at Georgia Tech.  To broaden our efforts, all materials and resources (e.g., new course materials, labs and related tools) will be shared as online training modules publicly available so that the educational communities can adopt the data-driven approach in their education.  As a result, the number as well as the quality of security analysts can be vastly increased, and hence our government and industries can be much more effective in securing the cyberspace.</AbstractNarration>
<MinAmdLetterDate>06/04/2015</MinAmdLetterDate>
<MaxAmdLetterDate>06/04/2015</MaxAmdLetterDate>
<ARRAAmount/>
<AwardID>1500084</AwardID>
<Investigator>
<FirstName>Wenke</FirstName>
<LastName>Lee</LastName>
<EmailAddress>wenke@cc.gatech.edu</EmailAddress>
<StartDate>06/04/2015</StartDate>
<EndDate/>
<RoleCode>Co-Principal Investigator</RoleCode>
</Investigator>
<Investigator>
<FirstName>Mayur</FirstName>
<LastName>Naik</LastName>
<EmailAddress>mhnaik@cis.upenn.edu</EmailAddress>
<StartDate>06/04/2015</StartDate>
<EndDate/>
<RoleCode>Co-Principal Investigator</RoleCode>
</Investigator>
<Investigator>
<FirstName>Emmanouil</FirstName>
<LastName>Antonakakis</LastName>
<EmailAddress>manos@gatech.edu</EmailAddress>
<StartDate>06/04/2015</StartDate>
<EndDate/>
<RoleCode>Co-Principal Investigator</RoleCode>
</Investigator>
<Investigator>
<FirstName>Taesoo</FirstName>
<LastName>Kim</LastName>
<EmailAddress>taesoo@gatech.edu</EmailAddress>
<StartDate>06/04/2015</StartDate>
<EndDate/>
<RoleCode>Principal Investigator</RoleCode>
</Investigator>
<Institution>
<Name>Georgia Tech Research Corporation</Name>
<CityName>Atlanta</CityName>
<ZipCode>303320420</ZipCode>
<PhoneNumber>4048944819</PhoneNumber>
<StreetAddress>Office of Sponsored Programs</StreetAddress>
<CountryName>United States</CountryName>
<StateName>Georgia</StateName>
<StateCode>GA</StateCode>
</Institution>
<ProgramElement>
<Code>8060</Code>
<Text>Secure &amp;Trustworthy Cyberspace</Text>
</ProgramElement>
<ProgramReference>
<Code>7434</Code>
<Text>CNCI</Text>
</ProgramReference>
<ProgramReference>
<Code>7916</Code>
<Text>EAGER</Text>
</ProgramReference>
<ProgramReference>
<Code>8225</Code>
<Text>SaTC Special Projects</Text>
</ProgramReference>
<ProgramReference>
<Code>9178</Code>
<Text>UNDERGRADUATE EDUCATION</Text>
</ProgramReference>
<ProgramReference>
<Code>9179</Code>
<Text>GRADUATE INVOLVEMENT</Text>
</ProgramReference>
<ProgramReference>
<Code>SMET</Code>
<Text>SCIENCE, MATH, ENG &amp; TECH EDUCATION</Text>
</ProgramReference>
</Award>
</rootTag>
