<?xml version="1.0" encoding="UTF-8"?>
<rootTag>
<Award>
<AwardTitle>Topics in Automorphic Forms</AwardTitle>
<AwardEffectiveDate>07/01/2015</AwardEffectiveDate>
<AwardExpirationDate>06/30/2018</AwardExpirationDate>
<AwardAmount>201600</AwardAmount>
<AwardInstrument>
<Value>Continuing grant</Value>
</AwardInstrument>
<Organization>
<Code>03040000</Code>
<Directorate>
<LongName>Direct For Mathematical &amp; Physical Scien</LongName>
</Directorate>
<Division>
<LongName>Division Of Mathematical Sciences</LongName>
</Division>
</Organization>
<ProgramOfficer>
<SignBlockName>Matthew  Douglass</SignBlockName>
</ProgramOfficer>
<AbstractNarration>Fourier analysis implies that functions that are periodic -- for example, quantities depending on time that repeat their previous value a fixed amount of time later -- can be realized as sums of trigonometric functions.  Functions with more complicated, non-commutative, periodicities are at the heart of modern number theory.  A fundamental vision of Langlands predicts connections between such functions and symmetries related to arithmetic, that is, coming from roots of polynomial equations.  This proposal is concerned with periodic functions in a new guise, when the functions are defined not on a group but on a finite cover of a group. This blends arithmetic and analysis in a new way.  Moreover, the techniques to be studied may have connections to constructions in mathematical physics.&lt;br/&gt;&lt;br/&gt;The main objects of study in this project are automorphic forms on covering groups.  The principal investigator will focus first on Eisenstein series, which are obtained by an averaging process.  Many of the standard tools from automorphic forms do not carry over (e.g. Whittaker functionals are typically not unique), but a surprising picture blending representation theory (canonical bases,  Mirkovi\'c-Vilonen cycles) and number theory is emerging.  The principal investigator will investigate these and and their number-theoretic applications. He also will study the residues of metaplectic Eisenstein series, "higher theta series."  There is much to be done to understand the unipotent orbits attached to these objects, to develop relations between such series on different groups, and to use them both globally and in local constructions. A third project concerns unique functionals and Iwahori Hecke algebras.  It offers the potential for new constructions of unique functionals.</AbstractNarration>
<MinAmdLetterDate>05/15/2015</MinAmdLetterDate>
<MaxAmdLetterDate>04/24/2017</MaxAmdLetterDate>
<ARRAAmount/>
<AwardID>1500977</AwardID>
<Investigator>
<FirstName>Solomon</FirstName>
<LastName>Friedberg</LastName>
<EmailAddress>friedber@bc.edu</EmailAddress>
<StartDate>05/15/2015</StartDate>
<EndDate/>
<RoleCode>Principal Investigator</RoleCode>
</Investigator>
<Institution>
<Name>Boston College</Name>
<CityName>Chestnut Hill</CityName>
<ZipCode>024673800</ZipCode>
<PhoneNumber>6175528000</PhoneNumber>
<StreetAddress>140 Commonwealth Avenue</StreetAddress>
<CountryName>United States</CountryName>
<StateName>Massachusetts</StateName>
<StateCode>MA</StateCode>
</Institution>
<ProgramElement>
<Code>1264</Code>
<Text>ALGEBRA,NUMBER THEORY,AND COM</Text>
</ProgramElement>
</Award>
</rootTag>
