<?xml version="1.0" encoding="UTF-8"?>
<rootTag>
<Award>
<AwardTitle>Problems in Operator Theory</AwardTitle>
<AwardEffectiveDate>07/01/2015</AwardEffectiveDate>
<AwardExpirationDate>06/30/2018</AwardExpirationDate>
<AwardAmount>99855</AwardAmount>
<AwardInstrument>
<Value>Continuing grant</Value>
</AwardInstrument>
<Organization>
<Code>03040000</Code>
<Directorate>
<LongName>Direct For Mathematical &amp; Physical Scien</LongName>
</Directorate>
<Division>
<LongName>Division Of Mathematical Sciences</LongName>
</Division>
</Organization>
<ProgramOfficer>
<SignBlockName>Bruce P. Palka</SignBlockName>
</ProgramOfficer>
<AbstractNarration>Analysis of operators and inherent phenomena of noncommutativity have been developing in response to refinement of physical models of the world as well as to advancement of other sciences and technology. This project is devoted to open problems in operator theory that arise in mathematical physics, noncommutative analysis and geometry, and the theory of single-variable and multivariate operator functions. The project is also designed to strengthen connections between several areas of mathematics, contribute to general education, and enhance student research.&lt;br/&gt;&lt;br/&gt;The proposed topics include establishing properties of operator functions with noncommuting arguments that are similar to classical properties of the respective scalar functions, understanding the impact of perturbations on spectral subspaces of operators, and studying the structure of elements belonging to operator algebras. The essence of the proposed research consists in developing innovative methods for handling different effects of noncommutativity that appear in the problems, and beyond. Such methods are expected to emerge from subtle synthesis of various techniques in analysis and operator theory.</AbstractNarration>
<MinAmdLetterDate>04/16/2015</MinAmdLetterDate>
<MaxAmdLetterDate>04/16/2015</MaxAmdLetterDate>
<ARRAAmount/>
<AwardID>1500704</AwardID>
<Investigator>
<FirstName>Anna</FirstName>
<LastName>Skripka</LastName>
<EmailAddress>skripka@math.unm.edu</EmailAddress>
<StartDate>04/16/2015</StartDate>
<EndDate/>
<RoleCode>Principal Investigator</RoleCode>
</Investigator>
<Institution>
<Name>University of New Mexico</Name>
<CityName>Albuquerque</CityName>
<ZipCode>871310001</ZipCode>
<PhoneNumber>5052774186</PhoneNumber>
<StreetAddress>1700 Lomas Blvd. NE, Suite 2200</StreetAddress>
<CountryName>United States</CountryName>
<StateName>New Mexico</StateName>
<StateCode>NM</StateCode>
</Institution>
<ProgramElement>
<Code>1281</Code>
<Text>ANALYSIS PROGRAM</Text>
</ProgramElement>
<ProgramReference>
<Code>9150</Code>
<Text>EXP PROG TO STIM COMP RES</Text>
</ProgramReference>
</Award>
</rootTag>
