<?xml version="1.0" encoding="UTF-8"?>

<rootTag>
  <Award>
    <AwardTitle>EAGER: Rapid Screening and Identification of Organisms which Hyper-Accumulate Metals</AwardTitle>
    <AwardEffectiveDate>09/01/2015</AwardEffectiveDate>
    <AwardExpirationDate>08/31/2017</AwardExpirationDate>
    <AwardAmount>212000</AwardAmount>
    <AwardInstrument>
      <Value>Standard Grant</Value>
    </AwardInstrument>
    <Organization>
      <Code>07020000</Code>
      <Directorate>
        <LongName>Directorate For Engineering</LongName>
      </Directorate>
      <Division>
        <LongName>Div Of Chem, Bioeng, Env, &amp; Transp Sys</LongName>
      </Division>
    </Organization>
    <ProgramOfficer>
      <SignBlockName>Angela Lueking</SignBlockName>
    </ProgramOfficer>
    <AbstractNarration>1500815&lt;br/&gt;Srivastava&lt;br/&gt;University of Idaho&lt;br/&gt;&lt;br/&gt;Rare earth elements (REE) are considered critical materials because of their essential usage in a variety of business sectors and their potential for supply shortages and scarcity. Recovery of REE from waste streams and end-of-life products is an attractive technology, however separation of REE from these materials can be costly and involve toxic and hazardous chemicals. Microorganisms have the capacity to selectively accumulate and fractionate metals including REE but have not been deployed as a separation technology for REE. The PI proposes to develop a high risk high payoff platform technology based on microfluidic separation using dielectrophoresis (DEP). The proposed work is anticipated to transform the screening of biomaterials by providing a highly adaptable means for high-throughput screening of superior performing biomaterials. &lt;br/&gt;&lt;br/&gt;The proposed work will be accomplished through 1) utilizing computational fluid dynamics to design and simulate a variety of DEP microdevices as a means for separation of OHMs and, 2) construction and validation of the microdevice using two very different model microorganisms, Acidithiobacillus ferrooxidans and Cupriavidus necator. &lt;br/&gt;&lt;br/&gt;Development of a rapid screening tool for identification and separation of these high performing organisms would significantly enhance and accelerate screening and development of microorganisms used in biosorption of all types, not just specific to metals; providing a greener and potentially more cost effective technological solution to separation challenges.</AbstractNarration>
    <MinAmdLetterDate>08/30/2015</MinAmdLetterDate>
    <MaxAmdLetterDate>05/26/2016</MaxAmdLetterDate>
    <ARRAAmount/>
    <AwardID>1500815</AwardID>
    <Investigator>
      <FirstName>Soumya</FirstName>
      <LastName>Srivastava</LastName>
      <EmailAddress>srivastavask@uidaho.edu</EmailAddress>
      <StartDate>08/30/2015</StartDate>
      <EndDate/>
      <RoleCode>Principal Investigator</RoleCode>
    </Investigator>
    <Investigator>
      <FirstName>James</FirstName>
      <LastName>Moberly</LastName>
      <EmailAddress>jgmoberly@uidaho.edu</EmailAddress>
      <StartDate>08/30/2015</StartDate>
      <EndDate/>
      <RoleCode>Co-Principal Investigator</RoleCode>
    </Investigator>
    <Institution>
      <Name>University of Idaho</Name>
      <CityName>MOSCOW</CityName>
      <ZipCode>838443020</ZipCode>
      <PhoneNumber>2088856651</PhoneNumber>
      <StreetAddress>Office of Sponsored Programs</StreetAddress>
      <CountryName>United States</CountryName>
      <StateName>Idaho</StateName>
      <StateCode>ID</StateCode>
    </Institution>
    <ProgramElement>
      <Code>1417</Code>
      <Text>Process Separations</Text>
    </ProgramElement>
    <ProgramReference>
      <Code>136E</Code>
      <Text>Chemical Separation Processes</Text>
    </ProgramReference>
    <ProgramReference>
      <Code>7916</Code>
      <Text>EAGER</Text>
    </ProgramReference>
    <ProgramReference>
      <Code>9150</Code>
      <Text>EXP PROG TO STIM COMP RES</Text>
    </ProgramReference>
    <ProgramReference>
      <Code>9251</Code>
      <Text>RES EXPER FOR UNDERGRAD-SUPPLT</Text>
    </ProgramReference>
  </Award>
</rootTag>
