<?xml version="1.0" encoding="UTF-8"?>

<rootTag>
  <Award>
    <AwardTitle>Multi-disciplinary Conference Investigating Tlingit Indigenous Place Names, Language and History</AwardTitle>
    <AwardEffectiveDate>08/01/2015</AwardEffectiveDate>
    <AwardExpirationDate>07/31/2016</AwardExpirationDate>
    <AwardAmount>50000</AwardAmount>
    <AwardInstrument>
      <Value>Standard Grant</Value>
    </AwardInstrument>
    <Organization>
      <Code>04040000</Code>
      <Directorate>
        <LongName>Direct For Social, Behav &amp; Economic Scie</LongName>
      </Directorate>
      <Division>
        <LongName>Division Of Behavioral and Cognitive Sci</LongName>
      </Division>
    </Organization>
    <ProgramOfficer>
      <SignBlockName>Colleen Fitzgerald</SignBlockName>
    </ProgramOfficer>
    <AbstractNarration>Insights into language are enriched through cross-disciplinary investigation. The Indigenous Place Names, Language, and History conference will bring together experts in biology, traditional ecological knowledge, archaeology, linguistics, museum studies, cultural anthropology, education, ethnohistory, art, music, and indigenous law to share information from many perspectives on Tlingit (tli) language and culture. In addition to social scientists and humanities experts, the conference will include equal participation and presentations from Tlingit speakers and other tradition bearers who hold keys to contextualize linguistic and cultural findings. Under the direction of Alice Taff of Tlingit Readers, Incorporated, this Clan conference will generate knowledge on place names from coastal Southeastern Alaska from Yakutat south to Ketchikan. &lt;br/&gt;&lt;br/&gt;Conference proceedings and presentations will be archived at the SeaAlaska Heritage Institute, Alaska State Library, and clanconference.org websites. The session will be available for viewing at clanconference.org.</AbstractNarration>
    <MinAmdLetterDate>07/24/2015</MinAmdLetterDate>
    <MaxAmdLetterDate>07/24/2015</MaxAmdLetterDate>
    <ARRAAmount/>
    <AwardID>1500824</AwardID>
    <Investigator>
      <FirstName>Alice</FirstName>
      <LastName>Taff</LastName>
      <EmailAddress>alicetaff@gmail.com</EmailAddress>
      <StartDate>07/24/2015</StartDate>
      <EndDate/>
      <RoleCode>Principal Investigator</RoleCode>
    </Investigator>
    <Institution>
      <Name>Tlingit Readers, Inc.</Name>
      <CityName>Juneau</CityName>
      <ZipCode>998010000</ZipCode>
      <PhoneNumber>9077962923</PhoneNumber>
      <StreetAddress>503 W 10th St</StreetAddress>
      <CountryName>United States</CountryName>
      <StateName>Alaska</StateName>
      <StateCode>AK</StateCode>
    </Institution>
    <ProgramElement>
      <Code>7719</Code>
      <Text>DEL</Text>
    </ProgramElement>
    <ProgramReference>
      <Code>1311</Code>
      <Text>LINGUISTICS</Text>
    </ProgramReference>
    <ProgramReference>
      <Code>5221</Code>
      <Text>ARCTIC SOCIAL SCIENCES</Text>
    </ProgramReference>
    <ProgramReference>
      <Code>7556</Code>
      <Text>CONFERENCE AND WORKSHOPS</Text>
    </ProgramReference>
    <ProgramReference>
      <Code>7719</Code>
      <Text>DEL</Text>
    </ProgramReference>
    <ProgramReference>
      <Code>9150</Code>
      <Text>EXP PROG TO STIM COMP RES</Text>
    </ProgramReference>
  </Award>
</rootTag>
