<?xml version="1.0" encoding="UTF-8"?>
<rootTag>
<Award>
<AwardTitle>CAREER:  Parallel Dynamic Meshing Techniques for Simulation-Assisted Medical Interventions</AwardTitle>
<AwardEffectiveDate>10/01/2014</AwardEffectiveDate>
<AwardExpirationDate>01/31/2017</AwardExpirationDate>
<AwardAmount>276572</AwardAmount>
<AwardInstrument>
<Value>Standard Grant</Value>
</AwardInstrument>
<Organization>
<Code>05090000</Code>
<Directorate>
<LongName>Direct For Computer &amp; Info Scie &amp; Enginr</LongName>
</Directorate>
<Division>
<LongName>Office of Advanced Cyberinfrastructure (OAC)</LongName>
</Division>
</Organization>
<ProgramOfficer>
<SignBlockName>Sushil Prasad</SignBlockName>
</ProgramOfficer>
<AbstractNarration>The investigators will research and develop parallel dynamic meshing algorithms, theory, and software for use in the patient-specific design of inferior vena cava (IVC) filters for improved treatment of deep vein thrombosis (DVT).  This life-threatening disease results when blood clots form in a deep vein; DVT effects over 2,000,000 people in the U.S. each year.  A mechanical filter is often placed in the IVC in order to trap a moving blood clot before it reaches the heart.  A typical doctor uses only one or two types of filters when treating his patients rather than selecting the most appropriate IVC filter for his patient's condition.  Current computational simulations of blood clot entrapment by IVC filters are of low accuracy.  Hence, techniques to generate accurate meshes of the IVC and surrounding veins, IVC filter, and blood clots for use in such simulations will be developed. &lt;br/&gt;&lt;br/&gt;The investigators will develop novel, parallel dynamic meshing techniques to generate accurate meshes of the IVC and surrounding veins, IVC filter, and blood clots.  The investigators will develop parallel mesh warping algorithms and muticore software for updating the meshes in response to patient-specific deformations.  Parallel geometric and topological mesh optimization methods in order to improve the quality of the meshes will be developed.  The algorithms will be encapsulated in the form of a parallel dynamic meshing toolkit for simulation-assisted medical interventions.  In addition, the researchers will develop a theoretical framework for dynamic meshing for improved quantitative understanding of deformations.  Educational activities at the college- and pre-college level will be designed to build pathways for women and underrepresented students to pursue computational science.</AbstractNarration>
<MinAmdLetterDate>10/16/2014</MinAmdLetterDate>
<MaxAmdLetterDate>08/04/2016</MaxAmdLetterDate>
<ARRAAmount/>
<AwardID>1500487</AwardID>
<Investigator>
<FirstName>Suzanne</FirstName>
<LastName>Shontz</LastName>
<EmailAddress>shontz@ku.edu</EmailAddress>
<StartDate>10/16/2014</StartDate>
<EndDate/>
<RoleCode>Principal Investigator</RoleCode>
</Investigator>
<Institution>
<Name>University of Kansas Center for Research Inc</Name>
<CityName>LAWRENCE</CityName>
<ZipCode>660457568</ZipCode>
<PhoneNumber>7858643441</PhoneNumber>
<StreetAddress>2385 IRVING HILL RD</StreetAddress>
<CountryName>United States</CountryName>
<StateName>Kansas</StateName>
<StateCode>KS</StateCode>
</Institution>
<ProgramElement>
<Code>1045</Code>
<Text>CAREER: FACULTY EARLY CAR DEV</Text>
</ProgramElement>
<ProgramElement>
<Code>8004</Code>
<Text>Software Institutes</Text>
</ProgramElement>
<ProgramReference>
<Code>1045</Code>
<Text>CAREER: FACULTY EARLY CAR DEV</Text>
</ProgramReference>
<ProgramReference>
<Code>1187</Code>
<Text>PECASE- eligible</Text>
</ProgramReference>
<ProgramReference>
<Code>7433</Code>
<Text>CyberInfra Frmwrk 21st (CIF21)</Text>
</ProgramReference>
<ProgramReference>
<Code>8004</Code>
<Text>Software Institutes</Text>
</ProgramReference>
<ProgramReference>
<Code>9150</Code>
<Text>EXP PROG TO STIM COMP RES</Text>
</ProgramReference>
<ProgramReference>
<Code>9251</Code>
<Text>RES EXPER FOR UNDERGRAD-SUPPLT</Text>
</ProgramReference>
</Award>
</rootTag>
