<?xml version="1.0" encoding="UTF-8"?>
<rootTag>
<Award>
<AwardTitle>Detecting the Signature of Permafrost Thaw in Arctic Rivers</AwardTitle>
<AwardEffectiveDate>09/04/2014</AwardEffectiveDate>
<AwardExpirationDate>01/31/2017</AwardExpirationDate>
<AwardAmount>435075</AwardAmount>
<AwardInstrument>
<Value>Standard Grant</Value>
</AwardInstrument>
<Organization>
<Code>06090300</Code>
<Directorate>
<LongName>Directorate For Geosciences</LongName>
</Directorate>
<Division>
<LongName>Office of Polar Programs (OPP)</LongName>
</Division>
</Organization>
<ProgramOfficer>
<SignBlockName>Peter J. Milne</SignBlockName>
</ProgramOfficer>
<AbstractNarration>Abstract&lt;br/&gt;&lt;br/&gt;Global warming mobilization of the large (up to 50% of global) reservoirs of reduced organic carbon associated with northern permafrost regions of the Arctic, and conversion to radiatively important atmospheric (greenhouse) gases such as CO2 and CH4 presents a positive warming feed back of potentially considerable strength. &lt;br/&gt;&lt;br/&gt;Currently there is  a lack of understanding of how fast and to what extent this stored organic matter is microbially transformed within Arctic watersheds and Arctic coastal systems. Despite the marked ?old? (14C depleted) label of permafrost carbon compared to contemporary organic matter, the comparitive lack of an ?aged? C signature in the downstream Arctic river systems presents something of a conundrum. Further, the rapid remineralization of permafrost reduced carbon is not consistent with the notion that reduced (permafrost) carbon is  recalcitrant.&lt;br/&gt;&lt;br/&gt;This research aims to examine the partition, chemical and isotopic compositions, and ages of carbon species, including organic and inorganic/dissolved and particulate carbon, as well as lignin/lipid biomarkers in three subarctic/arctic rivers (Chena, Porcupine, and Sagavanirktok) and  their basins. This will enable a comparison along a latitudinal gradient covering sporadic, discontinuous and continuous permafrost exposures, as well as along temporal scales from initial spring freshet to full summer and fall season and freeze-up.</AbstractNarration>
<MinAmdLetterDate>02/04/2015</MinAmdLetterDate>
<MaxAmdLetterDate>02/04/2015</MaxAmdLetterDate>
<ARRAAmount/>
<AwardID>1500169</AwardID>
<Investigator>
<FirstName>Robert</FirstName>
<LastName>Spencer</LastName>
<EmailAddress>rgspencer@fsu.edu</EmailAddress>
<StartDate>02/04/2015</StartDate>
<EndDate/>
<RoleCode>Principal Investigator</RoleCode>
</Investigator>
<Institution>
<Name>Florida State University</Name>
<CityName>TALLAHASSEE</CityName>
<ZipCode>323064166</ZipCode>
<PhoneNumber>8506445260</PhoneNumber>
<StreetAddress>874 Traditions Way, 3rd Floor</StreetAddress>
<CountryName>United States</CountryName>
<StateName>Florida</StateName>
<StateCode>FL</StateCode>
</Institution>
<ProgramElement>
<Code>5219</Code>
<Text>ARCTIC SYSTEM SCIENCE PROGRAM</Text>
</ProgramElement>
</Award>
</rootTag>
