<?xml version="1.0" encoding="UTF-8"?>

<rootTag>
  <Award>
    <AwardTitle>Software for enriching endangered language-annotated databases with crowd-sourced linguistic and cultural input</AwardTitle>
    <AwardEffectiveDate>04/15/2015</AwardEffectiveDate>
    <AwardExpirationDate>07/31/2018</AwardExpirationDate>
    <AwardAmount>328803</AwardAmount>
    <AwardInstrument>
      <Value>Continuing grant</Value>
    </AwardInstrument>
    <Organization>
      <Code>04040000</Code>
      <Directorate>
        <LongName>Direct For Social, Behav &amp; Economic Scie</LongName>
      </Directorate>
      <Division>
        <LongName>Division Of Behavioral and Cognitive Sci</LongName>
      </Division>
    </Organization>
    <ProgramOfficer>
      <SignBlockName>Colleen Fitzgerald</SignBlockName>
    </ProgramOfficer>
    <AbstractNarration>To understand how humans organize and relay information, linguists need to know what linguistic structures are possible in human language. Yet many languages that can tell us more about potential linguistic structures are no longer being spoken as fluent older speakers are not being replaced by younger speakers, thus making the loss of linguistic and cultural knowledge irreversible. The Documenting Endangered Languages Program supports proposals, including those that create innovative software, to facilitate the efficient, rapid, and accurate digital capture of endangered language data so that this knowledge can be collected, analyzed, and made available for speakers and scientists in perpetuity.&lt;br/&gt;&lt;br/&gt;With a three-year award Raphael Finkel of the University of Kentucky and Daniel Kaufmann of the Endangered Language Alliance will create software that allows for the rapid refinement of transcription and translation of endangered language data. The team will test their software on data collected on two languages -- Purhepecha, an isolate spoken in Mexico, and Koda, a Munda language spoken in Bangladesh and India. &lt;br/&gt;&lt;br/&gt;A central product of language documentation projects is the annotated corpus, a collection of language samples with accompanying analytic notes on specific features such as the sounds and word and sentence structure of the language. Kaufman and Finkel will write software that will provide web-based access to the corpus and make it possible for linguists and the speaker-community to search, browse, and edit the corpus. These additional participatory annotations will enrich and refine the corpus in ways and at a rate not previously possible. Thus, in addition to providing valuable data on two under-described languages, the results of this project have the potential of dramatically changing the quality of language documentation products. Data from these projects will be available at the Archive of the Indigenous languages of Latin America and the Endangered Languages Archive and Repository. The resulting software will be distributed through SourceForge.</AbstractNarration>
    <MinAmdLetterDate>04/09/2015</MinAmdLetterDate>
    <MaxAmdLetterDate>02/17/2017</MaxAmdLetterDate>
    <ARRAAmount/>
    <AwardID>1500753</AwardID>
    <Investigator>
      <FirstName>Raphael</FirstName>
      <LastName>Finkel</LastName>
      <EmailAddress>raphael@cs.uky.edu</EmailAddress>
      <StartDate>04/09/2015</StartDate>
      <EndDate/>
      <RoleCode>Principal Investigator</RoleCode>
    </Investigator>
    <Investigator>
      <FirstName>Daniel</FirstName>
      <LastName>Kaufman</LastName>
      <EmailAddress>kaufman@elalliance.org</EmailAddress>
      <StartDate>04/09/2015</StartDate>
      <EndDate/>
      <RoleCode>Co-Principal Investigator</RoleCode>
    </Investigator>
    <Institution>
      <Name>University of Kentucky Research Foundation</Name>
      <CityName>Lexington</CityName>
      <ZipCode>405260001</ZipCode>
      <PhoneNumber>8592579420</PhoneNumber>
      <StreetAddress>109 Kinkead Hall</StreetAddress>
      <CountryName>United States</CountryName>
      <StateName>Kentucky</StateName>
      <StateCode>KY</StateCode>
    </Institution>
    <ProgramElement>
      <Code>7719</Code>
      <Text>DEL</Text>
    </ProgramElement>
    <ProgramReference>
      <Code>7719</Code>
      <Text>DEL</Text>
    </ProgramReference>
    <ProgramReference>
      <Code>1311</Code>
      <Text>LINGUISTICS</Text>
    </ProgramReference>
  </Award>
</rootTag>
