<?xml version="1.0" encoding="UTF-8"?>
<rootTag>
<Award>
<AwardTitle>EL-STEC: Shared Task Evaluation Campaigns with Endangered Language Data</AwardTitle>
<AwardEffectiveDate>07/01/2015</AwardEffectiveDate>
<AwardExpirationDate>06/30/2018</AwardExpirationDate>
<AwardAmount>49997</AwardAmount>
<AwardInstrument>
<Value>Standard Grant</Value>
</AwardInstrument>
<Organization>
<Code>05020000</Code>
<Directorate>
<LongName>Direct For Computer &amp; Info Scie &amp; Enginr</LongName>
</Directorate>
<Division>
<LongName>Div Of Information &amp; Intelligent Systems</LongName>
</Division>
</Organization>
<ProgramOfficer>
<SignBlockName>Donald T. Langendoen</SignBlockName>
</ProgramOfficer>
<AbstractNarration>The combined efforts of field linguists will not be sufficient to document the thousands of languages that are expected to disappear by the end of this century. Creating a lasting record of these disappearing languages is essential since all languages provide clues about how humans learn and process language.  Language description and analysis could be facilitated by deploying computational analytic techniques on existing and ever growing repositories of digital audio and video language data.&lt;br/&gt;&lt;br/&gt;This project will organize a workshop bringing together researchers in speech and language technology,  researchers on endangered languages, field linguists, and language repository archivists to help drive the development of this computational technology.  The workshop participants will discuss how Shared Task Evaluation Campaigns (STECs)  can promote the development of speech and language technology for documenting endangered and low-resourced languages.  Designed to enable comparability across systems and leverage the costs of data preparation, Shared Task Evaluation Campaigns operationalize research problems as tasks that are open to participation by researchers with uniform data, task specifications, evaluation metrics, and open reporting of  results and system methodologies.Experience with STECs for speech and language technologies has shown that they have helped standardize shared data, create useful evaluation tools, and provide venues for publishing, comparing, and discussing results. Participants will evaluate both the language archive data available for computational processing and the types of STECs that should be undertaken.  The results of the workshop can have long term impacts through acceleration of endangered language documentation, enhancement of digital language archives, and development of novel computational techniques for low-resource languages.</AbstractNarration>
<MinAmdLetterDate>06/19/2015</MinAmdLetterDate>
<MaxAmdLetterDate>06/19/2015</MaxAmdLetterDate>
<ARRAAmount/>
<AwardID>1500157</AwardID>
<Investigator>
<FirstName>Gina-Anne</FirstName>
<LastName>Levow</LastName>
<EmailAddress>levow@uw.edu</EmailAddress>
<StartDate>06/19/2015</StartDate>
<EndDate/>
<RoleCode>Principal Investigator</RoleCode>
</Investigator>
<Institution>
<Name>University of Washington</Name>
<CityName>Seattle</CityName>
<ZipCode>981950001</ZipCode>
<PhoneNumber>2065434043</PhoneNumber>
<StreetAddress>4333 Brooklyn Ave NE</StreetAddress>
<CountryName>United States</CountryName>
<StateName>Washington</StateName>
<StateCode>WA</StateCode>
</Institution>
<ProgramElement>
<Code>7495</Code>
<Text>ROBUST INTELLIGENCE</Text>
</ProgramElement>
<ProgramReference>
<Code>1311</Code>
<Text>LINGUISTICS</Text>
</ProgramReference>
<ProgramReference>
<Code>7495</Code>
<Text>ROBUST INTELLIGENCE</Text>
</ProgramReference>
<ProgramReference>
<Code>7556</Code>
<Text>CONFERENCE AND WORKSHOPS</Text>
</ProgramReference>
<ProgramReference>
<Code>7719</Code>
<Text>DEL</Text>
</ProgramReference>
<ProgramReference>
<Code>9179</Code>
<Text>GRADUATE INVOLVEMENT</Text>
</ProgramReference>
</Award>
</rootTag>
