<?xml version="1.0" encoding="UTF-8"?>
<rootTag>
<Award>
<AwardTitle>Measure Theory and Geometric Topology in Dynamics</AwardTitle>
<AwardEffectiveDate>05/15/2015</AwardEffectiveDate>
<AwardExpirationDate>04/30/2018</AwardExpirationDate>
<AwardAmount>200920</AwardAmount>
<AwardInstrument>
<Value>Continuing grant</Value>
</AwardInstrument>
<Organization>
<Code>03040000</Code>
<Directorate>
<LongName>Direct For Mathematical &amp; Physical Scien</LongName>
</Directorate>
<Division>
<LongName>Division Of Mathematical Sciences</LongName>
</Division>
</Organization>
<ProgramOfficer>
<SignBlockName>Bruce Kitchens</SignBlockName>
</ProgramOfficer>
<AbstractNarration>The goal of Dynamical Systems theory is to describe the long run behavior of a body or of a collection of particles subject to laws of motion.  It is often the case that full knowledge of the particles' position and velocity are not exact.  As a particle moves after a unit of time (say a day), the new position is not known exactly.  In this project such systems are studied.  The goal is to show that the long run behavior of the collection of particles is governed by some probability distribution in the phase space.  The distribution should have nice geometric properties.   While the "chaotic" behavior of these system is by definition impossible to be exactly predicted there are systems which are described by algebraic equations where researchers can probabilistically study the long run behavior.&lt;br/&gt;&lt;br/&gt;The random iteration of diffeomorphisms is an important model for different types of dynamical systems. The PI plans to study these random iterations and gives a precise (as precise as possible) description of the stationary measure associated with it, particularly its geometric properties.   Once geometric properties are established, some statistical properties can be deduced as corollaries, for example, the equidistribution of almost every orbit with respect to volume. This project will develop in two additional directions.  One concerns dynamical systems with multidimensional time (i.e. actions of higher rank groups) and the other concerns classical dynamical systems (i.e. one dimensional time) displaying some uniform (though possibly partial) hyperbolicity. The unifying theme in the study is the techniques used which involve the interactions between measure theoretical and topological properties of a system. In all cases a description of relevant invariant measures is desired, how this impacts the topological dynamics and ultimately how this affects the topology of the ambient manifold. The PI also seeks intermediate interactions, for instance how the topology of the manifold imposes restrictions on the dynamics.</AbstractNarration>
<MinAmdLetterDate>05/04/2015</MinAmdLetterDate>
<MaxAmdLetterDate>06/01/2016</MaxAmdLetterDate>
<ARRAAmount/>
<AwardID>1500947</AwardID>
<Investigator>
<FirstName>Federico</FirstName>
<LastName>Rodriguez Hertz</LastName>
<EmailAddress>hertz@math.psu.edu</EmailAddress>
<StartDate>05/04/2015</StartDate>
<EndDate/>
<RoleCode>Principal Investigator</RoleCode>
</Investigator>
<Institution>
<Name>Pennsylvania State Univ University Park</Name>
<CityName>UNIVERSITY PARK</CityName>
<ZipCode>168027000</ZipCode>
<PhoneNumber>8148651372</PhoneNumber>
<StreetAddress>110 Technology Center Building</StreetAddress>
<CountryName>United States</CountryName>
<StateName>Pennsylvania</StateName>
<StateCode>PA</StateCode>
</Institution>
<ProgramElement>
<Code>1281</Code>
<Text>ANALYSIS PROGRAM</Text>
</ProgramElement>
</Award>
</rootTag>
