<?xml version="1.0" encoding="UTF-8"?>
<rootTag>
<Award>
<AwardTitle>2015-2017 LSAMP Bridge to the Doctorate: Tennessee LSAMP Bridge to the Doctorate Program at Vanderbilt University</AwardTitle>
<AwardEffectiveDate>04/01/2015</AwardEffectiveDate>
<AwardExpirationDate>03/31/2018</AwardExpirationDate>
<AwardAmount>987000</AwardAmount>
<AwardInstrument>
<Value>Standard Grant</Value>
</AwardInstrument>
<Organization>
<Code>11060000</Code>
<Directorate>
<LongName>Direct For Education and Human Resources</LongName>
</Directorate>
<Division>
<LongName>Division Of Human Resource Development</LongName>
</Division>
</Organization>
<ProgramOfficer>
<SignBlockName>Dr. A. James Hicks</SignBlockName>
</ProgramOfficer>
<AbstractNarration>The Louis Stokes Alliances for Minority Participation (LSAMP) program assists universities and colleges in diversifying the STEM workforce through their efforts at significantly increasing the numbers of students from historically underrepresented minority populations to successfully complete high quality degree programs in science, technology, engineering and mathematics (STEM) disciplines.  The LSAMP Bridge to the Doctorate (LSAMP-BD) activity provides two-year support at the post baccalaureate level for students from historically underrepresented minority populations to matriculate in STEM graduate programs with the ultimate goal of earning a doctoral degree in a STEM discipline.  Participants are selected from LSAMP institutions nationwide. The Tennessee Louis Stokes Alliance for Minority Participation (TLSAMP), under the leadership of Tennessee State University, has chosen Vanderbilt University as the first LSAMP Bridge to the Doctorate (LSAMP-BD) site managed by this alliance.  Vanderbilt University will host the 2015-2017 BD program in which a cohort of twelve LSAMP BD students will engage in STEM research, academics and professional development leading to acceptance and completion of the doctoral program. The Tennessee LSAMP graduate BD program at Vanderbilt University has the potential to promote systemic change in graduate education practices and policy, in ways that will increase the success of individual students on the doctoral pathway and the effectiveness of STEM graduate programs with a goal of diversifying America's STEM workforce. &lt;br/&gt;&lt;br/&gt;The BD program at Vanderbilt University employs a proven "toolkit" with components for innovative recruitment, engagement, retention, student tracking and dissemination that will include a mentoring e-dashboard to advance the practice of mentoring formatively and real-time for tracking student progress and development.  The toolkit also accommodates interview protocols and non-cognitive skills rubrics that has the potential to transform traditional graduate education practices. The program includes collaborations and linkages with other STEM networks and resources  as well as other graduate programs, such as NSF's Graduate Research Fellowship Program (GRFP), Alliances for Graduate Education and the Professoriate (AGEP), Centers of Research Excellence in Science and Technology (CREST) and institutional resources to ensure students successful completion of the STEM doctoral degree.  The program will be externally evaluated and students will be tracked throughout the program and into STEM careers following completion of STEM doctoral degree programs.</AbstractNarration>
<MinAmdLetterDate>03/27/2015</MinAmdLetterDate>
<MaxAmdLetterDate>03/27/2015</MaxAmdLetterDate>
<ARRAAmount/>
<AwardID>1500320</AwardID>
<Investigator>
<FirstName>Knowles</FirstName>
<LastName>Overholser</LastName>
<EmailAddress>k.a.overholser@vanderbilt.edu</EmailAddress>
<StartDate>03/27/2015</StartDate>
<EndDate/>
<RoleCode>Co-Principal Investigator</RoleCode>
</Investigator>
<Investigator>
<FirstName>Lonnie</FirstName>
<LastName>Sharpe</LastName>
<EmailAddress>sharpe@coe.tsuniv.edu</EmailAddress>
<StartDate>03/27/2015</StartDate>
<EndDate/>
<RoleCode>Co-Principal Investigator</RoleCode>
</Investigator>
<Investigator>
<FirstName>Keivan</FirstName>
<LastName>Stassun</LastName>
<EmailAddress>keivan.stassun@vanderbilt.edu</EmailAddress>
<StartDate>03/27/2015</StartDate>
<EndDate/>
<RoleCode>Co-Principal Investigator</RoleCode>
</Investigator>
<Investigator>
<FirstName>Mark</FirstName>
<LastName>Hardy</LastName>
<EmailAddress>mhardy@tnstate.edu</EmailAddress>
<StartDate>03/27/2015</StartDate>
<EndDate/>
<RoleCode>Principal Investigator</RoleCode>
</Investigator>
<Institution>
<Name>Tennessee State University</Name>
<CityName>nashville</CityName>
<ZipCode>372091561</ZipCode>
<PhoneNumber>6159637631</PhoneNumber>
<StreetAddress>3500 John A. Merritt Blvd.</StreetAddress>
<CountryName>United States</CountryName>
<StateName>Tennessee</StateName>
<StateCode>TN</StateCode>
</Institution>
<ProgramElement>
<Code>9133</Code>
<Text>ALLIANCES-MINORITY PARTICIPAT.</Text>
</ProgramElement>
<ProgramReference>
<Code>9150</Code>
<Text>EXP PROG TO STIM COMP RES</Text>
</ProgramReference>
<ProgramReference>
<Code>9179</Code>
<Text>GRADUATE INVOLVEMENT</Text>
</ProgramReference>
</Award>
</rootTag>
