<?xml version="1.0" encoding="UTF-8"?>
<rootTag>
<Award>
<AwardTitle>Dynamical systems on nilmanifolds, ultrafilters, and polynomial multiple correlation sequences</AwardTitle>
<AwardEffectiveDate>07/01/2015</AwardEffectiveDate>
<AwardExpirationDate>06/30/2018</AwardExpirationDate>
<AwardAmount>157933</AwardAmount>
<AwardInstrument>
<Value>Continuing grant</Value>
</AwardInstrument>
<Organization>
<Code>03040000</Code>
<Directorate>
<LongName>Direct For Mathematical &amp; Physical Scien</LongName>
</Directorate>
<Division>
<LongName>Division Of Mathematical Sciences</LongName>
</Division>
</Organization>
<ProgramOfficer>
<SignBlockName>Bruce Kitchens</SignBlockName>
</ProgramOfficer>
<AbstractNarration>The problems and conjectures presented in this program can be viewed as far reaching extensions of classical recurrence results in dynamics. At the same time, these problems connect diverse areas of mathematics (such as ergodic theory, combinatorics, number theory, topological algebra) and contribute to each. The new problems considered in this proposal deal with interesting and promising new connections and reflect the entrance of novel methods and techniques in the picture. These include, in particular, the methods involving dynamical systems on nilmanifolds and methods utilizing the topological algebra in compactifications. The conjectures stated throughout this proposal are supported by the results obtained by the investigators and other workers in this vibrant area in recent years.&lt;br/&gt;&lt;br/&gt;The polynomial Szemeredi theorem, the polynomial Hales-Jewett theorem, and various additional results obtained by the investigators in recent years served as an impetus for further developments in the theory of multiple recurrence. These developments provide better understanding of the phenomenon of multiple recurrence and bring new vistas of research to light.  The directions of study touched upon in this proposal reveal strong and mutually perpetuating connections between combinatorics, number theory and various aspects of recurrence and convergence in the theory of dynamical systems. The field of Ergodic Ramsey Theory, with its richness of problems and connections and diversity of techniques and methods, is a meeting point of several branches of modern mathematics and is an excellent medium for attracting undergraduates to mathematics and graduate students to an area of active research.</AbstractNarration>
<MinAmdLetterDate>07/01/2015</MinAmdLetterDate>
<MaxAmdLetterDate>07/01/2015</MaxAmdLetterDate>
<ARRAAmount/>
<AwardID>1500575</AwardID>
<Investigator>
<FirstName>Vitaly</FirstName>
<LastName>Bergelson</LastName>
<EmailAddress>vitaly@math.ohio-state.edu</EmailAddress>
<StartDate>07/01/2015</StartDate>
<EndDate/>
<RoleCode>Principal Investigator</RoleCode>
</Investigator>
<Investigator>
<FirstName>Alexander</FirstName>
<LastName>Leibman</LastName>
<EmailAddress>leibman.1@osu.edu</EmailAddress>
<StartDate>07/01/2015</StartDate>
<EndDate/>
<RoleCode>Co-Principal Investigator</RoleCode>
</Investigator>
<Institution>
<Name>Ohio State University</Name>
<CityName>Columbus</CityName>
<ZipCode>432101016</ZipCode>
<PhoneNumber>6146888735</PhoneNumber>
<StreetAddress>Office of Sponsored Programs</StreetAddress>
<CountryName>United States</CountryName>
<StateName>Ohio</StateName>
<StateCode>OH</StateCode>
</Institution>
<ProgramElement>
<Code>1281</Code>
<Text>ANALYSIS PROGRAM</Text>
</ProgramElement>
</Award>
</rootTag>
