<?xml version="1.0" encoding="UTF-8"?>

<rootTag>
  <Award>
    <AwardTitle>PostDoctoral Research Fellowship</AwardTitle>
    <AwardEffectiveDate>10/01/2015</AwardEffectiveDate>
    <AwardExpirationDate>09/30/2019</AwardExpirationDate>
    <AwardAmount>150000</AwardAmount>
    <AwardInstrument>
      <Value>Fellowship</Value>
    </AwardInstrument>
    <Organization>
      <Code>03040000</Code>
      <Directorate>
        <LongName>Direct For Mathematical &amp; Physical Scien</LongName>
      </Directorate>
      <Division>
        <LongName>Division Of Mathematical Sciences</LongName>
      </Division>
    </Organization>
    <ProgramOfficer>
      <SignBlockName>Victor Roytburd</SignBlockName>
    </ProgramOfficer>
    <AbstractNarration>This award is made as part of the FY 2015 Mathematical Sciences Postdoctoral Research Fellowships Program. Each of the fellowships supports a research and training project at a host institution in the mathematical sciences, including applications to other disciplines, under the mentorship of a sponsoring scientist. The title of the project for this fellowship to Laura Starkston is "Symplectic structures on smooth manifolds." The host institution for the fellowship is Stanford University, and the sponsoring scientist is Dr. Yakov Eliashberg.</AbstractNarration>
    <MinAmdLetterDate>03/17/2015</MinAmdLetterDate>
    <MaxAmdLetterDate>03/17/2015</MaxAmdLetterDate>
    <ARRAAmount/>
    <AwardID>1501728</AwardID>
    <Investigator>
      <FirstName>Laura</FirstName>
      <LastName>Starkston</LastName>
      <EmailAddress/>
      <StartDate>03/17/2015</StartDate>
      <EndDate/>
      <RoleCode>Principal Investigator</RoleCode>
    </Investigator>
    <Institution>
      <Name>Starkston Laura P</Name>
      <CityName>Stanford</CityName>
      <ZipCode>943050000</ZipCode>
      <PhoneNumber/>
      <StreetAddress/>
      <CountryName>United States</CountryName>
      <StateName>California</StateName>
      <StateCode>CA</StateCode>
    </Institution>
    <ProgramElement>
      <Code>7335</Code>
      <Text>WORKFORCE IN THE MATHEMAT SCI</Text>
    </ProgramElement>
    <ProgramReference>
      <Code>9219</Code>
      <Text>POSTDOCTORAL FELLOWSHIPS IN MATH SCIENCE</Text>
    </ProgramReference>
  </Award>
</rootTag>
