<?xml version="1.0" encoding="UTF-8"?>

<rootTag>
  <Award>
    <AwardTitle>DISSERTATION RESEARCH: Examining conflicting selection pressures on floral morphology of Silene stellata by the pollinating seed predator Hadena ectypa</AwardTitle>
    <AwardEffectiveDate>05/01/2015</AwardEffectiveDate>
    <AwardExpirationDate>04/30/2017</AwardExpirationDate>
    <AwardAmount>19365</AwardAmount>
    <AwardInstrument>
      <Value>Standard Grant</Value>
    </AwardInstrument>
    <Organization>
      <Code>08010206</Code>
      <Directorate>
        <LongName>Direct For Biological Sciences</LongName>
      </Directorate>
      <Division>
        <LongName>Division Of Environmental Biology</LongName>
      </Division>
    </Organization>
    <ProgramOfficer>
      <SignBlockName>Simon Malcomber</SignBlockName>
    </ProgramOfficer>
    <AbstractNarration>Animal pollinators are thought to produce conflicting selective pressures on different structures within the flowers they pollinate. This study will investigate the differing selection pressures on stamens and pistils within flowers of Silene stellata, a native perennial herb, by Hadena ectypa, a nocturnal moth that acts as a pollinator as well as a seed predator of Silene. This is a pioneering study into the largely unexplored area of conflicting selective pressures on different aspects of floral morphology within a hermaphroditic plant species and will provide valuable insights into the evolution of floral diversity. In addition, this project will test and optimize the application of a genetic technique to estimate reproductive success of the pollen donor. The project provides excellent training opportunities for the graduate student and will also involve several undergraduate research assistants and high school interns in all of molecular biology and genetic aspects.&lt;br/&gt;&lt;br/&gt;This research will build on two successive years of field experiments to investigate phenotypic selection on stamens and pistils in flowers of Silene stellata, This project will develop and employ 24 highly variable microsatellite genetic markers to assess reproductive success of the pollen donor within 2138 seedlings germinated from a population of 231 tagged adult individuals. Success of the pollen donor will then be estimated by determining the multi-locus genotypes of the seedlings and the adult plants. The high resolution genotyping required to determine the identity of the pollen donor within a tetraploid such as Silene stellata necessitates the development of additional genetic markers. These new markers will facilitate future genetic studies of Silene stellata and will provide a model approach for other researchers investigating the genetics of poorly known, polyploidy species.</AbstractNarration>
    <MinAmdLetterDate>04/03/2015</MinAmdLetterDate>
    <MaxAmdLetterDate>04/03/2015</MaxAmdLetterDate>
    <ARRAAmount/>
    <AwardID>1501799</AwardID>
    <Investigator>
      <FirstName>Charles</FirstName>
      <LastName>Fenster</LastName>
      <EmailAddress>charles.fenster@sdstate.edu</EmailAddress>
      <StartDate>04/03/2015</StartDate>
      <EndDate/>
      <RoleCode>Principal Investigator</RoleCode>
    </Investigator>
    <Investigator>
      <FirstName>Michele</FirstName>
      <LastName>Dudash</LastName>
      <EmailAddress>Michele.Dudash@SDState.edu</EmailAddress>
      <StartDate>04/03/2015</StartDate>
      <EndDate/>
      <RoleCode>Co-Principal Investigator</RoleCode>
    </Investigator>
    <Investigator>
      <FirstName>Juannan</FirstName>
      <LastName>Zhou</LastName>
      <EmailAddress>jnzhou@umd.edu</EmailAddress>
      <StartDate>04/03/2015</StartDate>
      <EndDate/>
      <RoleCode>Co-Principal Investigator</RoleCode>
    </Investigator>
    <Investigator>
      <FirstName>Elizabeth</FirstName>
      <LastName>Zimmer</LastName>
      <EmailAddress>zimmerl@si.edu</EmailAddress>
      <StartDate>04/03/2015</StartDate>
      <EndDate/>
      <RoleCode>Co-Principal Investigator</RoleCode>
    </Investigator>
    <Institution>
      <Name>University of Maryland College Park</Name>
      <CityName>COLLEGE PARK</CityName>
      <ZipCode>207425141</ZipCode>
      <PhoneNumber>3014056269</PhoneNumber>
      <StreetAddress>3112 LEE BLDG 7809 Regents Drive</StreetAddress>
      <CountryName>United States</CountryName>
      <StateName>Maryland</StateName>
      <StateCode>MD</StateCode>
    </Institution>
    <ProgramElement>
      <Code>7378</Code>
      <Text>EVOLUTIONARY GENETICS</Text>
    </ProgramElement>
    <ProgramReference>
      <Code>9169</Code>
      <Text>BIODIVERSITY AND ECOSYSTEM DYNAMICS</Text>
    </ProgramReference>
    <ProgramReference>
      <Code>9179</Code>
      <Text>GRADUATE INVOLVEMENT</Text>
    </ProgramReference>
    <ProgramReference>
      <Code>EGCH</Code>
      <Text>ENVIRONMENT AND GLOBAL CHANGE</Text>
    </ProgramReference>
    <ProgramReference>
      <Code>SMET</Code>
      <Text>SCIENCE, MATH, ENG &amp; TECH EDUCATION</Text>
    </ProgramReference>
  </Award>
</rootTag>
