<?xml version="1.0" encoding="UTF-8"?>

<rootTag>
  <Award>
    <AwardTitle>Online Technical Education in ATE-Funded Programs: Building Evidence-Based Practice Recommendations</AwardTitle>
    <AwardEffectiveDate>09/15/2015</AwardEffectiveDate>
    <AwardExpirationDate>08/31/2017</AwardExpirationDate>
    <AwardAmount>35000</AwardAmount>
    <AwardInstrument>
      <Value>Standard Grant</Value>
    </AwardInstrument>
    <Organization>
      <Code>11040000</Code>
      <Directorate>
        <LongName>Direct For Education and Human Resources</LongName>
      </Directorate>
      <Division>
        <LongName>Division Of Undergraduate Education</LongName>
      </Division>
    </Organization>
    <ProgramOfficer>
      <SignBlockName>Connie K. Della-Piana</SignBlockName>
    </ProgramOfficer>
    <AbstractNarration>With national spotlights on community colleges, the need for technicians in advance technological fields in STEM, and the significant promise of online education, this research project will identify and synthesize what has been learned through efforts at developing and implementing online courses and course components in technical/technician education in science, technology, engineering, and mathematics (STEM), with a particular emphasis on development and implementation projects supported by the National Science Foundation's Advanced Technological Eduation program (ATE). The research team will investigate how the implementation and use of online education can or does profoundly change the institutional culture and structure of teaching and learning. Data collection consists of in-depth semi-structured interviews with faculty and key personal and structured document analysis.&lt;br/&gt;&lt;br/&gt;This qualitative research study examines the promise of online education for technicians in advanced technological fields in STEM. The goal of the research study is to synthesize what has been learned about online technical education in ATE project and make connections to the broader literature about what works and what does not work in online technical education. The research team will ensure the credibility, dependability, and confirmability of the research findings through an iterative process consisting of triangulation, peer debriefing, and member checking. Data triangulation involves collecting data with multiple methods. Peer debriefing involves an outside reviewer examining the data from transcripts of interviews and focus groups and document analyses to ensure that findings and conclusions represent the perceptions/perspectives of the research participants. Member checking requires that researchers share their findings with research participants to ensure that information was interpreted correctly.</AbstractNarration>
    <MinAmdLetterDate>09/10/2015</MinAmdLetterDate>
    <MaxAmdLetterDate>09/10/2015</MaxAmdLetterDate>
    <ARRAAmount/>
    <AwardID>1501541</AwardID>
    <Investigator>
      <FirstName>Cheryl</FirstName>
      <LastName>Calhoun</LastName>
      <EmailAddress>cheryl.calhoun@sfcollege.edu</EmailAddress>
      <StartDate>09/10/2015</StartDate>
      <EndDate/>
      <RoleCode>Principal Investigator</RoleCode>
    </Investigator>
    <Institution>
      <Name>Santa Fe College</Name>
      <CityName>Gainesville</CityName>
      <ZipCode>326066210</ZipCode>
      <PhoneNumber>3523955000</PhoneNumber>
      <StreetAddress>3000 NW 83rd Street</StreetAddress>
      <CountryName>United States</CountryName>
      <StateName>Florida</StateName>
      <StateCode>FL</StateCode>
    </Institution>
    <ProgramElement>
      <Code>7412</Code>
      <Text>ADVANCED TECH EDUCATION PROG</Text>
    </ProgramElement>
    <ProgramReference>
      <Code>1032</Code>
      <Text>ADVANCED TECHNOLOGY EDUCATION</Text>
    </ProgramReference>
    <ProgramReference>
      <Code>9178</Code>
      <Text>UNDERGRADUATE EDUCATION</Text>
    </ProgramReference>
    <ProgramReference>
      <Code>SMET</Code>
      <Text>SCIENCE, MATH, ENG &amp; TECH EDUCATION</Text>
    </ProgramReference>
  </Award>
</rootTag>
