<?xml version="1.0" encoding="UTF-8"?>

<rootTag>
  <Award>
    <AwardTitle>SEAM 2015 - The 31st Southeastern Analysis Meeting</AwardTitle>
    <AwardEffectiveDate>03/01/2015</AwardEffectiveDate>
    <AwardExpirationDate>02/29/2016</AwardExpirationDate>
    <AwardAmount>24600</AwardAmount>
    <AwardInstrument>
      <Value>Standard Grant</Value>
    </AwardInstrument>
    <Organization>
      <Code>03040000</Code>
      <Directorate>
        <LongName>Direct For Mathematical &amp; Physical Scien</LongName>
      </Directorate>
      <Division>
        <LongName>Division Of Mathematical Sciences</LongName>
      </Division>
    </Organization>
    <ProgramOfficer>
      <SignBlockName>Bruce P. Palka</SignBlockName>
    </ProgramOfficer>
    <AbstractNarration>This award provides funding to help defray the expenses of participants in the conference "SEAM 2015--The 31st Southeastern Analysis Meeting" that will be held March 8-9, 2015, on the campus of the University of Georgia.&lt;br/&gt;&lt;br/&gt;This event is the latest in a thirty-year-long series that has hosted conferences covering a wide spectrum of subareas of mathematical analysis and that has become the leading venue in the U.S. for function-theoretic operator theory. SEAM 2015 will again span a broad swath of analysis, featuring four plenary speakers who will address topics in operator theory (Brett Wick), harmonic analysis (Ciperian Demeter), geometric combinatorics (Joshua Zahl), and harmonic analysis and number theory (Lillian Pierce). The conference program provides ample opportunity for graduate students, postdocs, and other young scientists to present their work.&lt;br/&gt;&lt;br/&gt;Conference web page: www.math.uga.edu/~lyall/seam2015/</AbstractNarration>
    <MinAmdLetterDate>12/08/2014</MinAmdLetterDate>
    <MaxAmdLetterDate>12/08/2014</MaxAmdLetterDate>
    <ARRAAmount/>
    <AwardID>1501458</AwardID>
    <Investigator>
      <FirstName>Neil</FirstName>
      <LastName>Lyall</LastName>
      <EmailAddress>lyall@math.uga.edu</EmailAddress>
      <StartDate>12/08/2014</StartDate>
      <EndDate/>
      <RoleCode>Principal Investigator</RoleCode>
    </Investigator>
    <Institution>
      <Name>University of Georgia Research Foundation Inc</Name>
      <CityName>ATHENS</CityName>
      <ZipCode>306021589</ZipCode>
      <PhoneNumber>7065425939</PhoneNumber>
      <StreetAddress>310 East Campus Rd</StreetAddress>
      <CountryName>United States</CountryName>
      <StateName>Georgia</StateName>
      <StateCode>GA</StateCode>
    </Institution>
    <ProgramElement>
      <Code>1281</Code>
      <Text>ANALYSIS PROGRAM</Text>
    </ProgramElement>
    <ProgramReference>
      <Code>7556</Code>
      <Text>CONFERENCE AND WORKSHOPS</Text>
    </ProgramReference>
  </Award>
</rootTag>
