<?xml version="1.0" encoding="UTF-8"?>
<rootTag>
<Award>
<AwardTitle>Rocky Mountain Mathematics Consortium Summer School: The Structure of C*-Algebras</AwardTitle>
<AwardEffectiveDate>05/01/2015</AwardEffectiveDate>
<AwardExpirationDate>04/30/2016</AwardExpirationDate>
<AwardAmount>35213</AwardAmount>
<AwardInstrument>
<Value>Standard Grant</Value>
</AwardInstrument>
<Organization>
<Code>03040000</Code>
<Directorate>
<LongName>Direct For Mathematical &amp; Physical Scien</LongName>
</Directorate>
<Division>
<LongName>Division Of Mathematical Sciences</LongName>
</Division>
</Organization>
<ProgramOfficer>
<SignBlockName>Bruce P. Palka</SignBlockName>
</ProgramOfficer>
<AbstractNarration>This award provides funding to help defray the expenses of participants in the "Rocky Mountain Mathematics Consortium Summer School: The Structure of C*-Algebras" that will be held from June 1-5, 2015, on the campus of the University of Wyoming. Operator algebras were introduced by John von Neumann and his collaborator Murray during the 1930's, when mathematicians and physicists began the development of a rigorous description of matter on the atomic scale. The physical theory developed for that description was quantum theory. Mathematically, the possible configurations or states of matter (an electron moving around an atom, for example) are described by certain vector spaces. Performing an experiment on the physical system corresponds mathematically to applying an operator to the vector space of possible states. The collection of such operators is described mathematically as an algebra of operators. Nowadays, the study of operator algebras has become an important mathematical pursuit with applications to many other branches of mathematics and theoretical physics. The study of operator algebra itself also has been developed into several closely related subareas, of which one is structural investigation of the important class called C*-algebras. The classification of C*-algebras has developed rapidly in the past few years, with several exciting results. One goal of this summer school is to pull together these recent results to get a clear picture of the current status of the classification of C*-algebras.&lt;br/&gt;&lt;br/&gt;The Rocky Mountain Mathematics Consortium (RMMC) has run a summer school, in which topics vary widely from year to year, for over thirty years. The theme of the 2015 installment in the series is the structure of C*-algebras. The set of topics includes the following: von Neumann algebra techniques in the classification of C*-algebras; an introduction to the K-theory of operator algebras; and higher-rank graph C*-algebras. The event's lecturers include four of the world's leading authorities on C*-algebras: George Elliott, Guihua Gong, Yasuhiko Sato, and Alex Kumjian. The choice of topic was motivated by the secondary purpose of the activity; namely, to prepare the summer school's participants, especially the junior ones, for the regional conference sponsored by the Conference Board of the Mathematical Sciences (CBMS) that will follow it during the second week of June and that has as its focus the so-called basic homotopy lemmas and the asymptotic uniqueness theorem, one of the key ingredients in the recent breakthroughs in the classification of C*-algebras. &lt;br/&gt;&lt;br/&gt;Summer school web site: http://www.uwyo.edu/math/additional-learning-opportunities/rmmc-summer-school/</AbstractNarration>
<MinAmdLetterDate>02/26/2015</MinAmdLetterDate>
<MaxAmdLetterDate>02/26/2015</MaxAmdLetterDate>
<ARRAAmount/>
<AwardID>1501137</AwardID>
<Investigator>
<FirstName>Farhad</FirstName>
<LastName>Jafari</LastName>
<EmailAddress>fjafari@uwyo.edu</EmailAddress>
<StartDate>02/26/2015</StartDate>
<EndDate/>
<RoleCode>Co-Principal Investigator</RoleCode>
</Investigator>
<Investigator>
<FirstName>Zhuang</FirstName>
<LastName>Niu</LastName>
<EmailAddress>zniu@uwyo.edu</EmailAddress>
<StartDate>02/26/2015</StartDate>
<EndDate/>
<RoleCode>Principal Investigator</RoleCode>
</Investigator>
<Institution>
<Name>University of Wyoming</Name>
<CityName>Laramie</CityName>
<ZipCode>820712000</ZipCode>
<PhoneNumber>3077665320</PhoneNumber>
<StreetAddress>1000 E. University Avenue</StreetAddress>
<CountryName>United States</CountryName>
<StateName>Wyoming</StateName>
<StateCode>WY</StateCode>
</Institution>
<ProgramElement>
<Code>1281</Code>
<Text>ANALYSIS PROGRAM</Text>
</ProgramElement>
<ProgramReference>
<Code>7556</Code>
<Text>CONFERENCE AND WORKSHOPS</Text>
</ProgramReference>
<ProgramReference>
<Code>9150</Code>
<Text>EXP PROG TO STIM COMP RES</Text>
</ProgramReference>
</Award>
</rootTag>
