<?xml version="1.0" encoding="UTF-8"?>
<rootTag>
<Award>
<AwardTitle>Technical Skills for Agriculture Irrigation Technicians</AwardTitle>
<AwardEffectiveDate>05/01/2015</AwardEffectiveDate>
<AwardExpirationDate>04/30/2018</AwardExpirationDate>
<AwardAmount>833175</AwardAmount>
<AwardInstrument>
<Value>Standard Grant</Value>
</AwardInstrument>
<Organization>
<Code>11040100</Code>
<Directorate>
<LongName>Direct For Education and Human Resources</LongName>
</Directorate>
<Division>
<LongName>Division Of Undergraduate Education</LongName>
</Division>
</Organization>
<ProgramOfficer>
<SignBlockName>Keith Sverdrup</SignBlockName>
</ProgramOfficer>
<AbstractNarration>As the western United States experiences continuing drought conditions, irrigation efficiency and water conservation are more critical than ever before, creating a need for irrigation technicians with state-of-the-art skills.  To address this need, Modesto Junior College (MJC) will implement an Agriculture Irrigation Technology program.  The project will increase the number, and improve the preparation and technical expertise of irrigation technicians and designers who are prepared to improve agriculture water management, increase irrigation delivery system efficiency, and enhance on-farm water conservation. Three specific objectives support the goal of the program: 1) Develop and deliver standardized curriculum that advances the efficient design and use of irrigation systems and can be replicated at other institutions; 2) Create a pipeline of skilled, certified technicians that meet current conservation, efficiency and water management regulations; and 3) Increase recruitment and success rates for underrepresented students in agricultural science technical programs.&lt;br/&gt;&lt;br/&gt;Specific activities will include development of a new associate degree, an Irrigation Technology Summer Institute to increase the recruitment and retention of typically underrepresented students in this field, on-site student advising, hands-on experience with state-of-the-art technology, and industry internships. A new curriculum will combine a strong foundation in science, including critical components of plant science, soil science, hydrology, and meteorology with cutting edge technology that enables workers to accurately put water when and where it is needed. This program is contributing to the improvement of student learning and preparation in multiple agricultural science areas, and has relevance for animal science, plant and crop science, environmental horticulture, as well as other agriculture disciplines.</AbstractNarration>
<MinAmdLetterDate>03/20/2015</MinAmdLetterDate>
<MaxAmdLetterDate>03/20/2015</MaxAmdLetterDate>
<ARRAAmount/>
<AwardID>1501791</AwardID>
<Investigator>
<FirstName>Don</FirstName>
<LastName>Borges</LastName>
<EmailAddress>borgesd@yosemite.edu</EmailAddress>
<StartDate>03/20/2015</StartDate>
<EndDate/>
<RoleCode>Co-Principal Investigator</RoleCode>
</Investigator>
<Investigator>
<FirstName>Steve</FirstName>
<LastName>Amador</LastName>
<EmailAddress>amadors@mjc.edu</EmailAddress>
<StartDate>03/20/2015</StartDate>
<EndDate/>
<RoleCode>Principal Investigator</RoleCode>
</Investigator>
<Institution>
<Name>Yosemite Community College District</Name>
<CityName>Modesto</CityName>
<ZipCode>953524065</ZipCode>
<PhoneNumber>2095756961</PhoneNumber>
<StreetAddress>P.O. Box 4065</StreetAddress>
<CountryName>United States</CountryName>
<StateName>California</StateName>
<StateCode>CA</StateCode>
</Institution>
<ProgramElement>
<Code>1536</Code>
<Text>S-STEM:SCHLR SCI TECH ENG&amp;MATH</Text>
</ProgramElement>
<ProgramElement>
<Code>7412</Code>
<Text>ADVANCED TECH EDUCATION PROG</Text>
</ProgramElement>
<ProgramReference>
<Code>1032</Code>
<Text>ADVANCED TECHNOLOGY EDUCATION</Text>
</ProgramReference>
<ProgramReference>
<Code>9178</Code>
<Text>UNDERGRADUATE EDUCATION</Text>
</ProgramReference>
<ProgramReference>
<Code>SMET</Code>
<Text>SCIENCE, MATH, ENG &amp; TECH EDUCATION</Text>
</ProgramReference>
</Award>
</rootTag>
