<?xml version="1.0" encoding="UTF-8"?>

<rootTag>
  <Award>
    <AwardTitle>HOME4TECHS - Hands On Maintenance Education for TECHnicianS</AwardTitle>
    <AwardEffectiveDate>08/01/2015</AwardEffectiveDate>
    <AwardExpirationDate>07/31/2017</AwardExpirationDate>
    <AwardAmount>199996</AwardAmount>
    <AwardInstrument>
      <Value>Standard Grant</Value>
    </AwardInstrument>
    <Organization>
      <Code>11040100</Code>
      <Directorate>
        <LongName>Direct For Education and Human Resources</LongName>
      </Directorate>
      <Division>
        <LongName>Division Of Undergraduate Education</LongName>
      </Division>
    </Organization>
    <ProgramOfficer>
      <SignBlockName>Heather Watson</SignBlockName>
    </ProgramOfficer>
    <AbstractNarration>In Ohio, manufacturing supports 17% of the state's economy. For many years Northwest State Community College supported programs on separate skilled trades based on industry practice related to their separate job classifications. A recent trend has been the combining of these separate skilled trades into a multi-craft maintenance position. This project will convert a traditional automation maintenance technology program to a competency-based, hybrid instructional model with flexible laboratory scheduling options. The Hands On Maintenance Education for Technicians (HOME4TECHS) project will support professional development for faculty on competency-based education, and the development and deployment of modular online courses. This project will advance the knowledge and understanding of competencies required by manufacturing companies for students entering the automation maintenance field. The project will also advance the knowledge and understanding of the steps a college needs to take in order to convert a traditional college curriculum and delivery system, to an employer-driven, competency-based curriculum, delivered through hybrid learning.&lt;br/&gt;&lt;br/&gt;The goals of the project are to: re-structure 3 courses in the automation maintenance curriculum to a competency-based curriculum, so that they will be aligned with the needs of the local industry. This will involve moving the lecture portion of the courses to a modular online format, and developing an open lab delivery model for the hands-on portion of the 3 courses. Restructuring the delivery system will make the courses more accessible to students and incumbent workers. The project will engage college faculty and manufacturing employers in a collaborative effort to develop a competency-based, hybrid learning model that can be widely disseminated and scaled to promote applied learning in the technical workforce. Project outcomes will be disseminated through a meeting of the Northwest Ohio College Presidents. Research data on the effectiveness of moving from the traditional learning model to the hybrid learning model will be made broadly available.</AbstractNarration>
    <MinAmdLetterDate>07/17/2015</MinAmdLetterDate>
    <MaxAmdLetterDate>07/17/2015</MaxAmdLetterDate>
    <ARRAAmount/>
    <AwardID>1501287</AwardID>
    <Investigator>
      <FirstName>Thomas</FirstName>
      <LastName>Bowes</LastName>
      <EmailAddress>tbowes@northweststate.edu</EmailAddress>
      <StartDate>07/17/2015</StartDate>
      <EndDate/>
      <RoleCode>Co-Principal Investigator</RoleCode>
    </Investigator>
    <Investigator>
      <FirstName>Thomas</FirstName>
      <LastName>Wylie</LastName>
      <EmailAddress>twylie@northweststate.edu</EmailAddress>
      <StartDate>07/17/2015</StartDate>
      <EndDate/>
      <RoleCode>Principal Investigator</RoleCode>
    </Investigator>
    <Investigator>
      <FirstName>William</FirstName>
      <LastName>Chaplin</LastName>
      <EmailAddress>bchaplin@northweststate.edu</EmailAddress>
      <StartDate>07/17/2015</StartDate>
      <EndDate/>
      <RoleCode>Co-Principal Investigator</RoleCode>
    </Investigator>
    <Institution>
      <Name>Northwest State Community College</Name>
      <CityName>Archbold</CityName>
      <ZipCode>435029517</ZipCode>
      <PhoneNumber>4192671335</PhoneNumber>
      <StreetAddress>22600 State Route 34</StreetAddress>
      <CountryName>United States</CountryName>
      <StateName>Ohio</StateName>
      <StateCode>OH</StateCode>
    </Institution>
    <ProgramElement>
      <Code>7412</Code>
      <Text>ADVANCED TECH EDUCATION PROG</Text>
    </ProgramElement>
    <ProgramReference>
      <Code>1032</Code>
      <Text>ADVANCED TECHNOLOGY EDUCATION</Text>
    </ProgramReference>
    <ProgramReference>
      <Code>9178</Code>
      <Text>UNDERGRADUATE EDUCATION</Text>
    </ProgramReference>
    <ProgramReference>
      <Code>SMET</Code>
      <Text>SCIENCE, MATH, ENG &amp; TECH EDUCATION</Text>
    </ProgramReference>
  </Award>
</rootTag>
