<?xml version="1.0" encoding="UTF-8"?>
<rootTag>
<Award>
<AwardTitle>Weak Turbulence</AwardTitle>
<AwardEffectiveDate>06/01/2015</AwardEffectiveDate>
<AwardExpirationDate>05/31/2018</AwardExpirationDate>
<AwardAmount>200000</AwardAmount>
<AwardInstrument>
<Value>Continuing grant</Value>
</AwardInstrument>
<Organization>
<Code>03040000</Code>
<Directorate>
<LongName>Direct For Mathematical &amp; Physical Scien</LongName>
</Directorate>
<Division>
<LongName>Division Of Mathematical Sciences</LongName>
</Division>
</Organization>
<ProgramOfficer>
<SignBlockName>Bruce P. Palka</SignBlockName>
</ProgramOfficer>
<AbstractNarration>Turbulence is the phenomenon by which a fluid flow, initially very smooth, can develop smaller and smaller eddies, structures at smaller and smaller scales, until it looks completely chaotic. Though anybody can observe this phenomenon, and though it is of paramount importance in physics, aerospace engineering, etc.,  it is very poorly understood at a conceptual level. Weak turbulence is a related phenomenon, which is also poorly understood, but which might be theoretically more approachable. Rather than fluid flows, it describes situations where waves interact. The aim of this proposal is to develop theoretical tools, and apply them to concrete physical examples, leading to a deeper understanding of weak turbulence.&lt;br/&gt;&lt;br/&gt;To be more specific, the main object of focus will be the nonlinear Schroedinger equation set on a compact domain, which is one of the simplest and most used models to describe nonlinear wave, or dispersive phenomena. It is believed by physicists that the right regime to observe weak turbulence involves three limits: weakly nonlinear (small data), big box (large domain), random phases (decorrelation of the Fourier modes in a statistical sense). The aim of this project is to investigate how these three limiting procedures can be made rigorous. It involves spectral questions (understanding the eigenvalues and eigenmodes of the Laplacian on domains), nonlinear aspects (how these eigenmodes interact) and statistical questions (finding the right probabilistic description of the stationary state).</AbstractNarration>
<MinAmdLetterDate>04/28/2015</MinAmdLetterDate>
<MaxAmdLetterDate>06/20/2016</MaxAmdLetterDate>
<ARRAAmount/>
<AwardID>1501019</AwardID>
<Investigator>
<FirstName>Pierre</FirstName>
<LastName>Germain</LastName>
<EmailAddress>pmg7@nyu.edu</EmailAddress>
<StartDate>04/28/2015</StartDate>
<EndDate/>
<RoleCode>Principal Investigator</RoleCode>
</Investigator>
<Institution>
<Name>New York University</Name>
<CityName>NEW YORK</CityName>
<ZipCode>100121019</ZipCode>
<PhoneNumber>2129982121</PhoneNumber>
<StreetAddress>70 WASHINGTON SQUARE S</StreetAddress>
<CountryName>United States</CountryName>
<StateName>New York</StateName>
<StateCode>NY</StateCode>
</Institution>
<ProgramElement>
<Code>1281</Code>
<Text>ANALYSIS PROGRAM</Text>
</ProgramElement>
</Award>
</rootTag>
