<?xml version="1.0" encoding="UTF-8"?>
<rootTag>
<Award>
<AwardTitle>iCREAT: A pathway to middle-skill positions through the Introduction to Coding, Robotics, Electronics, And Technology</AwardTitle>
<AwardEffectiveDate>09/01/2015</AwardEffectiveDate>
<AwardExpirationDate>08/31/2018</AwardExpirationDate>
<AwardAmount>891414</AwardAmount>
<AwardInstrument>
<Value>Standard Grant</Value>
</AwardInstrument>
<Organization>
<Code>11040100</Code>
<Directorate>
<LongName>Direct For Education and Human Resources</LongName>
</Directorate>
<Division>
<LongName>Division Of Undergraduate Education</LongName>
</Division>
</Organization>
<ProgramOfficer>
<SignBlockName>Heather Watson</SignBlockName>
</ProgramOfficer>
<AbstractNarration>This project at Massachusetts Bay Community College (MBCC) establishes a STEM pathway towards middle-skill careers in electronics and associated technology.  The plan starts by targeting high school students during the junior year and provides a program leading to certification and/or associates degrees.  This project aims to address state of Massachusetts and national workforce needs for trained technicians.  The program therefore engages high school-aged youth and community college students in learning electronics, coding, and engineering design and manufacturing through an interdisciplinary project-based approach that serves as a launching point along technical career pathways such as information technology technical hardware support, computer numerical control (CNC) operation, computer aided design and manufacturing (CAD/CAM), and others.  The project is designed to broaden participation by recruiting, retaining, and preparing students from underrepresented populations in STEM.  To attract and engage students, the project is creating a year-long course sequence co-taught by MBCC STEM faculty from multiple departments.  The courses are designed to mirror learning and work in the workplace by engaging students in applying critical thinking skills and leveraging technical knowledge and skills from many content areas.  The courses, available for college credit for high school students in the junior to senior years, allow the students to get a head start on post-secondary education and retain admitted MBCC students in STEM fields.  Partnerships with local organizations and industry will help provide career guidance and find internship opportunities for students.  A web-based mentoring program will aid retention by connecting participants with STEM professionals.&lt;br/&gt;&lt;br/&gt;The project has a research goal to provide the community with an evidence-based model around how program components support or do not support students to pursue a STEM career pathway.  The study focuses on the role of intentionality and adaptability as optimal outcomes of engaging in STEM education.  Using an expanded version of Navarro's (et alia, 2007) Math/Science Intentions and Goals Scale and Savickas' &amp; Porfeli's (2012) Career Adapt-Abilities Scale, the project is studying 1) intention, referring to "orientation toward action," by examining intentions to pursue a STEM career pathway and to actively consider STEM careers and 2) career adaptability which is a psychosocial construct denoting an individual's resources of self-regulation or capacity for coping with tasks, transitions, and traumas in occupational roles.   A key hypothesis is that the interventions will enhance individuals' skills for self-regulation and will develop their capacity to internalize these skills.</AbstractNarration>
<MinAmdLetterDate>06/18/2015</MinAmdLetterDate>
<MaxAmdLetterDate>06/18/2015</MaxAmdLetterDate>
<ARRAAmount/>
<AwardID>1501451</AwardID>
<Investigator>
<FirstName>Marina</FirstName>
<LastName>Bograd</LastName>
<EmailAddress>mbograd@massbay.edu</EmailAddress>
<StartDate>06/18/2015</StartDate>
<EndDate/>
<RoleCode>Co-Principal Investigator</RoleCode>
</Investigator>
<Investigator>
<FirstName>Giuseppe</FirstName>
<LastName>Sena</LastName>
<EmailAddress>gsena@massbay.edu</EmailAddress>
<StartDate>06/18/2015</StartDate>
<EndDate/>
<RoleCode>Co-Principal Investigator</RoleCode>
</Investigator>
<Investigator>
<FirstName>George</FirstName>
<LastName>Barnett</LastName>
<EmailAddress>barnetge@bc.edu</EmailAddress>
<StartDate>06/18/2015</StartDate>
<EndDate/>
<RoleCode>Co-Principal Investigator</RoleCode>
</Investigator>
<Investigator>
<FirstName>Shamsi</FirstName>
<LastName>Moussavi</LastName>
<EmailAddress>smoussavi@massbay.edu</EmailAddress>
<StartDate>06/18/2015</StartDate>
<EndDate/>
<RoleCode>Principal Investigator</RoleCode>
</Investigator>
<Investigator>
<FirstName>Susanne</FirstName>
<LastName>Steiger-Escobar</LastName>
<EmailAddress>ssteigerescobar@massbay.edu</EmailAddress>
<StartDate>06/18/2015</StartDate>
<EndDate/>
<RoleCode>Co-Principal Investigator</RoleCode>
</Investigator>
<Institution>
<Name>Massachusetts Bay Community College</Name>
<CityName>Wellesley Hills</CityName>
<ZipCode>024815359</ZipCode>
<PhoneNumber>7812393123</PhoneNumber>
<StreetAddress>50 Oakland Street</StreetAddress>
<CountryName>United States</CountryName>
<StateName>Massachusetts</StateName>
<StateCode>MA</StateCode>
</Institution>
<ProgramElement>
<Code>1536</Code>
<Text>S-STEM:SCHLR SCI TECH ENG&amp;MATH</Text>
</ProgramElement>
<ProgramElement>
<Code>7412</Code>
<Text>ADVANCED TECH EDUCATION PROG</Text>
</ProgramElement>
<ProgramReference>
<Code>1032</Code>
<Text>ADVANCED TECHNOLOGY EDUCATION</Text>
</ProgramReference>
<ProgramReference>
<Code>9178</Code>
<Text>UNDERGRADUATE EDUCATION</Text>
</ProgramReference>
<ProgramReference>
<Code>SMET</Code>
<Text>SCIENCE, MATH, ENG &amp; TECH EDUCATION</Text>
</ProgramReference>
</Award>
</rootTag>
