<?xml version="1.0" encoding="UTF-8"?>
<rootTag>
<Award>
<AwardTitle>Research in Harmonic Analysis and Partial Differential Equations</AwardTitle>
<AwardEffectiveDate>05/15/2015</AwardEffectiveDate>
<AwardExpirationDate>04/30/2018</AwardExpirationDate>
<AwardAmount>246817</AwardAmount>
<AwardInstrument>
<Value>Continuing grant</Value>
</AwardInstrument>
<Organization>
<Code>03040000</Code>
<Directorate>
<LongName>Direct For Mathematical &amp; Physical Scien</LongName>
</Directorate>
<Division>
<LongName>Division Of Mathematical Sciences</LongName>
</Division>
</Organization>
<ProgramOfficer>
<SignBlockName>Bruce P. Palka</SignBlockName>
</ProgramOfficer>
<AbstractNarration>The principal investigator will undertake research in harmonic analysis and in the analysis of partial differential equations (PDE).  Harmonic analysis has played major roles in the pure and applied sciences since Fourier's seminal work on the theory of heat diffusion, continuing on with Schrodinger's equation in quantum mechanics. It underlies a diverse array of tools widely used in science and engineering, and it offers the promise of further applications in the future. The proposed research deals with foundational issues that may help to underpin future applications. In PDE, the project will study the long-time dynamical properties of several fundamental equations describing diverse physical phenomenon.  In particular, the nonlinear Schrodinger equation (NLS) models the transmission of data in fiber optic communication systems, and the Korteweg-de Vries equation (KdV)  models surface water waves as well as ion-acoustic waves in a cold plasma. The so-called fractional NLS is used as a model describing charge transport in bio polymers like DNA. Proposed problems on near-linear behavior and smoothing are directly motivated by real world engineering problems in fiber optic communication systems, and the methods used are likely to be useful in a range of applications.&lt;br/&gt;&lt;br/&gt;In harmonic analysis this project focuses on problems in Euclidean spaces centered around Lebesgue norm inequalities. One subject of on-going research is the Fourier restriction phenomenon and its applications to problems in PDE and geometric measure theory. In the PDE component of the project, the focus is on the dynamical properties of linear and nonlinear dispersive equations. Subjects of interest here are dispersive decay and smoothing estimates for Schrodinger and wave equations, and their applications to the stability problem for their nonlinear counterparts. Another topic is the regularity properties of the solutions of nonlinear dispersive PDE such as the KdV equation, the Zakharov system, and the fractional NLS. The principal investigator will continue to explore the smoothing effect of the dispersive linear group on bounded domains, and he will study applications to the regularity properties and long-time dynamics of the nonlinear solutions. Proposed applications are on the existence and regularity of global attractors, dispersive quantization/Talbot effect, bounds for higher order Sobolev norms, and controllability.</AbstractNarration>
<MinAmdLetterDate>04/01/2015</MinAmdLetterDate>
<MaxAmdLetterDate>03/23/2016</MaxAmdLetterDate>
<ARRAAmount/>
<AwardID>1501041</AwardID>
<Investigator>
<FirstName>Mehmet Burak</FirstName>
<LastName>Erdogan</LastName>
<EmailAddress>berdogan@math.uiuc.edu</EmailAddress>
<StartDate>04/01/2015</StartDate>
<EndDate/>
<RoleCode>Principal Investigator</RoleCode>
</Investigator>
<Institution>
<Name>University of Illinois at Urbana-Champaign</Name>
<CityName>CHAMPAIGN</CityName>
<ZipCode>618207473</ZipCode>
<PhoneNumber>2173332187</PhoneNumber>
<StreetAddress>SUITE A</StreetAddress>
<CountryName>United States</CountryName>
<StateName>Illinois</StateName>
<StateCode>IL</StateCode>
</Institution>
<ProgramElement>
<Code>1281</Code>
<Text>ANALYSIS PROGRAM</Text>
</ProgramElement>
</Award>
</rootTag>
