<?xml version="1.0" encoding="UTF-8"?>
<rootTag>
<Award>
<AwardTitle>Graduate Summer School in Modern Harmonic Analysis and Its Applications</AwardTitle>
<AwardEffectiveDate>03/01/2015</AwardEffectiveDate>
<AwardExpirationDate>02/28/2017</AwardExpirationDate>
<AwardAmount>46901</AwardAmount>
<AwardInstrument>
<Value>Standard Grant</Value>
</AwardInstrument>
<Organization>
<Code>03040000</Code>
<Directorate>
<LongName>Direct For Mathematical &amp; Physical Scien</LongName>
</Directorate>
<Division>
<LongName>Division Of Mathematical Sciences</LongName>
</Division>
</Organization>
<ProgramOfficer>
<SignBlockName>Bruce P. Palka</SignBlockName>
</ProgramOfficer>
<AbstractNarration>This award provides funding to help defray the expenses of participants in the "Graduate Summer School in Modern Harmonic Analysis and Its Applications" that will be held July 20-August 7, 2015, at the College Park campus of the University of Maryland. This summer school for graduate students will focus on modern harmonic analysis and applications, specifically, topics from Fourier and time-frequency analysis, finite frame theory, sparse transforms, and geometric and analytic methods for modeling big data.  The instruction comprises seven four-day-long lecture series, including a tutorial, supplemented by computer lab work. The objectives are to quickly review the fundamentals, focus on the developments of the last 10 years, and provide a glimpse of the state of current research and open problems. Most of this information is available only in the form of original research papers or preprints; the summer school is intended to make this material accessible to graduate students, postdoctoral researchers, and other nonspecialists.&lt;br/&gt;&lt;br/&gt;This summer school, which is jointly sponsored by the University of Maryland and the Institute for Mathematics and Its Applications (IMA) through the latter's IMA Participating Institution Graduate Student Summer Program, brings together some of the leading harmonic analysts in the U.S. to explore topics that lie at the heart of modern harmonic analysis. The primary topics of the courses (with the corresponding lecturers) are the following: Fourier analysis (John Benedetto); frames and time-freqency analysis (Chris Heil); preconditioning of finite frames (Kasso Okoudjou); nonlinear analysis with frames (Radu Balan); sparse Fourier transforms (Anna Gilbert); geometric and analytic methods for modeling data, and their application (Gilad Lerman); and harmonic analysis of big data (Wojtek Czaja).&lt;br/&gt;&lt;br/&gt;Summer School web site:  www.norbertwiener.umd.edu/Education/IMA2015/</AbstractNarration>
<MinAmdLetterDate>12/10/2014</MinAmdLetterDate>
<MaxAmdLetterDate>12/10/2014</MaxAmdLetterDate>
<ARRAAmount/>
<AwardID>1501640</AwardID>
<Investigator>
<FirstName>Radu</FirstName>
<LastName>Balan</LastName>
<EmailAddress>rvbalan@math.umd.edu</EmailAddress>
<StartDate>12/10/2014</StartDate>
<EndDate/>
<RoleCode>Principal Investigator</RoleCode>
</Investigator>
<Institution>
<Name>University of Maryland College Park</Name>
<CityName>COLLEGE PARK</CityName>
<ZipCode>207425141</ZipCode>
<PhoneNumber>3014056269</PhoneNumber>
<StreetAddress>3112 LEE BLDG 7809 Regents Drive</StreetAddress>
<CountryName>United States</CountryName>
<StateName>Maryland</StateName>
<StateCode>MD</StateCode>
</Institution>
<ProgramElement>
<Code>1266</Code>
<Text>APPLIED MATHEMATICS</Text>
</ProgramElement>
<ProgramElement>
<Code>1281</Code>
<Text>ANALYSIS PROGRAM</Text>
</ProgramElement>
<ProgramReference>
<Code>7556</Code>
<Text>CONFERENCE AND WORKSHOPS</Text>
</ProgramReference>
</Award>
</rootTag>
