<?xml version="1.0" encoding="UTF-8"?>
<rootTag>
<Award>
<AwardTitle>Dissertation Research: Endogenic Microbial Community Structure and its Influence on Community Assembly and Speciation in Squamate Reptiles</AwardTitle>
<AwardEffectiveDate>06/01/2015</AwardEffectiveDate>
<AwardExpirationDate>05/31/2018</AwardExpirationDate>
<AwardAmount>18419</AwardAmount>
<AwardInstrument>
<Value>Standard Grant</Value>
</AwardInstrument>
<Organization>
<Code>08010206</Code>
<Directorate>
<LongName>Direct For Biological Sciences</LongName>
</Directorate>
<Division>
<LongName>Division Of Environmental Biology</LongName>
</Division>
</Organization>
<ProgramOfficer>
<SignBlockName>Simon Malcomber</SignBlockName>
</ProgramOfficer>
<AbstractNarration>The goal of the project is to understand how communities of species are structured and whether bacterial communities living inside vertebrates might influence how new vertebrate species evolve. The project employs a novel approach to investigating these questions by exploring the evolutionary histories of both the bacteria found in the gut of reptiles and the evolutionary history of the reptile hosts. By utilizing novel technologies the project will reveal the extent to which bacterial communities living inside vertebrates are structured by the ecology of the host (e.g. what the host eats, where they live) or the evolutionary histories of the host (e.g. how they are related to other species).  Additionally, this project will test whether the presence of certain bacterial groups helps drive diversification/speciation by creating greater opportunity for the host (e.g. help with digesting new foods, live in new areas). Data will be collected from a wide range of reptiles spanning five countries and three continents. Bacteria are some of the oldest forms of life and have interacted with multicellular life for nearly a billion years. This will be the first study to characterize the gut bacterial communities of such a diverse vertebrate group, and provide a synthetic test of evolution in vertebrate hosts and the bacterial communities existing inside them. The study will incorporate volunteers and students from Mississippi and the developing nations of Brazil, Ethiopia, Guyana and Mexico. Undergraduate students and high school teachers in Mississippi will get hands-on research experience and instruction on identifying local amphibians and reptiles. Local scouts and undergraduates in Ethiopia will gain valuable training that will advance their education and provide them with marketable skills they can then apply to their careers as field biologists. &lt;br/&gt;&lt;br/&gt;This study aims to explore how the vertebrate endogenic microbiome (EM) influences the process of diversification and to what extent these microbial communities affect assembly of host communities. Squamate reptiles (snakes, lizards) present an ideal system for such study as they are well sampled phylogenetically, possess a wide range of ecological traits, and show less dispersal and fragmentation than other vertebrate groups. Using high-throughput next generation sequencing, endogenic bacterial communities (EBCs) for all major lineages of Squamata in addition to outgroup reptilian lineages will be characterized (alpha and beta diversity) to obtain fundamental information on the EM of Reptilia. Key predictions include: (i) EBCs are phylogenetically conserved within Squamata, (ii) only lineages that possess the appropriate EBC will be able to exploit certain niches, (iii) certain EBCs facilitate accelerated speciation rates of the host, (iv) EBCs are ecological traits that can be used to characterize host ecology and directly influence the host assembly process by limiting exploitable niche space.</AbstractNarration>
<MinAmdLetterDate>04/14/2015</MinAmdLetterDate>
<MaxAmdLetterDate>04/14/2015</MaxAmdLetterDate>
<ARRAAmount/>
<AwardID>1501711</AwardID>
<Investigator>
<FirstName>Colin</FirstName>
<LastName>Jackson</LastName>
<EmailAddress>cjackson@olemiss.edu</EmailAddress>
<StartDate>04/14/2015</StartDate>
<EndDate/>
<RoleCode>Co-Principal Investigator</RoleCode>
</Investigator>
<Investigator>
<FirstName>Brice</FirstName>
<LastName>Noonan</LastName>
<EmailAddress>bnoonan@olemiss.edu</EmailAddress>
<StartDate>04/14/2015</StartDate>
<EndDate/>
<RoleCode>Principal Investigator</RoleCode>
</Investigator>
<Investigator>
<FirstName>Timothy</FirstName>
<LastName>Colston</LastName>
<EmailAddress>tcolston@go.olemiss.edu</EmailAddress>
<StartDate>04/14/2015</StartDate>
<EndDate/>
<RoleCode>Co-Principal Investigator</RoleCode>
</Investigator>
<Institution>
<Name>University of Mississippi</Name>
<CityName>UNIVERSITY</CityName>
<ZipCode>386771848</ZipCode>
<PhoneNumber>6629157482</PhoneNumber>
<StreetAddress>100 BARR HALL</StreetAddress>
<CountryName>United States</CountryName>
<StateName>Mississippi</StateName>
<StateCode>MS</StateCode>
</Institution>
<ProgramElement>
<Code>1171</Code>
<Text>PHYLOGENETIC SYSTEMATICS</Text>
</ProgramElement>
<ProgramReference>
<Code>9169</Code>
<Text>BIODIVERSITY AND ECOSYSTEM DYNAMICS</Text>
</ProgramReference>
<ProgramReference>
<Code>9179</Code>
<Text>GRADUATE INVOLVEMENT</Text>
</ProgramReference>
<ProgramReference>
<Code>EGCH</Code>
<Text>ENVIRONMENT AND GLOBAL CHANGE</Text>
</ProgramReference>
<ProgramReference>
<Code>SMET</Code>
<Text>SCIENCE, MATH, ENG &amp; TECH EDUCATION</Text>
</ProgramReference>
</Award>
</rootTag>
