<?xml version="1.0" encoding="UTF-8"?>
<rootTag>
<Award>
<AwardTitle>Rigidity Phenomena of Higher Rank Actions</AwardTitle>
<AwardEffectiveDate>07/01/2015</AwardEffectiveDate>
<AwardExpirationDate>06/30/2018</AwardExpirationDate>
<AwardAmount>107853</AwardAmount>
<AwardInstrument>
<Value>Continuing grant</Value>
</AwardInstrument>
<Organization>
<Code>03040000</Code>
<Directorate>
<LongName>Direct For Mathematical &amp; Physical Scien</LongName>
</Directorate>
<Division>
<LongName>Division Of Mathematical Sciences</LongName>
</Division>
</Organization>
<ProgramOfficer>
<SignBlockName>Bruce Kitchens</SignBlockName>
</ProgramOfficer>
<AbstractNarration>This project belongs to the field of dynamical systems, which aims to understand long-term behaviors of movements that take place over time in a geometric space and are governed by a fixed set of mathematical rules. The theory of dynamical systems has its roots in celestial mechanics and has become an important tool in many other scientific fields. The proposed research deals with a special class of dynamical systems, where the rules governing the movement form a sufficiently large group so that a point is allowed to move in one of several possible ways in each step. In such cases, there is often a small collection of possible structures that remain unchanged over time. The goal of this project is to determine such structures. The PI will conduct research on the topic, collaborate with other researchers, work with graduate and undergraduate students, and disseminate ideas developed in the project.&lt;br/&gt; &lt;br/&gt;This research will study dynamical systems of group actions. The principal objects are actions on tori, nilmanifolds and other homogeneous spaces by higher-rank commutative groups or by lattices in higher-rank semisimple Lie groups.  These actions are often expected to have rigidity, a phenomenon characterized by the scarcity of invariant structures under the action. The main objective is to classify such group actions under suitable assumptions, as well as invariant structures under these actions. The method of the research will combine tools from ergodic theory, smooth dynamics and representation theory.</AbstractNarration>
<MinAmdLetterDate>05/01/2015</MinAmdLetterDate>
<MaxAmdLetterDate>05/01/2015</MaxAmdLetterDate>
<ARRAAmount/>
<AwardID>1501095</AwardID>
<Investigator>
<FirstName>Zhiren</FirstName>
<LastName>Wang</LastName>
<EmailAddress>zxw14@psu.edu</EmailAddress>
<StartDate>05/01/2015</StartDate>
<EndDate/>
<RoleCode>Principal Investigator</RoleCode>
</Investigator>
<Institution>
<Name>Pennsylvania State Univ University Park</Name>
<CityName>UNIVERSITY PARK</CityName>
<ZipCode>168027000</ZipCode>
<PhoneNumber>8148651372</PhoneNumber>
<StreetAddress>110 Technology Center Building</StreetAddress>
<CountryName>United States</CountryName>
<StateName>Pennsylvania</StateName>
<StateCode>PA</StateCode>
</Institution>
<ProgramElement>
<Code>1281</Code>
<Text>ANALYSIS PROGRAM</Text>
</ProgramElement>
</Award>
</rootTag>
