<?xml version="1.0" encoding="UTF-8"?>

<rootTag>
  <Award>
    <AwardTitle>FRG: Collaborative Research: Birational Geometry and Singularities in Zero and Positive Characteristic</AwardTitle>
    <AwardEffectiveDate>08/01/2014</AwardEffectiveDate>
    <AwardExpirationDate>06/30/2017</AwardExpirationDate>
    <AwardAmount>191391</AwardAmount>
    <AwardInstrument>
      <Value>Continuing grant</Value>
    </AwardInstrument>
    <Organization>
      <Code>03040000</Code>
      <Directorate>
        <LongName>Direct For Mathematical &amp; Physical Scien</LongName>
      </Directorate>
      <Division>
        <LongName>Division Of Mathematical Sciences</LongName>
      </Division>
    </Organization>
    <ProgramOfficer>
      <SignBlockName>Matthew Douglass</SignBlockName>
    </ProgramOfficer>
    <AbstractNarration>The goal of this project is to bring together a group of researchers with experience in a broad array of topics in higher dimensional algebraic geometry, in order to make progress in two closely related areas: birational geometry in positive characteristics and the theory of singularities and linear series arising in the minimal model program. While there has been a lot of recent progress in our understanding of the geometry of higher-dimensional varieties, almost all of this body of work is restricted to characteristic zero, due to the use of vanishing theorems that can fail in positive characteristic. The first goal of this collaborative research is to build tools and a framework that would allow the main results in birational geometry to be extended to positive characteristics. This would make systematic use of the recent techniques that have been devised to exploit the Frobenius morphism. A second goal of the project is to further develop the study of invariants of singularities and of linear series, with an eye toward the remaining problems in the minimal model program. There have been many recent advances in this area. In particular, a conjecture of Shokurov asserting that certain invariants of singularities (the log canonical thresholds) satisfy the so-called ACC property has been solved by some of the PIs. This suggests that other related but harder questions might be within reach, questions whose importance comes from the connection with one of the remaining conjectures in the minimal model program, the termination of flips. The PIs propose to attack one of these problems, predicting the ACC property of another invariant, the minimal log discrepancy. In a separate direction, the PIs plan to undertake a systematic study of examples of linear systems on algebraic varieties that exhibit a pathological behavior from the point of view of various positivity invariants.&lt;br/&gt;&lt;br/&gt;The last ten years have seen major breakthroughs in the study of higher-dimensional algebraic varieties, but several important problems are still open. A central such problem is intimately related to the study of singularities and one of the goals of this project is to make progress on understanding the properties of the invariants of singularities that appear in this setting. Another general goal of the PIs is to develop systematically the study of algebraic varieties of dimension at least 3 in positive characteristic. A lot less is known in this setting, where new phenomena (sometimes considered pathological) arise. The PIs expect that cross-pollination of ideas with other areas, in particular with commutative algebra, will play an important role in making progress in this direction. Moreover, it is likely that techniques and results in this context would have many applications to other fields (for example, in arithmetic geometry). As part of the collaborative effort, the PIs plan several events that will bring together members of the mathematical community working on related problems and also help disseminate the results and the techniques developed as part of this project.</AbstractNarration>
    <MinAmdLetterDate>10/28/2014</MinAmdLetterDate>
    <MaxAmdLetterDate>05/04/2015</MaxAmdLetterDate>
    <ARRAAmount/>
    <AwardID>1501115</AwardID>
    <Investigator>
      <FirstName>Karl</FirstName>
      <LastName>Schwede</LastName>
      <EmailAddress>schwede@math.utah.edu</EmailAddress>
      <StartDate>10/28/2014</StartDate>
      <EndDate/>
      <RoleCode>Principal Investigator</RoleCode>
    </Investigator>
    <Institution>
      <Name>University of Utah</Name>
      <CityName>SALT LAKE CITY</CityName>
      <ZipCode>841128930</ZipCode>
      <PhoneNumber>8015816903</PhoneNumber>
      <StreetAddress>75 S 2000 E</StreetAddress>
      <CountryName>United States</CountryName>
      <StateName>Utah</StateName>
      <StateCode>UT</StateCode>
    </Institution>
    <ProgramElement>
      <Code>1264</Code>
      <Text>ALGEBRA,NUMBER THEORY,AND COM</Text>
    </ProgramElement>
    <ProgramReference>
      <Code>1616</Code>
      <Text>FOCUSED RESEARCH GROUPS IN MATH SCIENCES</Text>
    </ProgramReference>
    <ProgramReference>
      <Code>9150</Code>
      <Text>EXP PROG TO STIM COMP RES</Text>
    </ProgramReference>
  </Award>
</rootTag>
