<?xml version="1.0" encoding="UTF-8"?>
<rootTag>
<Award>
<AwardTitle>Center for Aviation and Automotive Technological Education Using Virtual E-School [CA2VES]: A Resource to Meet Technician Workforce Needs</AwardTitle>
<AwardEffectiveDate>09/01/2015</AwardEffectiveDate>
<AwardExpirationDate>08/31/2018</AwardExpirationDate>
<AwardAmount>2105575</AwardAmount>
<AwardInstrument>
<Value>Continuing grant</Value>
</AwardInstrument>
<Organization>
<Code>11040100</Code>
<Directorate>
<LongName>Direct For Education and Human Resources</LongName>
</Directorate>
<Division>
<LongName>Division Of Undergraduate Education</LongName>
</Division>
</Organization>
<ProgramOfficer>
<SignBlockName>V. Celeste  Carter</SignBlockName>
</ProgramOfficer>
<AbstractNarration>South Carolina (SC) is rapidly expanding into aviation, automotive, and advanced manufacturing, and regional employers are increasingly in need of well-educated technicians who are familiar with the specialized demands of a new generation of manufacturing jobs. The Center for Aviation and Automotive Technological Education Using Virtual E-Schools (CA2VES) and the state's 2-year institutions are creating opportunities to improve technician and STEM education and increase workforce preparedness for a large and diverse population of SC students. CA2VES brings together global and regional industry and educational partners to develop and disseminate such Digital Learning Tools (DLTs) as digital curricula, e-learning, simulations and virtual reality (VR) modules. DLTs have already given students greater academic control over time, place, path and pace, and provided students with the skills required by the rapidly expanding automotive and aerospace industries in the region. &lt;br/&gt;&lt;br/&gt;The CA2VES team will continue to lead the design and development of DLTs working with industries and employers, and collaborate with Co-PIs (Florence-Darlington Technical College, Greenville Technical College, Spartanburg Community College and the SCATE Center) and additional ATE Centers to evaluate the effectiveness of DLTs in technician education programs.  CA2VES and partners will design and execute recruitment campaigns to attract and engage underserved populations (specifically women, minorities and students from rural areas). CA2VES will also partner with 2-year institutions and high schools to customize and modularize DLTs, field test new modules and conduct ongoing research evaluating how others replicate and use CA2VES DLTs. The team will assess the improved pedagogical effectiveness of its work in the areas of innovations in teaching and learning, technology integration and workforce development. Additionally, the Center will provide rigorous evidence-based research in VR development for technician education and become a sustainable resource.</AbstractNarration>
<MinAmdLetterDate>03/19/2015</MinAmdLetterDate>
<MaxAmdLetterDate>05/07/2017</MaxAmdLetterDate>
<ARRAAmount/>
<AwardID>1501695</AwardID>
<Investigator>
<FirstName>Jeff</FirstName>
<LastName>Hunt</LastName>
<EmailAddress>huntj@sccsc.edu</EmailAddress>
<StartDate>03/19/2015</StartDate>
<EndDate/>
<RoleCode>Co-Principal Investigator</RoleCode>
</Investigator>
<Investigator>
<FirstName>Shane</FirstName>
<LastName>Isbell</LastName>
<EmailAddress>Shane.Isbell@gvltec.edu</EmailAddress>
<StartDate>06/30/2016</StartDate>
<EndDate/>
<RoleCode>Co-Principal Investigator</RoleCode>
</Investigator>
<Investigator>
<FirstName>Anand</FirstName>
<LastName>Gramopadhye</LastName>
<EmailAddress>agramop@clemson.edu</EmailAddress>
<StartDate>03/19/2015</StartDate>
<EndDate/>
<RoleCode>Principal Investigator</RoleCode>
</Investigator>
<Investigator>
<FirstName>Elaine</FirstName>
<LastName>Craft</LastName>
<EmailAddress>elaine.craft@fdtc.edu</EmailAddress>
<StartDate>03/19/2015</StartDate>
<EndDate/>
<RoleCode>Co-Principal Investigator</RoleCode>
</Investigator>
<Investigator>
<FirstName>Patressa</FirstName>
<LastName>Gardner</LastName>
<EmailAddress>Patressa.Gardner@fdtc.edu</EmailAddress>
<StartDate>03/19/2015</StartDate>
<EndDate/>
<RoleCode>Co-Principal Investigator</RoleCode>
</Investigator>
<Investigator>
<FirstName>Joel</FirstName>
<LastName>Welch</LastName>
<EmailAddress>Joel.Welch@gvltec.edu</EmailAddress>
<StartDate>03/19/2015</StartDate>
<EndDate>06/30/2016</EndDate>
<RoleCode>Former Co-Principal Investigator</RoleCode>
</Investigator>
<Institution>
<Name>Clemson University</Name>
<CityName>CLEMSON</CityName>
<ZipCode>296340001</ZipCode>
<PhoneNumber>8646562424</PhoneNumber>
<StreetAddress>230 Kappa Street</StreetAddress>
<CountryName>United States</CountryName>
<StateName>South Carolina</StateName>
<StateCode>SC</StateCode>
</Institution>
<ProgramElement>
<Code>7412</Code>
<Text>ADVANCED TECH EDUCATION PROG</Text>
</ProgramElement>
<ProgramReference>
<Code>1032</Code>
<Text>ADVANCED TECHNOLOGY EDUCATION</Text>
</ProgramReference>
<ProgramReference>
<Code>9150</Code>
<Text>EXP PROG TO STIM COMP RES</Text>
</ProgramReference>
<ProgramReference>
<Code>9178</Code>
<Text>UNDERGRADUATE EDUCATION</Text>
</ProgramReference>
<ProgramReference>
<Code>9251</Code>
<Text>RES EXPER FOR UNDERGRAD-SUPPLT</Text>
</ProgramReference>
<ProgramReference>
<Code>SMET</Code>
<Text>SCIENCE, MATH, ENG &amp; TECH EDUCATION</Text>
</ProgramReference>
</Award>
</rootTag>
