<?xml version="1.0" encoding="UTF-8"?>

<rootTag>
  <Award>
    <AwardTitle>International Conference on Harmonic Analysis and Its Applications</AwardTitle>
    <AwardEffectiveDate>05/15/2015</AwardEffectiveDate>
    <AwardExpirationDate>04/30/2016</AwardExpirationDate>
    <AwardAmount>49704</AwardAmount>
    <AwardInstrument>
      <Value>Standard Grant</Value>
    </AwardInstrument>
    <Organization>
      <Code>03040000</Code>
      <Directorate>
        <LongName>Direct For Mathematical &amp; Physical Scien</LongName>
      </Directorate>
      <Division>
        <LongName>Division Of Mathematical Sciences</LongName>
      </Division>
    </Organization>
    <ProgramOfficer>
      <SignBlockName>Bruce P. Palka</SignBlockName>
    </ProgramOfficer>
    <AbstractNarration>This award provides funding to help defray the expenses of participants in the "International Conference on Harmonic Analysis and Its Applications" that will be held June 1-5, 2015, at the Graduate Center of the City University of New York.&lt;br/&gt;&lt;br/&gt;This conference brings together specialists from different parts of harmonic analysis and its applications, among them experts in classical harmonic analysis, in frame analysis, and in the study of large data sets. Some of the specific topics that will be discussed at the event are the following: analysis and geometry of high-dimensional data sets; compressive sensing; diffusion geometry; frame and wavelet theory; homogeneous spaces; interpolation spaces; phase retrieval; Radon transforms; sampling theory; sigma-delta quantization; signal and image processing; symmetric spaces and Paley-Wiener spaces; time-frequency analysis; visualization and learning theory. The list of featured speakers includes Peter Casazza, Ronald Coifman, Palle Jorgensen, Adam Koranyi, Michael Lacey, Mauro Maggioni, and Elias Stein. The conference program provides ample opportunity for graduate students, postdocs, and other young scientists to present their work.</AbstractNarration>
    <MinAmdLetterDate>02/10/2015</MinAmdLetterDate>
    <MaxAmdLetterDate>02/10/2015</MaxAmdLetterDate>
    <ARRAAmount/>
    <AwardID>1501066</AwardID>
    <Investigator>
      <FirstName>Gestur</FirstName>
      <LastName>Olafsson</LastName>
      <EmailAddress>olafsson@math.lsu.edu</EmailAddress>
      <StartDate>02/10/2015</StartDate>
      <EndDate/>
      <RoleCode>Co-Principal Investigator</RoleCode>
    </Investigator>
    <Investigator>
      <FirstName>Alex</FirstName>
      <LastName>Iosevich</LastName>
      <EmailAddress>iosevich@math.rochester.edu</EmailAddress>
      <StartDate>02/10/2015</StartDate>
      <EndDate/>
      <RoleCode>Co-Principal Investigator</RoleCode>
    </Investigator>
    <Investigator>
      <FirstName>Azita</FirstName>
      <LastName>Mayeli</LastName>
      <EmailAddress>AMayeli@qcc.cuny.edu</EmailAddress>
      <StartDate>02/10/2015</StartDate>
      <EndDate/>
      <RoleCode>Principal Investigator</RoleCode>
    </Investigator>
    <Institution>
      <Name>CUNY Queensborough Community College</Name>
      <CityName>Oakland Gardens</CityName>
      <ZipCode>113641497</ZipCode>
      <PhoneNumber>7186316222</PhoneNumber>
      <StreetAddress>222-05 56th Avenue</StreetAddress>
      <CountryName>United States</CountryName>
      <StateName>New York</StateName>
      <StateCode>NY</StateCode>
    </Institution>
    <ProgramElement>
      <Code>1281</Code>
      <Text>ANALYSIS PROGRAM</Text>
    </ProgramElement>
    <ProgramReference>
      <Code>7556</Code>
      <Text>CONFERENCE AND WORKSHOPS</Text>
    </ProgramReference>
  </Award>
</rootTag>
