<?xml version="1.0" encoding="UTF-8"?>
<rootTag>
<Award>
<AwardTitle>Representation Theory of W-Algebras, Rational Cherednik Algebras, and Quantized Quiver Varieties</AwardTitle>
<AwardEffectiveDate>06/01/2015</AwardEffectiveDate>
<AwardExpirationDate>05/31/2018</AwardExpirationDate>
<AwardAmount>309060</AwardAmount>
<AwardInstrument>
<Value>Continuing grant</Value>
</AwardInstrument>
<Organization>
<Code>03040000</Code>
<Directorate>
<LongName>Direct For Mathematical &amp; Physical Scien</LongName>
</Directorate>
<Division>
<LongName>Division Of Mathematical Sciences</LongName>
</Division>
</Organization>
<ProgramOfficer>
<SignBlockName>Matthew  Douglass</SignBlockName>
</ProgramOfficer>
<AbstractNarration>This research project deals with representation theory, the branch of mathematics concerned with studying linear symmetries. Symmetries often form algebraic structures, such as associative algebras. The algebras studied in this project all have a geometric nature and originate from quantum physics. The goal is to understand representations of a given algebra, meaning ways the algebra can be represented as  linear symmetries of something else. The basic building blocks here are irreducible representations, and a large part of this project deals with describing possible irreducible representations and computing important invariants, such as their dimensions. A second important question to be addressed in this project is understanding how more complicated representations may be built from irreducible representations. &lt;br/&gt;&lt;br/&gt;The project is devoted to the study of the representation theory W-algebras, rational Cherednik algebras, and quantized quiver varieties. For W-algebras, the investigator plans to classify the finite dimensional irreducible representations. For rational Cherednik algebras, the investigator plans to compute the number of simple objects in associated category O with given support. For quantized quiver varieties, the investigator plans to compute the characters of finite dimensional irreducible representations, study the structure of the corresponding category O, and produce derived equivalences as Ringel dualities for standardly stratified structures. This includes computing the dimensions of supports of irreducible modules.</AbstractNarration>
<MinAmdLetterDate>05/05/2015</MinAmdLetterDate>
<MaxAmdLetterDate>05/15/2017</MaxAmdLetterDate>
<ARRAAmount/>
<AwardID>1501558</AwardID>
<Investigator>
<FirstName>Ivan</FirstName>
<LastName>Loseu</LastName>
<EmailAddress>i.loseu@neu.edu</EmailAddress>
<StartDate>05/05/2015</StartDate>
<EndDate/>
<RoleCode>Principal Investigator</RoleCode>
</Investigator>
<Institution>
<Name>Northeastern University</Name>
<CityName>BOSTON</CityName>
<ZipCode>021155005</ZipCode>
<PhoneNumber>6173735600</PhoneNumber>
<StreetAddress>360 HUNTINGTON AVE</StreetAddress>
<CountryName>United States</CountryName>
<StateName>Massachusetts</StateName>
<StateCode>MA</StateCode>
</Institution>
<ProgramElement>
<Code>1264</Code>
<Text>ALGEBRA,NUMBER THEORY,AND COM</Text>
</ProgramElement>
</Award>
</rootTag>
