<?xml version="1.0" encoding="UTF-8"?>
<rootTag>
<Award>
<AwardTitle>UNC PDE Mini-Schools</AwardTitle>
<AwardEffectiveDate>02/01/2015</AwardEffectiveDate>
<AwardExpirationDate>01/31/2018</AwardExpirationDate>
<AwardAmount>49000</AwardAmount>
<AwardInstrument>
<Value>Continuing grant</Value>
</AwardInstrument>
<Organization>
<Code>03040000</Code>
<Directorate>
<LongName>Direct For Mathematical &amp; Physical Scien</LongName>
</Directorate>
<Division>
<LongName>Division Of Mathematical Sciences</LongName>
</Division>
</Organization>
<ProgramOfficer>
<SignBlockName>Bruce P. Palka</SignBlockName>
</ProgramOfficer>
<AbstractNarration>Abstract (Christianson, 1501020): &lt;br/&gt;&lt;br/&gt;This award provides funding for a sequence of mini-schools during 2015-2017,  to be held at   the University of North Carolina.  The  three mini-schools in 2015 will be held held during March 4-6, 2015 (tentative),  April 8-10, 2015 and summer of 2015 respectively.&lt;br/&gt;&lt;br/&gt;Through the mini-schools,  intimate  interaction and collaboration will be established between members at all levels of the University of North Carolina Partial Differential Equations group with members at all levels of other elite research groups with allied interests. The tentative principal speakers for 2015 are: Gunther Uhlmann, Alexandru Ionescu, and Steve Zelditch. During each mini-school, the principal speaker will give a series of three or more lectures over the course of 2-3 days on an important topic in the fields of geometric analysis and partial differential equations. Funded participants will be chosen by the organizing committee in collaboration with the principal speaker. Several funded participants will give satellite talks complementing the principal speaker's lectures. More information will be provided at  https://math.unc.edu/seminars-and-colloquia/seminar.</AbstractNarration>
<MinAmdLetterDate>01/27/2015</MinAmdLetterDate>
<MaxAmdLetterDate>02/08/2016</MaxAmdLetterDate>
<ARRAAmount/>
<AwardID>1501020</AwardID>
<Investigator>
<FirstName>Hans</FirstName>
<LastName>Christianson</LastName>
<EmailAddress>hans@math.unc.edu</EmailAddress>
<StartDate>01/27/2015</StartDate>
<EndDate/>
<RoleCode>Principal Investigator</RoleCode>
</Investigator>
<Investigator>
<FirstName>Jason</FirstName>
<LastName>Metcalfe</LastName>
<EmailAddress>metcalfe@email.unc.edu</EmailAddress>
<StartDate>01/27/2015</StartDate>
<EndDate/>
<RoleCode>Co-Principal Investigator</RoleCode>
</Investigator>
<Institution>
<Name>University of North Carolina at Chapel Hill</Name>
<CityName>CHAPEL HILL</CityName>
<ZipCode>275991350</ZipCode>
<PhoneNumber>9199663411</PhoneNumber>
<StreetAddress>104 AIRPORT DR STE 2200</StreetAddress>
<CountryName>United States</CountryName>
<StateName>North Carolina</StateName>
<StateCode>NC</StateCode>
</Institution>
<ProgramElement>
<Code>1281</Code>
<Text>ANALYSIS PROGRAM</Text>
</ProgramElement>
<ProgramReference>
<Code>7556</Code>
<Text>CONFERENCE AND WORKSHOPS</Text>
</ProgramReference>
</Award>
</rootTag>
