<?xml version="1.0" encoding="UTF-8"?>
<rootTag>
<Award>
<AwardTitle>DISSERTATION RESEARCH: Epidemiology meets symbiosis: modeling symbiont spread through multi-host communities</AwardTitle>
<AwardEffectiveDate>05/15/2015</AwardEffectiveDate>
<AwardExpirationDate>04/30/2018</AwardExpirationDate>
<AwardAmount>20930</AwardAmount>
<AwardInstrument>
<Value>Standard Grant</Value>
</AwardInstrument>
<Organization>
<Code>08010208</Code>
<Directorate>
<LongName>Direct For Biological Sciences</LongName>
</Directorate>
<Division>
<LongName>Division Of Environmental Biology</LongName>
</Division>
</Organization>
<ProgramOfficer>
<SignBlockName>Douglas Levey</SignBlockName>
</ProgramOfficer>
<AbstractNarration>Most new infectious diseases in humans are zoonotic, which means the pathogens that cause these diseases originate in wild and domestic animals and then spread to humans. Many pathogens that infect livestock and wildlife species are also found in other species. Mathematical models that describe pathogen transmission within single wildlife host species (e.g., rabies transmission within bat populations) and between different host species (e.g., rabies transmission between bats and skunks) are critical tools for understanding and predicting disease outbreaks in humans, livestock, and wildlife. In addition to being used to understand the spread of pathogens among hosts, these same models can be used to understand the spread of beneficial symbionts (small organisms such as bacteria that live in much larger hosts) that help rather than harm the host.  However, the fundamental assumptions that underlie these mathematical models are rarely tested, because observing animal contact rates and spread of disease in nature is difficult. This research will use a system of hosts and their symbionts to test assumptions on which the existing models are built, and will quantify how well those models can predict disease transmission in wildlife populations.  The results of this research will ultimately lead to mathematical models that are better at predicting symbiont transmission.  &lt;br/&gt; &lt;br/&gt;Wildlife population densities often vary across space and time. Classic epidemiological models use one of two mechanistic transmission functions to describe the relationship between host density and pathogen transmission rates. The first assumes that animal contact rates and thus transmission rates increase linearly with host density (density-dependent transmission), and the second assumes that animal contact rates and transmission rates are not affected by host density (frequency-dependent transmission). However, nonlinear relationships that fall somewhere between those extremes may be more appropriate in many host-symbiont systems. Using an experimentally tractable multi-host system - symbiotic annelid worms living on freshwater snails - this research will: (1) empirically quantify the relationship between host density and both intra- and inter-specific host contact rates, and (2) use the resulting model to make and test predictions regarding symbiont transmission dynamics in single and multi-host host communities at broad spatial and temporal scales in natural systems. Critical evaluation of fundamental model assumptions and the resulting model predictions will lead to better predictive models of symbiont transmission.</AbstractNarration>
<MinAmdLetterDate>04/09/2015</MinAmdLetterDate>
<MaxAmdLetterDate>04/09/2015</MaxAmdLetterDate>
<ARRAAmount/>
<AwardID>1501466</AwardID>
<Investigator>
<FirstName>Lisa</FirstName>
<LastName>Belden</LastName>
<EmailAddress>belden@vt.edu</EmailAddress>
<StartDate>04/09/2015</StartDate>
<EndDate/>
<RoleCode>Principal Investigator</RoleCode>
</Investigator>
<Investigator>
<FirstName>Skylar</FirstName>
<LastName>Hopkins</LastName>
<EmailAddress>skylar.hopkins@vt.edu</EmailAddress>
<StartDate>04/09/2015</StartDate>
<EndDate/>
<RoleCode>Co-Principal Investigator</RoleCode>
</Investigator>
<Institution>
<Name>Virginia Polytechnic Institute and State University</Name>
<CityName>BLACKSBURG</CityName>
<ZipCode>240610001</ZipCode>
<PhoneNumber>5402315281</PhoneNumber>
<StreetAddress>Sponsored Programs 0170</StreetAddress>
<CountryName>United States</CountryName>
<StateName>Virginia</StateName>
<StateCode>VA</StateCode>
</Institution>
<ProgramElement>
<Code>1182</Code>
<Text>POP &amp; COMMUNITY ECOL PROG</Text>
</ProgramElement>
<ProgramReference>
<Code>9169</Code>
<Text>BIODIVERSITY AND ECOSYSTEM DYNAMICS</Text>
</ProgramReference>
<ProgramReference>
<Code>9179</Code>
<Text>GRADUATE INVOLVEMENT</Text>
</ProgramReference>
<ProgramReference>
<Code>EGCH</Code>
<Text>ENVIRONMENT AND GLOBAL CHANGE</Text>
</ProgramReference>
<ProgramReference>
<Code>SMET</Code>
<Text>SCIENCE, MATH, ENG &amp; TECH EDUCATION</Text>
</ProgramReference>
</Award>
</rootTag>
