<?xml version="1.0" encoding="UTF-8"?>
<rootTag>
<Award>
<AwardTitle>Polytopes in Combinatorics and Algebra</AwardTitle>
<AwardEffectiveDate>07/15/2015</AwardEffectiveDate>
<AwardExpirationDate>06/30/2018</AwardExpirationDate>
<AwardAmount>170000</AwardAmount>
<AwardInstrument>
<Value>Standard Grant</Value>
</AwardInstrument>
<Organization>
<Code>03040000</Code>
<Directorate>
<LongName>Direct For Mathematical &amp; Physical Scien</LongName>
</Directorate>
<Division>
<LongName>Division Of Mathematical Sciences</LongName>
</Division>
</Organization>
<ProgramOfficer>
<SignBlockName>Tomek Bartoszynski</SignBlockName>
</ProgramOfficer>
<AbstractNarration>Polytopes are geometric objects with flat sides: polygons in two dimensions, polyhedra in three dimensions, and higher-dimensional generalizations.  Polytopes are ubiquitous in mathematics and play important roles throughout science and engineering.  The simplest n-dimensional polytopes have only n+1 vertices and are called simplices: triangles, tetrahedra, and their higher-dimensional generalizations.  While it is straightforward to determine the volume of a simplex in any dimension, the volume of a general polyhedron in high dimension can be challenging to compute.  One way to calculate volume is to dissect a polytope into simplices. This research project studies dissections, volumes, and integer points of special families of polytopes known as flow and root polytopes.  Flow and root polytopes naturally appear in problems in several areas of mathematics, such as representation theory and algebraic geometry. Results of this project will have impact in these areas of mathematics as well as in scientific and engineering applications.&lt;br/&gt;&lt;br/&gt;A number of important conjectures and questions in algebraic combinatorics have flow polytopes and root polytopes at their core. These special polytopes can be systematically dissected into simplices. The project will investigate a conjecture of Haglund about the bigraded Hilbert series of the space of diagonal harmonics that can be stated in terms of a sum of a certain weight function over the integer points of a flow polytope. The research will also study the subword complexes introduced by Knutson and Miller, conceived to illustrate the combinatorics of Schubert polynomials and determinantal ideals, by relating them to root polytopes.</AbstractNarration>
<MinAmdLetterDate>07/10/2015</MinAmdLetterDate>
<MaxAmdLetterDate>07/10/2015</MaxAmdLetterDate>
<ARRAAmount/>
<AwardID>1501059</AwardID>
<Investigator>
<FirstName>Karola</FirstName>
<LastName>Meszaros</LastName>
<EmailAddress>karola@math.cornell.edu</EmailAddress>
<StartDate>07/10/2015</StartDate>
<EndDate/>
<RoleCode>Principal Investigator</RoleCode>
</Investigator>
<Institution>
<Name>Cornell University</Name>
<CityName>Ithaca</CityName>
<ZipCode>148502820</ZipCode>
<PhoneNumber>6072555014</PhoneNumber>
<StreetAddress>373 Pine Tree Road</StreetAddress>
<CountryName>United States</CountryName>
<StateName>New York</StateName>
<StateCode>NY</StateCode>
</Institution>
<ProgramElement>
<Code>7970</Code>
<Text>Combinatorics</Text>
</ProgramElement>
</Award>
</rootTag>
