<?xml version="1.0" encoding="UTF-8"?>
<rootTag>
<Award>
<AwardTitle>DISSERTATION RESEARCH: Male fitness in a single cell: The evolutionary significance of male reproductive cell morphology</AwardTitle>
<AwardEffectiveDate>05/01/2015</AwardEffectiveDate>
<AwardExpirationDate>04/30/2017</AwardExpirationDate>
<AwardAmount>20475</AwardAmount>
<AwardInstrument>
<Value>Standard Grant</Value>
</AwardInstrument>
<Organization>
<Code>08010207</Code>
<Directorate>
<LongName>Direct For Biological Sciences</LongName>
</Directorate>
<Division>
<LongName>Division Of Environmental Biology</LongName>
</Division>
</Organization>
<ProgramOfficer>
<SignBlockName>George W. Gilchrist</SignBlockName>
</ProgramOfficer>
<AbstractNarration>The goals of this project are to understand how natural selection acts on male reproductive cell characteristics both within and among species. A central aim of evolutionary biology is describing the sources of diversity in traits within and among species. Traits that confer an advantage in securing a mate are often highly diverse. Though historically research has focused on extravagant traits, such as plumage or horn size, relatively little research has focused on such traits directly involved in fertilization. The male reproductive cell is the most diverse cell type among animals, ranging from a few micrometers in some species to 6 cm in length in others, and is central to male reproductive success. Because males of all animal species produce such cells, studying them provides a unique model for exploring how selection shapes the evolution a trait critical for fertilization across the animal kingdom. The project goals will be achieved through a combination of field work, microscopy, and new genomic methods for identifying paternity in a population of nearly two thousand lizards. &lt;br/&gt;&lt;br/&gt;My proposed studies will test the hypothesis that the strength and direction of selection on traits within a species will be mirrored in patterns of evolution among species. This project is broken into three aims: 1) testing for correlated evolutionary changes between male reproductive cell morphology and proxies for both pre and post-copulatory selection, 2) measuring phenotypic plasticity and fitness consequences of morphology within a species and 3) measuring selection on morphology, quantity and quality in a wild population. The proposed improvement (aim 3), will allow for the measurement of selection on these traits in a wild population of brown anole lizards using recently developed genomic methods for constructing pedigrees. Together, these projects will integrate microevolutionary processes with macroevolutionary patterns to better understand the evolution of the male gamete.</AbstractNarration>
<MinAmdLetterDate>03/17/2015</MinAmdLetterDate>
<MaxAmdLetterDate>03/17/2015</MaxAmdLetterDate>
<ARRAAmount/>
<AwardID>1501680</AwardID>
<Investigator>
<FirstName>Robert</FirstName>
<LastName>Cox</LastName>
<EmailAddress>rmc3u@virginia.edu</EmailAddress>
<StartDate>03/17/2015</StartDate>
<EndDate/>
<RoleCode>Principal Investigator</RoleCode>
</Investigator>
<Investigator>
<FirstName>Ariel</FirstName>
<LastName>Kahrl</LastName>
<EmailAddress>afk7df@virginia.edu</EmailAddress>
<StartDate>03/17/2015</StartDate>
<EndDate/>
<RoleCode>Co-Principal Investigator</RoleCode>
</Investigator>
<Institution>
<Name>University of Virginia Main Campus</Name>
<CityName>CHARLOTTESVILLE</CityName>
<ZipCode>229044195</ZipCode>
<PhoneNumber>4349244270</PhoneNumber>
<StreetAddress>P.O.  BOX 400195</StreetAddress>
<CountryName>United States</CountryName>
<StateName>Virginia</StateName>
<StateCode>VA</StateCode>
</Institution>
<ProgramElement>
<Code>7377</Code>
<Text>EVOLUTIONARY ECOLOGY</Text>
</ProgramElement>
<ProgramReference>
<Code>9169</Code>
<Text>BIODIVERSITY AND ECOSYSTEM DYNAMICS</Text>
</ProgramReference>
<ProgramReference>
<Code>9179</Code>
<Text>GRADUATE INVOLVEMENT</Text>
</ProgramReference>
<ProgramReference>
<Code>EGCH</Code>
<Text>ENVIRONMENT AND GLOBAL CHANGE</Text>
</ProgramReference>
<ProgramReference>
<Code>SMET</Code>
<Text>SCIENCE, MATH, ENG &amp; TECH EDUCATION</Text>
</ProgramReference>
</Award>
</rootTag>
