<?xml version="1.0" encoding="UTF-8"?>
<rootTag>
<Award>
<AwardTitle>Automorphic Forms and L-functions: P-adic Aspects and Applications</AwardTitle>
<AwardEffectiveDate>08/01/2015</AwardEffectiveDate>
<AwardExpirationDate>09/30/2015</AwardExpirationDate>
<AwardAmount>135000</AwardAmount>
<AwardInstrument>
<Value>Standard Grant</Value>
</AwardInstrument>
<Organization>
<Code>03040000</Code>
<Directorate>
<LongName>Direct For Mathematical &amp; Physical Scien</LongName>
</Directorate>
<Division>
<LongName>Division Of Mathematical Sciences</LongName>
</Division>
</Organization>
<ProgramOfficer>
<SignBlockName>Andrew D. Pollington</SignBlockName>
</ProgramOfficer>
<AbstractNarration>This research project primarily concerns topics in number theory, one of the oldest branches of mathematics.  Number theory is concerned with properties of whole numbers, such as factorization and related topics.  In this project, the investigator will combine geometry, another classical branch of mathematics, with number theory, using deep geometric techniques together with properties of prime numbers to prove new results in number theory, in particular by studying certain families of number theoretic data.  The techniques in this research project build on ones that have played a key role in the investigator's prior research, as well as ones that have been essential in some of the largest recent breakthroughs in mathematics, such as the proof of Fermat's Last Theorem. Other components of the project delve into exciting new areas in the field. &lt;br/&gt; &lt;br/&gt;This project focuses on four closely connected topics: L-functions, automorphic forms, differential operators, and related geometric problems.  Most of the research concerns p-adic aspects, but the investigator will also work on some purely Archimedean problems that have arisen in the context of her previous work on p-adic interpolation of values of Eisenstein series and L-functions.  The planned work has consequences primarily in number theory but also conjecturally in representation theory.  The p-adic L-functions that form part of this research program conjecturally play a key role in Iwasawa theory, a p-adic theory for studying arithmetic data, such as class groups and Galois representations.  The geometric problems in this research program also will contribute to the understanding of p-adic L-functions, Galois representations, and their role in Iwasawa theory.</AbstractNarration>
<MinAmdLetterDate>07/29/2015</MinAmdLetterDate>
<MaxAmdLetterDate>07/29/2015</MaxAmdLetterDate>
<ARRAAmount/>
<AwardID>1501083</AwardID>
<Investigator>
<FirstName>Ellen</FirstName>
<LastName>Eischen</LastName>
<EmailAddress>eeischen@uoregon.edu</EmailAddress>
<StartDate>07/29/2015</StartDate>
<EndDate/>
<RoleCode>Principal Investigator</RoleCode>
</Investigator>
<Institution>
<Name>University of North Carolina at Chapel Hill</Name>
<CityName>CHAPEL HILL</CityName>
<ZipCode>275991350</ZipCode>
<PhoneNumber>9199663411</PhoneNumber>
<StreetAddress>104 AIRPORT DR STE 2200</StreetAddress>
<CountryName>United States</CountryName>
<StateName>North Carolina</StateName>
<StateCode>NC</StateCode>
</Institution>
<ProgramElement>
<Code>1264</Code>
<Text>ALGEBRA,NUMBER THEORY,AND COM</Text>
</ProgramElement>
</Award>
</rootTag>
