<?xml version="1.0" encoding="UTF-8"?>
<rootTag>
<Award>
<AwardTitle>Dissertation Research:  Molecular mechanisms underlying rapid adaptive divergence in the Swamp Sparrow</AwardTitle>
<AwardEffectiveDate>07/01/2015</AwardEffectiveDate>
<AwardExpirationDate>06/30/2017</AwardExpirationDate>
<AwardAmount>20150</AwardAmount>
<AwardInstrument>
<Value>Standard Grant</Value>
</AwardInstrument>
<Organization>
<Code>08010207</Code>
<Directorate>
<LongName>Direct For Biological Sciences</LongName>
</Directorate>
<Division>
<LongName>Division Of Environmental Biology</LongName>
</Division>
</Organization>
<ProgramOfficer>
<SignBlockName>George W. Gilchrist</SignBlockName>
</ProgramOfficer>
<AbstractNarration>Populations of a single species that live in different geographic regions often diverge as natural selection drives adaptation to the local environment. Understanding the processes of divergence and local adaptation is of particular importance in this contemporary era of rapidly changing environments. The coastal salt marshes of North America provide excellent systems in which to study rapid adaptive divergence, given that these habitats have formed within the last 15,000 years and represent novel selective environments for their inhabitants. Within many independent lineages of birds, there is a strong pattern of evolving larger bills and darker plumage after colonizing coastal salt marshes, suggesting that these traits offer a selective advantage. This project will allow identification of the genetic basis of divergence in these traits, and provide a window into the evolutionary mechanisms underlying local adaptation. This project will also provide hands-on training for graduate and undergraduate students, and will provide useful information for the conservation of coastal bird populations. &lt;br/&gt;&lt;br/&gt;Two locally adapted subspecies of the Swamp Sparrow exist in the northeastern US: A brown inland form with a small bill, and a dark grey coastal form with a large bill. Preliminary DNA sequence (ddRAD) data reveal that the two forms are very similar, but several regions of the genome are highly differentiated between them.  The natural history of coastal Swamp Sparrows suggests that strong directional selection may have influenced sequence variation in these highly differentiated regions. To test this hypothesis, patterns of genome-wide divergence will be surveyed by generating additional DNA sequence data for each differentiated region; these will be statistically examined for molecular signatures of selective sweeps. This project provides an important test of this emerging statistical methodology.</AbstractNarration>
<MinAmdLetterDate>04/01/2015</MinAmdLetterDate>
<MaxAmdLetterDate>07/12/2016</MaxAmdLetterDate>
<ARRAAmount/>
<AwardID>1501471</AwardID>
<Investigator>
<FirstName>Irby</FirstName>
<LastName>Lovette</LastName>
<EmailAddress>ijl2@cornell.edu</EmailAddress>
<StartDate>07/12/2016</StartDate>
<EndDate/>
<RoleCode>Principal Investigator</RoleCode>
</Investigator>
<Investigator>
<FirstName>Irby</FirstName>
<LastName>Lovette</LastName>
<EmailAddress>ijl2@cornell.edu</EmailAddress>
<StartDate>04/01/2015</StartDate>
<EndDate>07/12/2016</EndDate>
<RoleCode>Former Co-Principal Investigator</RoleCode>
</Investigator>
<Investigator>
<FirstName>Petra</FirstName>
<LastName>Deane-Coe</LastName>
<EmailAddress>ped36@cornell.edu</EmailAddress>
<StartDate>04/01/2015</StartDate>
<EndDate/>
<RoleCode>Co-Principal Investigator</RoleCode>
</Investigator>
<Investigator>
<FirstName>Richard</FirstName>
<LastName>Harrison</LastName>
<EmailAddress>rgh4@cornell.edu</EmailAddress>
<StartDate>04/01/2015</StartDate>
<EndDate>07/12/2016</EndDate>
<RoleCode>Former Principal Investigator</RoleCode>
</Investigator>
<Institution>
<Name>Cornell University</Name>
<CityName>Ithaca</CityName>
<ZipCode>148502820</ZipCode>
<PhoneNumber>6072555014</PhoneNumber>
<StreetAddress>373 Pine Tree Road</StreetAddress>
<CountryName>United States</CountryName>
<StateName>New York</StateName>
<StateCode>NY</StateCode>
</Institution>
<ProgramElement>
<Code>7378</Code>
<Text>EVOLUTIONARY GENETICS</Text>
</ProgramElement>
<ProgramReference>
<Code>9169</Code>
<Text>BIODIVERSITY AND ECOSYSTEM DYNAMICS</Text>
</ProgramReference>
<ProgramReference>
<Code>9179</Code>
<Text>GRADUATE INVOLVEMENT</Text>
</ProgramReference>
<ProgramReference>
<Code>EGCH</Code>
<Text>ENVIRONMENT AND GLOBAL CHANGE</Text>
</ProgramReference>
<ProgramReference>
<Code>SMET</Code>
<Text>SCIENCE, MATH, ENG &amp; TECH EDUCATION</Text>
</ProgramReference>
</Award>
</rootTag>
