<?xml version="1.0" encoding="UTF-8"?>
<rootTag>
<Award>
<AwardTitle>DISSERTATION RESEARCH: Geographic variation of gut microbial community in natural populations of house mice across the Americas</AwardTitle>
<AwardEffectiveDate>06/15/2015</AwardEffectiveDate>
<AwardExpirationDate>05/31/2018</AwardExpirationDate>
<AwardAmount>20330</AwardAmount>
<AwardInstrument>
<Value>Standard Grant</Value>
</AwardInstrument>
<Organization>
<Code>08010208</Code>
<Directorate>
<LongName>Direct For Biological Sciences</LongName>
</Directorate>
<Division>
<LongName>Division Of Environmental Biology</LongName>
</Division>
</Organization>
<ProgramOfficer>
<SignBlockName>Douglas Levey</SignBlockName>
</ProgramOfficer>
<AbstractNarration>Recent research shows that the gut microbial communities can have significant effects on an individual's health as well as on susceptibility to obesity. This project combines laboratory experiments with quantitative information on body size variation from 26 populations of wild house mice across North and South America to shed new light on factors contributing to the composition and the function of gut microbes. Because humans and wild mice show similar variation in their gut microbial composition across the globe, the findings in wild mice may serve as a model to help understand the role of gut microbes in digestion and human health more broadly. The project will support the research to improve a doctoral student's dissertation. Data and specimens collected in the field will be publicly available through the Museum of Vertebrate Zoology at University of California, Berkeley and electroically. &lt;br/&gt;&lt;br/&gt;House mice are an ideal mammalian model system that can be used, through manipulative laboratory experiments, to disentangle confounding factors that are associated with microbial community variation in natural populations. Mice derived from natural populations at high and low latitudes show pronounced differences in body size. Laboratory-reared descendants of these extreme populations will be used in manipulative experiments to test the effects of two dietary types and the two host genotypes on gut microbiota. Comparative metagenomics of the cecal contents of wild and laboratory-reared individuals will quantify the differences in microbial metabolic capability (for example, efficiency in energy extraction) between populations. Results will improve current understanding of mammalian gut microbial ecology.</AbstractNarration>
<MinAmdLetterDate>06/09/2015</MinAmdLetterDate>
<MaxAmdLetterDate>06/09/2015</MaxAmdLetterDate>
<ARRAAmount/>
<AwardID>1501646</AwardID>
<Investigator>
<FirstName>Michael</FirstName>
<LastName>Nachman</LastName>
<EmailAddress>mnachman@berkeley.edu</EmailAddress>
<StartDate>06/09/2015</StartDate>
<EndDate/>
<RoleCode>Principal Investigator</RoleCode>
</Investigator>
<Investigator>
<FirstName>Taichi</FirstName>
<LastName>Suzuki</LastName>
<EmailAddress>taichis@berkeley.edu</EmailAddress>
<StartDate>06/09/2015</StartDate>
<EndDate/>
<RoleCode>Co-Principal Investigator</RoleCode>
</Investigator>
<Institution>
<Name>University of California-Berkeley</Name>
<CityName>BERKELEY</CityName>
<ZipCode>947045940</ZipCode>
<PhoneNumber>5106428109</PhoneNumber>
<StreetAddress>Sponsored Projects Office</StreetAddress>
<CountryName>United States</CountryName>
<StateName>California</StateName>
<StateCode>CA</StateCode>
</Institution>
<ProgramElement>
<Code>1182</Code>
<Text>POP &amp; COMMUNITY ECOL PROG</Text>
</ProgramElement>
<ProgramReference>
<Code>9169</Code>
<Text>BIODIVERSITY AND ECOSYSTEM DYNAMICS</Text>
</ProgramReference>
<ProgramReference>
<Code>9179</Code>
<Text>GRADUATE INVOLVEMENT</Text>
</ProgramReference>
<ProgramReference>
<Code>EGCH</Code>
<Text>ENVIRONMENT AND GLOBAL CHANGE</Text>
</ProgramReference>
<ProgramReference>
<Code>SMET</Code>
<Text>SCIENCE, MATH, ENG &amp; TECH EDUCATION</Text>
</ProgramReference>
</Award>
</rootTag>
