<?xml version="1.0" encoding="UTF-8"?>
<rootTag>
<Award>
<AwardTitle>FORCE 11 Travel</AwardTitle>
<AwardEffectiveDate>11/01/2014</AwardEffectiveDate>
<AwardExpirationDate>10/31/2015</AwardExpirationDate>
<AwardAmount>30596</AwardAmount>
<AwardInstrument>
<Value>Standard Grant</Value>
</AwardInstrument>
<Organization>
<Code>05020000</Code>
<Directorate>
<LongName>Direct For Computer &amp; Info Scie &amp; Enginr</LongName>
</Directorate>
<Division>
<LongName>Div Of Information &amp; Intelligent Systems</LongName>
</Division>
</Organization>
<ProgramOfficer>
<SignBlockName>Sylvia J. Spengler</SignBlockName>
</ProgramOfficer>
<AbstractNarration>The Future of Research Communication and e-Scholarship conference (FORCES2015) will be held in Oxford, UK in January 2015.  This is the third in a series organized by FORCE11, a group from the research community and publishing communities dedicated to transforming scholarly communicaton through technology.  The group involves researchers, librarians, publishers, technologists, funders and administrators for a trans-disciplinary summit and discussion.  The funds will provide an opportunity for students and postdoctoral fellows to participate.  Meeting materials are posted on the web, including videos of speaks, tweat and references to blogs and other articles about the conference.</AbstractNarration>
<MinAmdLetterDate>10/29/2014</MinAmdLetterDate>
<MaxAmdLetterDate>10/29/2014</MaxAmdLetterDate>
<ARRAAmount/>
<AwardID>1501386</AwardID>
<Investigator>
<FirstName>Maryann</FirstName>
<LastName>Martone</LastName>
<EmailAddress>maryann@ncmir.ucsd.edu</EmailAddress>
<StartDate>10/29/2014</StartDate>
<EndDate/>
<RoleCode>Principal Investigator</RoleCode>
</Investigator>
<Institution>
<Name>University of California-San Diego</Name>
<CityName>La Jolla</CityName>
<ZipCode>920930621</ZipCode>
<PhoneNumber>8585344896</PhoneNumber>
<StreetAddress>Office of Contract &amp; Grant Admin</StreetAddress>
<CountryName>United States</CountryName>
<StateName>California</StateName>
<StateCode>CA</StateCode>
</Institution>
<ProgramElement>
<Code>7364</Code>
<Text>INFO INTEGRATION &amp; INFORMATICS</Text>
</ProgramElement>
<ProgramReference>
<Code>7364</Code>
<Text>INFO INTEGRATION &amp; INFORMATICS</Text>
</ProgramReference>
<ProgramReference>
<Code>7556</Code>
<Text>CONFERENCE AND WORKSHOPS</Text>
</ProgramReference>
</Award>
</rootTag>
