<?xml version="1.0" encoding="UTF-8"?>

<rootTag>
  <Award>
    <AwardTitle>GOALI: Influence of Length-Scale on Diffusion During FAST (Field-Assisted Sintering Technology)</AwardTitle>
    <AwardEffectiveDate>07/01/2014</AwardEffectiveDate>
    <AwardExpirationDate>01/31/2016</AwardExpirationDate>
    <AwardAmount>350000</AwardAmount>
    <AwardInstrument>
      <Value>Standard Grant</Value>
    </AwardInstrument>
    <Organization>
      <Code>07030000</Code>
      <Directorate>
        <LongName>Directorate For Engineering</LongName>
      </Directorate>
      <Division>
        <LongName>Div Of Civil, Mechanical, &amp; Manufact Inn</LongName>
      </Division>
    </Organization>
    <ProgramOfficer>
      <SignBlockName>Mary M. Toney</SignBlockName>
    </ProgramOfficer>
    <AbstractNarration>Titanium and its alloys represent an important family of materials providing energy efficiency along with mechanical and environmental advantages but have seen only limited application primarily due to the high cost of production. Electric field-assisted sintering technology, sometimes called spark plasma sintering, is a novel process for the consolidation of powders or particulates that offers cost advantages over conventional approaches. The team of this Grant Opportunity for Academic Liaison with Industry (GOALI) project will contribute to the fundamental understanding of molecular diffusion behavior during field-assisted sintering for titanium and titanium powders that will enable cost-effective manufacturing of these materials while maintaining material attributes such as high strength, low density and environmental inertness. The findings will impact both the automotive and aerospace industries. The collaborative university-industry research team will educate university students as well as provide outreach activities to attract high school students to engineering careers.&lt;br/&gt;&lt;br/&gt;Availability of diffusion data in multicomponent systems has been scarce due to the complexity of diffusion analyses and the dependence of interdiffusion coefficients on composition. This has prevented accurate modeling of the kinetics of sintering for ternary or higher order systems encountered in commercially important materials. The research team will generate ternary interdiffusion coefficients for titanium-aluminum-niobium systems, an important material system for automotive and aerospace applications. In the presence of an electric field during field-assisted sintering, the phase equilibrium can be altered giving rise to new phases or eliminating certain phases during processing. The effects of an imposed electric field and microstructural length scale will be assessed through a set of experiments and simulations that will provide insight into the thermodynamics and kinetics of the interdiffusion and phase equilibria/transformation for the chosen material system. With this insight, titanium alloys can be designed and manufactured with desired properties at lower cost than is available today.</AbstractNarration>
    <MinAmdLetterDate>06/15/2014</MinAmdLetterDate>
    <MaxAmdLetterDate>06/15/2014</MaxAmdLetterDate>
    <ARRAAmount/>
    <AwardID>1400268</AwardID>
    <Investigator>
      <FirstName>Enrique</FirstName>
      <LastName>Lavernia</LastName>
      <EmailAddress>lavernia@uci.edu</EmailAddress>
      <StartDate>06/15/2014</StartDate>
      <EndDate/>
      <RoleCode>Principal Investigator</RoleCode>
    </Investigator>
    <Investigator>
      <FirstName>Anil</FirstName>
      <LastName>Sachdev</LastName>
      <EmailAddress>anil.k.sachdev@gm.com</EmailAddress>
      <StartDate>06/15/2014</StartDate>
      <EndDate/>
      <RoleCode>Co-Principal Investigator</RoleCode>
    </Investigator>
    <Institution>
      <Name>University of California-Davis</Name>
      <CityName>Davis</CityName>
      <ZipCode>956186134</ZipCode>
      <PhoneNumber>5307547700</PhoneNumber>
      <StreetAddress>OR/Sponsored Programs</StreetAddress>
      <CountryName>United States</CountryName>
      <StateName>California</StateName>
      <StateCode>CA</StateCode>
    </Institution>
    <ProgramElement>
      <Code>1504</Code>
      <Text>GRANT OPP FOR ACAD LIA W/INDUS</Text>
    </ProgramElement>
    <ProgramElement>
      <Code>8092</Code>
      <Text>Materials Eng. &amp; Processing</Text>
    </ProgramElement>
    <ProgramReference>
      <Code>025E</Code>
      <Text>INFRASTRUCTURE MATERIALS</Text>
    </ProgramReference>
    <ProgramReference>
      <Code>026E</Code>
      <Text>STRUCTURAL MECHANICS</Text>
    </ProgramReference>
    <ProgramReference>
      <Code>036E</Code>
      <Text>CIVIL INFRASTRUCTURE</Text>
    </ProgramReference>
    <ProgramReference>
      <Code>083E</Code>
      <Text>MATERIAL TRANSFORMATION PROC</Text>
    </ProgramReference>
    <ProgramReference>
      <Code>088E</Code>
      <Text>THERMALLY DRIVEN PROCESSES</Text>
    </ProgramReference>
    <ProgramReference>
      <Code>1444</Code>
      <Text>SURFACE ENGINEERING</Text>
    </ProgramReference>
    <ProgramReference>
      <Code>1504</Code>
      <Text>GRANT OPP FOR ACAD LIA W/INDUS</Text>
    </ProgramReference>
    <ProgramReference>
      <Code>8021</Code>
      <Text>Materials Engineering</Text>
    </ProgramReference>
    <ProgramReference>
      <Code>8025</Code>
      <Text>Advanced Materials Processing</Text>
    </ProgramReference>
    <ProgramReference>
      <Code>8037</Code>
      <Text>Advanced Manufacturing</Text>
    </ProgramReference>
    <ProgramReference>
      <Code>9102</Code>
      <Text>WOMEN, MINORITY, DISABLED, NEC</Text>
    </ProgramReference>
  </Award>
</rootTag>
