<?xml version="1.0" encoding="UTF-8"?>
<rootTag>
<Award>
<AwardTitle>Next Generation Multi-craft Manufacturing Support Technician</AwardTitle>
<AwardEffectiveDate>10/01/2014</AwardEffectiveDate>
<AwardExpirationDate>09/30/2018</AwardExpirationDate>
<AwardAmount>814694</AwardAmount>
<AwardInstrument>
<Value>Standard Grant</Value>
</AwardInstrument>
<Organization>
<Code>11040100</Code>
<Directorate>
<LongName>Direct For Education and Human Resources</LongName>
</Directorate>
<Division>
<LongName>Division Of Undergraduate Education</LongName>
</Division>
</Organization>
<ProgramOfficer>
<SignBlockName>Olga Pierrakos</SignBlockName>
</ProgramOfficer>
<AbstractNarration>Manufacturing is a major component of the Ohio economy and is ranked sixth in the nation in manufacturing's percentage of total jobs. From now to 2020, eight manufacturing subsectors are expected to grow in Ohio: food manufacturing, beverage and tobacco products, wood products, plastic and rubber products, nonmetallic mineral products, fabricated metal products, transportation equipment, and furniture and related products. This growth creates an increased demand for multi-craft maintenance support technicians.&lt;br/&gt;&lt;br/&gt;Columbus State Community College will collaborate with Miami University, two Worthington City high schools, Honda North American Services LLC and several manufacturing companies to expand the supply of next-generation multi-craft manufacturing support technicians to address this growing shortage in the Central Ohio Region. The technicians will have skills in electrical (AC and DC), programmable logical controllers, pneumatics, hydraulics, mechanical drive systems, welding, troubleshooting, and safety. The multi-craft manufacturing support technicians will design, install, troubleshoot, and maintain a variety of types of equipment within manufacturing and process control operations. The project will integrate an Advanced Automation Institute summer bridge program, with classroom instruction, and paid work study into a seamless pathway from high school to a baccalaureate degree. Planned laboratory improvements will include upgrading welding facilities, additions to a self-paced Integrated Systems Technology facility, and creating a remote site laboratory to serve students in rural areas. A key feature will involve specific methods to reach out to and serve under-represented populations. There will be a wide dissemination of the program model through publications, conferences, and partnerships.&lt;br/&gt;&lt;br/&gt;Project evaluation activities will address the program impact on students and their employability, the quality of the learning materials developed, and the impact on faculty and the institution of the multi-craft maintenance support technician career pathway.</AbstractNarration>
<MinAmdLetterDate>08/18/2014</MinAmdLetterDate>
<MaxAmdLetterDate>11/30/2016</MaxAmdLetterDate>
<ARRAAmount/>
<AwardID>1400354</AwardID>
<Investigator>
<FirstName>Dick</FirstName>
<LastName>Bickerstaff</LastName>
<EmailAddress>dbickers@cscc.edu</EmailAddress>
<StartDate>08/18/2014</StartDate>
<EndDate>11/30/2016</EndDate>
<RoleCode>Former Principal Investigator</RoleCode>
</Investigator>
<Investigator>
<FirstName>Andrew</FirstName>
<LastName>Rezin</LastName>
<EmailAddress>arezin@cscc.edu</EmailAddress>
<StartDate>08/18/2014</StartDate>
<EndDate>07/07/2016</EndDate>
<RoleCode>Former Co-Principal Investigator</RoleCode>
</Investigator>
<Investigator>
<FirstName>Trevor</FirstName>
<LastName>Warfield</LastName>
<EmailAddress>twarfiel@cscc.edu</EmailAddress>
<StartDate>07/07/2016</StartDate>
<EndDate/>
<RoleCode>Co-Principal Investigator</RoleCode>
</Investigator>
<Investigator>
<FirstName>Adele</FirstName>
<LastName>Wright</LastName>
<EmailAddress>awright@cscc.edu</EmailAddress>
<StartDate>11/30/2016</StartDate>
<EndDate/>
<RoleCode>Principal Investigator</RoleCode>
</Investigator>
<Institution>
<Name>Columbus State Community College</Name>
<CityName>Columbus</CityName>
<ZipCode>432151722</ZipCode>
<PhoneNumber>6142872639</PhoneNumber>
<StreetAddress>550 East Spring Street</StreetAddress>
<CountryName>United States</CountryName>
<StateName>Ohio</StateName>
<StateCode>OH</StateCode>
</Institution>
<ProgramElement>
<Code>7412</Code>
<Text>ADVANCED TECH EDUCATION PROG</Text>
</ProgramElement>
<ProgramReference>
<Code>1032</Code>
<Text>ADVANCED TECHNOLOGY EDUCATION</Text>
</ProgramReference>
<ProgramReference>
<Code>9178</Code>
<Text>UNDERGRADUATE EDUCATION</Text>
</ProgramReference>
<ProgramReference>
<Code>SMET</Code>
<Text>SCIENCE, MATH, ENG &amp; TECH EDUCATION</Text>
</ProgramReference>
</Award>
</rootTag>
