<?xml version="1.0" encoding="UTF-8"?>
<rootTag>
<Award>
<AwardTitle>Q-polynomial schemes, coherent configurations, and applications</AwardTitle>
<AwardEffectiveDate>08/15/2014</AwardEffectiveDate>
<AwardExpirationDate>07/31/2017</AwardExpirationDate>
<AwardAmount>228088</AwardAmount>
<AwardInstrument>
<Value>Continuing grant</Value>
</AwardInstrument>
<Organization>
<Code>03040000</Code>
<Directorate>
<LongName>Direct For Mathematical &amp; Physical Scien</LongName>
</Directorate>
<Division>
<LongName>Division Of Mathematical Sciences</LongName>
</Division>
</Organization>
<ProgramOfficer>
<SignBlockName>Tomek Bartoszynski</SignBlockName>
</ProgramOfficer>
<AbstractNarration>Combinatorics is a broad area of mathematics that has found applications to many other fields such as computer science, statistics, physics, and chemistry. Association schemes and coherent configurations give a unified framework for several areas of combinatorics, such as coding theory, the statistical design of experiments, and finite geometry. This work has the potential to shed light on many problems in other areas of combinatorics, including those mentioned above as well as extremal graph theory. This project will further explore the rich connections between algebra and combinatorics, and help demarcate new directions, problems, and questions, thereby stimulating further interest in the area. Broader impacts include a sharpening of mathematical tools for applications in industry, training of highly qualified graduate students for academia and industry, and undergraduate research opportunities. &lt;br/&gt;&lt;br/&gt;The interaction between linear and abstract algebra and combinatorics has been a very fruitful area of study and continues to find applications beyond pure mathematics, in physics, computer science, and statistics. In this project, the PI and his team study association schemes and coherent configurations. The first part of the project is a study of association schemes with the so-called Q-polynomial property, a property formally dual to the notion of a distance-regular graph. While distance-regular graphs have been well studied, until the last decade little attention was paid to schemes with the Q-polynomial property that did not also arise from distance-regular graphs. Recent results suggest that these objects are of interest in and of themselves, and that the surprising structure of these schemes merits further exploration. The PI will continue the search for new examples of Q-polynomial schemes, with particular emphasis on those that arise from groups. The search will be complemented by work to characterize Q-polynomial schemes. The second part of the project concerns extending results of association schemes to the more general notion of coherent configurations, a natural generalization of association schemes. In particular, the PI will explore further applications of the recently discovered semidefinite bound in coherent configurations.</AbstractNarration>
<MinAmdLetterDate>08/03/2014</MinAmdLetterDate>
<MaxAmdLetterDate>08/08/2016</MaxAmdLetterDate>
<ARRAAmount/>
<AwardID>1400281</AwardID>
<Investigator>
<FirstName>Jason</FirstName>
<LastName>Williford</LastName>
<EmailAddress>jwillif1@uwyo.edu</EmailAddress>
<StartDate>08/03/2014</StartDate>
<EndDate/>
<RoleCode>Principal Investigator</RoleCode>
</Investigator>
<Institution>
<Name>University of Wyoming</Name>
<CityName>Laramie</CityName>
<ZipCode>820712000</ZipCode>
<PhoneNumber>3077665320</PhoneNumber>
<StreetAddress>1000 E. University Avenue</StreetAddress>
<CountryName>United States</CountryName>
<StateName>Wyoming</StateName>
<StateCode>WY</StateCode>
</Institution>
<ProgramElement>
<Code>7970</Code>
<Text>Combinatorics</Text>
</ProgramElement>
<ProgramElement>
<Code>9150</Code>
<Text>EXP PROG TO STIM COMP RES</Text>
</ProgramElement>
<ProgramReference>
<Code>9150</Code>
<Text>EXP PROG TO STIM COMP RES</Text>
</ProgramReference>
</Award>
</rootTag>
