<?xml version="1.0" encoding="UTF-8"?>
<rootTag>
<Award>
<AwardTitle>Dynamic Structure-Property Evolution at the Tendon-to-Bone Insertion</AwardTitle>
<AwardEffectiveDate>05/15/2014</AwardEffectiveDate>
<AwardExpirationDate>04/30/2018</AwardExpirationDate>
<AwardAmount>461000</AwardAmount>
<AwardInstrument>
<Value>Standard Grant</Value>
</AwardInstrument>
<Organization>
<Code>07030000</Code>
<Directorate>
<LongName>Directorate For Engineering</LongName>
</Directorate>
<Division>
<LongName>Div Of Civil, Mechanical, &amp; Manufact Inn</LongName>
</Division>
</Organization>
<ProgramOfficer>
<SignBlockName>David Fyhrie</SignBlockName>
</ProgramOfficer>
<AbstractNarration>The research objective of this award is to integrate optical instrument designs, biomechanical, biochemical, and microstructure analyses to elucidate and characterize relationships between collagen fiber re-alignment and failure under dynamic loading conditions. This investigation will provide systematic engineering analyses and predictive models to enable the assessment of tissue injury and degeneration for better optimization of the recovery processes. The broader vision for the research is that it will culminate in synergistic activities between experimental and clinical efforts aimed at a breakthrough in clinical treatments of damaged tendon-to-bone insertions. This research will make important contributions to fields within health care, science, engineering, and society as a whole. To transfer the outcomes of this project outside of the academic community, the PIs will work with the NC Biotechnology Center. Through presentations to local companies and interaction with startup incubators, this experience will permit us not only to advertise these outcomes to companies in the field of tissue engineering, but also collect feedback from them on the experimental data essential to their technology development. The proposed research will form the basis of our graduate courses, including the basics of the structure of materials and biological aspects of tendon-to-bone insertion.&lt;br/&gt;&lt;br/&gt;Tendon-to-bone insertions are functionally-graded connective tissues whose anisotropic biomechanical functions depend intimately on the regional biochemical composition and structure, thus functioning to alleviate stress concentration at the junction of these tissues.  Studies conducted under this award will expose and quantify properties of tendon-to-bone insertions subjected to different magnitudes of loading, associated loading time-scales (e.g., strain rate), mutual interactions, as well as the order in which these events occur. In parallel, constitutive and finite element models will be developed to predict the response of tendon-to-bone insertions under different loading conditions.</AbstractNarration>
<MinAmdLetterDate>05/05/2014</MinAmdLetterDate>
<MaxAmdLetterDate>04/25/2017</MaxAmdLetterDate>
<ARRAAmount/>
<AwardID>1400018</AwardID>
<Investigator>
<FirstName>Mark</FirstName>
<LastName>Pankow</LastName>
<EmailAddress>mrpankow@ncsu.edu</EmailAddress>
<StartDate>05/05/2014</StartDate>
<EndDate/>
<RoleCode>Co-Principal Investigator</RoleCode>
</Investigator>
<Investigator>
<FirstName>Shadow</FirstName>
<LastName>Huang</LastName>
<EmailAddress>hshuang@ncsu.edu</EmailAddress>
<StartDate>05/05/2014</StartDate>
<EndDate/>
<RoleCode>Principal Investigator</RoleCode>
</Investigator>
<Investigator>
<FirstName>Kara</FirstName>
<LastName>Peters</LastName>
<EmailAddress>kjpeters@ncsu.edu</EmailAddress>
<StartDate>05/05/2014</StartDate>
<EndDate>08/06/2015</EndDate>
<RoleCode>Former Co-Principal Investigator</RoleCode>
</Investigator>
<Institution>
<Name>North Carolina State University</Name>
<CityName>RALEIGH</CityName>
<ZipCode>276957514</ZipCode>
<PhoneNumber>9195152444</PhoneNumber>
<StreetAddress>CAMPUS BOX 7514</StreetAddress>
<CountryName>United States</CountryName>
<StateName>North Carolina</StateName>
<StateCode>NC</StateCode>
</Institution>
<ProgramElement>
<Code>1340</Code>
<Text>ENGINEERING EDUCATION</Text>
</ProgramElement>
<ProgramElement>
<Code>7479</Code>
<Text>Biomechanics &amp; Mechanobiology</Text>
</ProgramElement>
<ProgramReference>
<Code>018Z</Code>
<Text>Grad Prep APG:Enhan. Activities</Text>
</ProgramReference>
<ProgramReference>
<Code>028E</Code>
<Text>BIOMECHANICS</Text>
</ProgramReference>
<ProgramReference>
<Code>036E</Code>
<Text>CIVIL INFRASTRUCTURE</Text>
</ProgramReference>
<ProgramReference>
<Code>1057</Code>
<Text>CIS BASE RESEARCH</Text>
</ProgramReference>
<ProgramReference>
<Code>110E</Code>
<Text>EDUCATION RESEARCH</Text>
</ProgramReference>
<ProgramReference>
<Code>116E</Code>
<Text>RESEARCH EXP FOR UNDERGRADS</Text>
</ProgramReference>
<ProgramReference>
<Code>1340</Code>
<Text>ENGINEERING EDUCATION</Text>
</ProgramReference>
<ProgramReference>
<Code>9102</Code>
<Text>WOMEN, MINORITY, DISABLED, NEC</Text>
</ProgramReference>
<ProgramReference>
<Code>9178</Code>
<Text>UNDERGRADUATE EDUCATION</Text>
</ProgramReference>
<ProgramReference>
<Code>9231</Code>
<Text>SUPPL FOR UNDERGRAD RES ASSIST</Text>
</ProgramReference>
<ProgramReference>
<Code>9251</Code>
<Text>RES EXPER FOR UNDERGRAD-SUPPLT</Text>
</ProgramReference>
<ProgramReference>
<Code>CVIS</Code>
<Text>CIVIL INFRASTRUCTURE</Text>
</ProgramReference>
</Award>
</rootTag>
