<?xml version="1.0" encoding="UTF-8"?>

<rootTag>
  <Award>
    <AwardTitle>Collaborative Research: Developing a Constructive Logic-Based Theory of Value-Based Systems Engineering</AwardTitle>
    <AwardEffectiveDate>08/01/2014</AwardEffectiveDate>
    <AwardExpirationDate>07/31/2017</AwardExpirationDate>
    <AwardAmount>150000</AwardAmount>
    <AwardInstrument>
      <Value>Standard Grant</Value>
    </AwardInstrument>
    <Organization>
      <Code>07030000</Code>
      <Directorate>
        <LongName>Directorate For Engineering</LongName>
      </Directorate>
      <Division>
        <LongName>Div Of Civil, Mechanical, &amp; Manufact Inn</LongName>
      </Division>
    </Organization>
    <ProgramOfficer>
      <SignBlockName>Richard Malak</SignBlockName>
    </ProgramOfficer>
    <AbstractNarration>Systems engineering is the discipline responsible for assuring the overall success of modern, often software-intensive, engineering projects. Success ultimately hinges on the creation of value for all success-critical stakeholders. Creating value requires understanding, specifying, managing, validating, and evolving complex trade-offs across properties of systems, and linking such properties to stakeholder value. Such properties include, for instance, affordabilty, reliability, evolvability, safety, and confidentiality. Today, however, major projects continue to go awry in large part due to a failure to adequately specify and manage such properties and trade-offs. A core problem is that many properties are defined and understood so imprecisely that they cause miscommunication and confusion. A long history of attempts to use natural and quasi-mathematical language to define such properties has not solved this problem. This project aims to develop and evaluate the highly expressive mathematical, logical, and computational language of constructive logic to produce and validate precise models of system properties, trade-off spaces, and linkages between such properties and stakeholder values. From such formal language specifications, computer implementations of the models will be automatically generated and provided as web services for application and testing by systems engineers.&lt;br/&gt;&lt;br/&gt;Formal languages have the potential to clarify and reveal conceptual errors in imprecise, ambiguous, incomplete, and inconsistent natural language specifications. Type theoretical notations offer high expressiveness based on higher-order logic, polymorphic types, and the seamless integration of computational and propositional content, as well as the ability to extract certified software from specifications. This project will employ constructive logic to develop, test, and refine definitions and models of system properties, trade-offs, and the mapping of trade-off spaces to stakeholder preferences. This approach is novel in systems engineering, and important gaps in knowledge remain. To fill them, the following research problems will be addressed (1) determine how best to represent uncertainty in type theoretic definitions of probabilistic system properties; (2) determine appropriate mechanisms for structuring general property theories that can reliably be specialized to specific projects; (3) develop and evaluate languages and models of system properties, including evolvability properties, in particular; (4) develop and evaluate formal frameworks linking system design, property, and value spaces; (5) enable user communities to engage with such theoretical constructs through web services. The project will develop and test the hypothesis that theories based in constructive logic can help systems engineers to reason better about system designs, properties, trade-offs, and stakeholder value.</AbstractNarration>
    <MinAmdLetterDate>07/17/2014</MinAmdLetterDate>
    <MaxAmdLetterDate>07/17/2014</MaxAmdLetterDate>
    <ARRAAmount/>
    <AwardID>1400294</AwardID>
    <Investigator>
      <FirstName>Kevin</FirstName>
      <LastName>Sullivan</LastName>
      <EmailAddress>sullivan@cs.virginia.edu</EmailAddress>
      <StartDate>07/17/2014</StartDate>
      <EndDate/>
      <RoleCode>Principal Investigator</RoleCode>
    </Investigator>
    <Institution>
      <Name>University of Virginia Main Campus</Name>
      <CityName>CHARLOTTESVILLE</CityName>
      <ZipCode>229044195</ZipCode>
      <PhoneNumber>4349244270</PhoneNumber>
      <StreetAddress>P.O. BOX 400195</StreetAddress>
      <CountryName>United States</CountryName>
      <StateName>Virginia</StateName>
      <StateCode>VA</StateCode>
    </Institution>
    <ProgramElement>
      <Code>8085</Code>
      <Text>Systems Science (SYS)</Text>
    </ProgramElement>
    <ProgramReference>
      <Code>067E</Code>
      <Text>DESIGN TOOLS</Text>
    </ProgramReference>
    <ProgramReference>
      <Code>068E</Code>
      <Text>DESIGN THEORY</Text>
    </ProgramReference>
    <ProgramReference>
      <Code>8043</Code>
      <Text>System Design and Simulation</Text>
    </ProgramReference>
    <ProgramReference>
      <Code>8024</Code>
      <Text>Complex Systems</Text>
    </ProgramReference>
  </Award>
</rootTag>
