<?xml version="1.0" encoding="UTF-8"?>

<rootTag>
  <Award>
    <AwardTitle>Expanding Career and Educational Learning in Information Technology (EXCEL-IT)</AwardTitle>
    <AwardEffectiveDate>09/01/2014</AwardEffectiveDate>
    <AwardExpirationDate>08/31/2017</AwardExpirationDate>
    <AwardAmount>304172</AwardAmount>
    <AwardInstrument>
      <Value>Standard Grant</Value>
    </AwardInstrument>
    <Organization>
      <Code>11040100</Code>
      <Directorate>
        <LongName>Direct For Education and Human Resources</LongName>
      </Directorate>
      <Division>
        <LongName>Division Of Undergraduate Education</LongName>
      </Division>
    </Organization>
    <ProgramOfficer>
      <SignBlockName>Stephanie August</SignBlockName>
    </ProgramOfficer>
    <AbstractNarration>Students with an interest in science, technology, engineering, and math careers find transitions from high school to community college to four year degree programs to be particularly challenging. Early college and dual-credit programs in high school can support students in successfully transitioning to college-level work. The Expanding Career and Educational Learning in Information Technology (EXCEL-IT) project will prepare for college-level work over 900 high school students in a diverse and economically-challenged area of Washington State. The project will involve dual-enrollment IT courses taught in high schools by trained, certified, and well-supported instructors using a hybrid online/classroom structure. Students will be able to earn both high school and college credit, as well as take free certification exams for industry-recognized credentials. This project will contribute to the development of a 2+2+2 STEM degree pathway, with support from the Washington State Board for Community and Technical Colleges. The goal of the project is to directly address the growing shortage of qualified IT professionals and generate useful data and practices for high schools and colleges to recruit and prepare a larger and more diverse body of students for IT careers.</AbstractNarration>
    <MinAmdLetterDate>04/15/2014</MinAmdLetterDate>
    <MaxAmdLetterDate>01/25/2017</MaxAmdLetterDate>
    <ARRAAmount/>
    <AwardID>1400688</AwardID>
    <Investigator>
      <FirstName>Tina</FirstName>
      <LastName>Ostrander</LastName>
      <EmailAddress>tostrander@highline.edu</EmailAddress>
      <StartDate>02/05/2015</StartDate>
      <EndDate/>
      <RoleCode>Co-Principal Investigator</RoleCode>
    </Investigator>
    <Investigator>
      <FirstName>Kendrick</FirstName>
      <LastName>Hang</LastName>
      <EmailAddress>khang@greenriver.edu</EmailAddress>
      <StartDate>01/25/2017</StartDate>
      <EndDate/>
      <RoleCode>Principal Investigator</RoleCode>
    </Investigator>
    <Investigator>
      <FirstName>Timothy</FirstName>
      <LastName>Mason</LastName>
      <EmailAddress>tmason@greenriver.edu</EmailAddress>
      <StartDate>02/05/2015</StartDate>
      <EndDate/>
      <RoleCode>Co-Principal Investigator</RoleCode>
    </Investigator>
    <Investigator>
      <FirstName>Alan</FirstName>
      <LastName>Carter</LastName>
      <EmailAddress>acarter@greenriver.edu</EmailAddress>
      <StartDate>04/15/2014</StartDate>
      <EndDate>01/25/2017</EndDate>
      <RoleCode>Former Principal Investigator</RoleCode>
    </Investigator>
    <Investigator>
      <FirstName>Kendrick</FirstName>
      <LastName>Hang</LastName>
      <EmailAddress>khang@greenriver.edu</EmailAddress>
      <StartDate>04/15/2014</StartDate>
      <EndDate>01/25/2017</EndDate>
      <RoleCode>Former Co-Principal Investigator</RoleCode>
    </Investigator>
    <Investigator>
      <FirstName>Krishnan</FirstName>
      <LastName>Mahadevan</LastName>
      <EmailAddress>kmahadevan@greenriver.edu</EmailAddress>
      <StartDate>04/15/2014</StartDate>
      <EndDate/>
      <RoleCode>Co-Principal Investigator</RoleCode>
    </Investigator>
    <Institution>
      <Name>Green River Community College</Name>
      <CityName>Auburn</CityName>
      <ZipCode>980923622</ZipCode>
      <PhoneNumber>2538339111</PhoneNumber>
      <StreetAddress>12401 SE 320th St.</StreetAddress>
      <CountryName>United States</CountryName>
      <StateName>Washington</StateName>
      <StateCode>WA</StateCode>
    </Institution>
    <ProgramElement>
      <Code>7412</Code>
      <Text>ADVANCED TECH EDUCATION PROG</Text>
    </ProgramElement>
    <ProgramReference>
      <Code>1032</Code>
      <Text>ADVANCED TECHNOLOGY EDUCATION</Text>
    </ProgramReference>
    <ProgramReference>
      <Code>9178</Code>
      <Text>UNDERGRADUATE EDUCATION</Text>
    </ProgramReference>
    <ProgramReference>
      <Code>SMET</Code>
      <Text>SCIENCE, MATH, ENG &amp; TECH EDUCATION</Text>
    </ProgramReference>
  </Award>
</rootTag>
