<?xml version="1.0" encoding="UTF-8"?>

<rootTag>
  <Award>
    <AwardTitle>Midwest Photonics Education Center</AwardTitle>
    <AwardEffectiveDate>09/01/2014</AwardEffectiveDate>
    <AwardExpirationDate>08/31/2018</AwardExpirationDate>
    <AwardAmount>2313037</AwardAmount>
    <AwardInstrument>
      <Value>Continuing grant</Value>
    </AwardInstrument>
    <Organization>
      <Code>11040100</Code>
      <Directorate>
        <LongName>Direct For Education and Human Resources</LongName>
      </Directorate>
      <Division>
        <LongName>Division Of Undergraduate Education</LongName>
      </Division>
    </Organization>
    <ProgramOfficer>
      <SignBlockName>V. Celeste Carter</SignBlockName>
    </ProgramOfficer>
    <AbstractNarration>Photonics, the technology that incorporates optics and electronics (lasers, fiber-optics, electro-optics), is a rapidly expanding field that provides rewarding jobs for technicians and excellent opportunities for Midwest economic growth. Photonics is also an "enabling technology", with wide-scale applications in manufacturing/materials processing, as well as in defense/homeland security, renewable energy, telecommunications, diagnostic and therapeutic medical equipment, environmental monitoring, opto-electronics/nanotechnology and solid state lighting. The employer demand for qualified photonics technicians nationwide is great and has continued to grow in recent years. In 2012, a national survey titled "Industry Demand for Two-Year College Graduates in Optics and Photonics Technology" reported that the Midwest region's 500 photonics-driven companies project a need for an additional 939 technicians over the next five years. &lt;br/&gt;&lt;br/&gt;Indian Hills Community College will establish and operate the Midwest Photonics Education Center (MPEC). The Center's goals are 1) to increase the supply of well-educated photonics technicians in the Midwest, and 2) to serve as the national leader in photonics applications for advanced manufacturing and laser materials processing. MPEC will accomplish these goals by building and strengthening the number, capacity and quality of two-year photonics education programs in Midwest colleges. MPEC's geographical region includes the U.S. states of Iowa, Illinois, Michigan, Missouri, Ohio, Nebraska, Minnesota, Indiana, and Wisconsin. MPEC will support and coordinate efforts by institutions to: provide technical assistance, develop curricula, assess industry needs, perform outreach activities, develop and implement strategies to recruit and retain students including women, minorities and veterans and offer flexible training for incumbent technicians and dislocated workers.&lt;br/&gt;&lt;br/&gt;MPEC will disseminate new information on laser applications in advanced manufacturing and raise the awareness of high school students, parents and teachers about photonics, photonics technicians and photonics career opportunities. The Center will cultivate pathways to high-wage, high growth technical jobs for high school and community college students. Through the Center's activities Midwest employers will gain essential information about colleges that offer photonics technical education and have access to photonics graduates for new hires. Moreover employers will have the opportunity to provide input and have oversight on the content of photonics curricula. The outcomes of center activities will provide employers more options for highly skilled new hires, stimulate the economic development of laser manufacturing companies in the Midwest, and build and strengthen the capacity and quality of photonics education in two-year colleges in the Midwest region.</AbstractNarration>
    <MinAmdLetterDate>08/18/2014</MinAmdLetterDate>
    <MaxAmdLetterDate>03/28/2017</MaxAmdLetterDate>
    <ARRAAmount/>
    <AwardID>1400561</AwardID>
    <Investigator>
      <FirstName>Greg</FirstName>
      <LastName>Kepner</LastName>
      <EmailAddress>Greg.Kepner@indianhills.edu</EmailAddress>
      <StartDate>08/18/2014</StartDate>
      <EndDate/>
      <RoleCode>Principal Investigator</RoleCode>
    </Investigator>
    <Investigator>
      <FirstName>Steven</FirstName>
      <LastName>Dulmes</LastName>
      <EmailAddress>sdulmes@clcillinois.edu</EmailAddress>
      <StartDate>08/18/2014</StartDate>
      <EndDate>02/09/2017</EndDate>
      <RoleCode>Former Co-Principal Investigator</RoleCode>
    </Investigator>
    <Investigator>
      <FirstName>Anca</FirstName>
      <LastName>Sala</LastName>
      <EmailAddress>anca.sala@baker.edu</EmailAddress>
      <StartDate>08/18/2014</StartDate>
      <EndDate/>
      <RoleCode>Co-Principal Investigator</RoleCode>
    </Investigator>
    <Investigator>
      <FirstName>Larry</FirstName>
      <LastName>Dosser</LastName>
      <EmailAddress>larry.dosser@wright.edu</EmailAddress>
      <StartDate>08/18/2014</StartDate>
      <EndDate/>
      <RoleCode>Co-Principal Investigator</RoleCode>
    </Investigator>
    <Institution>
      <Name>Indian Hills Community College</Name>
      <CityName>Ottumwa</CityName>
      <ZipCode>525011398</ZipCode>
      <PhoneNumber>6416835111</PhoneNumber>
      <StreetAddress>525 Grandview Drive</StreetAddress>
      <CountryName>United States</CountryName>
      <StateName>Iowa</StateName>
      <StateCode>IA</StateCode>
    </Institution>
    <ProgramElement>
      <Code>7412</Code>
      <Text>ADVANCED TECH EDUCATION PROG</Text>
    </ProgramElement>
    <ProgramReference>
      <Code>1032</Code>
      <Text>ADVANCED TECHNOLOGY EDUCATION</Text>
    </ProgramReference>
    <ProgramReference>
      <Code>9150</Code>
      <Text>EXP PROG TO STIM COMP RES</Text>
    </ProgramReference>
    <ProgramReference>
      <Code>9178</Code>
      <Text>UNDERGRADUATE EDUCATION</Text>
    </ProgramReference>
    <ProgramReference>
      <Code>SMET</Code>
      <Text>SCIENCE, MATH, ENG &amp; TECH EDUCATION</Text>
    </ProgramReference>
  </Award>
</rootTag>
