<?xml version="1.0" encoding="UTF-8"?>
<rootTag>
<Award>
<AwardTitle>GOALI:  Optimizing the Design of Ocean Wave Energy Farms</AwardTitle>
<AwardEffectiveDate>06/15/2014</AwardEffectiveDate>
<AwardExpirationDate>05/31/2018</AwardExpirationDate>
<AwardAmount>400000</AwardAmount>
<AwardInstrument>
<Value>Standard Grant</Value>
</AwardInstrument>
<Organization>
<Code>07030000</Code>
<Directorate>
<LongName>Directorate For Engineering</LongName>
</Directorate>
<Division>
<LongName>Div Of Civil, Mechanical, &amp; Manufact Inn</LongName>
</Division>
</Organization>
<ProgramOfficer>
<SignBlockName>Georgia-Ann Klutke</SignBlockName>
</ProgramOfficer>
<AbstractNarration>This Grant Opportunities for Academic Liaison with Industry (GOALI) award will play an important role in making the alternative energy source that harnesses the power of ocean waves economically viable. The ultimate goal is to make wave energy a reliable and cost-effective source of large-scale, grid-quality, clean power. Mathematical optimization models and techniques will be developed and used to design so-called wave farms. In addition, the wave energy conversion (WEC) devices that constitute these wave farms can be connected via sensor networks, which allows dynamic operation of the WECs, allowing for solutions that are not only cost-effective but also robust with respect to changes in the sea environment. The academic/industry partnership between Lehigh University and Ocean Power Technologies (OPT) will give the research strong potential to be applied in practice, helping the U.S. take the lead in research and implementation of wave energy conversion.&lt;br/&gt;&lt;br/&gt;The main objective of this award is to develop novel optimization models and algorithms for designing and operating arrays of WEC devices. The investigators will advance the state of the art in modeling and optimizing strategic problems in the layout of arrays of WECs (also known as wave farms). The project will consider both deterministic sea environments (for which there are still many open questions) and stochastic wave environments (which will initiate a new body of research). Models and algorithms to optimize the locations of WECs within a wave farm array, which can have a significant impact on the total power of the farm due to the hydrodynamic interactions among the WECs,  will be developed. A second goal of the project is to optimize the types and locations of sensors that collect data on waves and forecast the actual waveforms at the WECs, thus improving the control of the WECs. The research team will develop models and algorithms for maximum-likelihood estimation of wave realizations as a function of sensor system design, and then optimize the design itself with respect to the types and locations of sensors.</AbstractNarration>
<MinAmdLetterDate>06/15/2014</MinAmdLetterDate>
<MaxAmdLetterDate>06/15/2014</MaxAmdLetterDate>
<ARRAAmount/>
<AwardID>1400164</AwardID>
<Investigator>
<FirstName>Rick</FirstName>
<LastName>Blum</LastName>
<EmailAddress>rblum@eecs.lehigh.edu</EmailAddress>
<StartDate>06/15/2014</StartDate>
<EndDate/>
<RoleCode>Co-Principal Investigator</RoleCode>
</Investigator>
<Investigator>
<FirstName>Shalinee</FirstName>
<LastName>Kishore</LastName>
<EmailAddress>skishore@lehigh.edu</EmailAddress>
<StartDate>06/15/2014</StartDate>
<EndDate/>
<RoleCode>Co-Principal Investigator</RoleCode>
</Investigator>
<Investigator>
<FirstName>Lawrence</FirstName>
<LastName>Snyder</LastName>
<EmailAddress>lvs2@lehigh.edu</EmailAddress>
<StartDate>06/15/2014</StartDate>
<EndDate/>
<RoleCode>Principal Investigator</RoleCode>
</Investigator>
<Investigator>
<FirstName>Kathleen</FirstName>
<LastName>Edwards</LastName>
<EmailAddress>kedwards@oceanpowertech.com</EmailAddress>
<StartDate>06/15/2014</StartDate>
<EndDate/>
<RoleCode>Co-Principal Investigator</RoleCode>
</Investigator>
<Institution>
<Name>Lehigh University</Name>
<CityName>Bethlehem</CityName>
<ZipCode>180153005</ZipCode>
<PhoneNumber>6107583021</PhoneNumber>
<StreetAddress>Alumni Building 27</StreetAddress>
<CountryName>United States</CountryName>
<StateName>Pennsylvania</StateName>
<StateCode>PA</StateCode>
</Institution>
<ProgramElement>
<Code>1504</Code>
<Text>GRANT OPP FOR ACAD LIA W/INDUS</Text>
</ProgramElement>
<ProgramElement>
<Code>1786</Code>
<Text>MANFG ENTERPRISE SYSTEMS</Text>
</ProgramElement>
<ProgramReference>
<Code>071E</Code>
<Text>MFG ENTERPRISE OPERATIONS</Text>
</ProgramReference>
<ProgramReference>
<Code>078E</Code>
<Text>ENTERPRISE DESIGN &amp; LOGISTICS</Text>
</ProgramReference>
<ProgramReference>
<Code>1504</Code>
<Text>GRANT OPP FOR ACAD LIA W/INDUS</Text>
</ProgramReference>
<ProgramReference>
<Code>1786</Code>
<Text>MANFG ENTERPRISE SYSTEMS</Text>
</ProgramReference>
<ProgramReference>
<Code>9147</Code>
<Text>GENERIC TECHNOL FOR MANUFACTURING CELLS</Text>
</ProgramReference>
<ProgramReference>
<Code>MANU</Code>
<Text>MANUFACTURING</Text>
</ProgramReference>
</Award>
</rootTag>
