<?xml version="1.0" encoding="UTF-8"?>

<rootTag>
  <Award>
    <AwardTitle>RUI: Reactive Uptake and Heterogeneous Chemistry of Biogenic VOCs on Mineral Aerosol</AwardTitle>
    <AwardEffectiveDate>07/15/2014</AwardEffectiveDate>
    <AwardExpirationDate>06/30/2018</AwardExpirationDate>
    <AwardAmount>285568</AwardAmount>
    <AwardInstrument>
      <Value>Standard Grant</Value>
    </AwardInstrument>
    <Organization>
      <Code>06020104</Code>
      <Directorate>
        <LongName>Directorate For Geosciences</LongName>
      </Directorate>
      <Division>
        <LongName>Div Atmospheric &amp; Geospace Sciences</LongName>
      </Division>
    </Organization>
    <ProgramOfficer>
      <SignBlockName>Sylvia A. Edgerton</SignBlockName>
    </ProgramOfficer>
    <AbstractNarration>This Research in Undergraduate Institutions (RUI) project is investigating how emissions from forests and plants might react on the surfaces of the small particles in the atmosphere to change their optical properties. These changes can alter the extent to which the particles absorb or scatter solar radiation, and influence their impact on climate. The research takes place at an undergraduate institution and the experiments are being performed by an undergraduate team of researchers and one local high school science teacher under the guidance of the Principal Investigator.&lt;br/&gt;&lt;br/&gt;The objectives of this research are to: (1) Measure the reactive uptake of biogenic VOCs on mineral substrates; (2) Quantify the impact of ?atmospheric processing? on BVOC uptake by mineral interfaces; (3) Investigate the heterogeneous oxidation of surface adsorbed BVOCs; and (4) Quantify the impact of BVOCs on the climate-relevant properties of mineral aerosol. The results of this research are useful for improving models of the formation and impact of secondary organic aerosol in the atmosphere. This project supports an active research program in physical atmospheric chemistry for undergraduate students at Drew University, a small liberal arts college with 1,600 students.</AbstractNarration>
    <MinAmdLetterDate>07/16/2014</MinAmdLetterDate>
    <MaxAmdLetterDate>07/16/2014</MaxAmdLetterDate>
    <ARRAAmount/>
    <AwardID>1400556</AwardID>
    <Investigator>
      <FirstName>Ryan</FirstName>
      <LastName>Hinrichs</LastName>
      <EmailAddress>rhinrich@drew.edu</EmailAddress>
      <StartDate>07/16/2014</StartDate>
      <EndDate/>
      <RoleCode>Principal Investigator</RoleCode>
    </Investigator>
    <Institution>
      <Name>Drew University</Name>
      <CityName>Madison</CityName>
      <ZipCode>079401434</ZipCode>
      <PhoneNumber>9734083067</PhoneNumber>
      <StreetAddress>36 Madison Avenue</StreetAddress>
      <CountryName>United States</CountryName>
      <StateName>New Jersey</StateName>
      <StateCode>NJ</StateCode>
    </Institution>
    <ProgramElement>
      <Code>1524</Code>
      <Text>ATMOSPHERIC CHEMISTRY</Text>
    </ProgramElement>
    <ProgramReference>
      <Code>9178</Code>
      <Text>UNDERGRADUATE EDUCATION</Text>
    </ProgramReference>
    <ProgramReference>
      <Code>9229</Code>
      <Text>RES IN UNDERGRAD INST-RESEARCH</Text>
    </ProgramReference>
    <ProgramReference>
      <Code>SMET</Code>
      <Text>SCIENCE, MATH, ENG &amp; TECH EDUCATION</Text>
    </ProgramReference>
  </Award>
</rootTag>
