<?xml version="1.0" encoding="UTF-8"?>

<rootTag>
  <Award>
    <AwardTitle>SusChEM/GOALI: Efficient Thermoelectricity with Low-cost Natural Minerals: a Synergistic Computational, Experimental, and Device Development Approach</AwardTitle>
    <AwardEffectiveDate>06/01/2014</AwardEffectiveDate>
    <AwardExpirationDate>05/31/2018</AwardExpirationDate>
    <AwardAmount>380315</AwardAmount>
    <AwardInstrument>
      <Value>Standard Grant</Value>
    </AwardInstrument>
    <Organization>
      <Code>03070000</Code>
      <Directorate>
        <LongName>Direct For Mathematical &amp; Physical Scien</LongName>
      </Directorate>
      <Division>
        <LongName>Division Of Materials Research</LongName>
      </Division>
    </Organization>
    <ProgramOfficer>
      <SignBlockName>Lynnette D. Madsen</SignBlockName>
    </ProgramOfficer>
    <AbstractNarration>NON-TECHNICAL DESCRIPTION: Thermoelectric energy conversion allows for waste-heat recovery and it is an environmentally-friendly process; however, thermoelectric materials typically contain toxic elements. This aspect is problematic for large-scale applications and detracts from the benefits of using this technology. Therefore, finding ways to generate energy from non-toxic and low-cost materials is a high priority for thermoelectrics. This project seeks to develop methodologies for achieving high thermoelectric efficiency in systems composed of earth-abundant and environmentally safe elements. Advancing current fundamental understanding of such materials is beneficial in the development of effective strategies for enhanced thermoelectric properties. Device-related R&amp;D towards prototype manufacturing helps move the thermoelectrics industry towards low cost processes. Results from this research may also be useful for solar cells and photovoltaics, since quaternary chalcogenides are also of interest in these fields.&lt;br/&gt;&lt;br/&gt;TECHNICAL DETAILS: A major component of this project relies on the predictive power of computational and theoretical methods for materials design. The particular class of quaternary chalcogenides and related derivatives are targeted. Modeling and first principles calculations are directed towards understanding electronic structure features due to chemical and structural features, as well as nanostructuring, to control the transport in a beneficial way. In addition, state-of-the-art synthesis and characterization efforts serve as a benchmark for the proposed theory and as conceptual input for advancing the research further. The partnership with Marlow Industries, Inc., a world leader in commercial thermoelectrics applications, provides additional experimental capabilities for materials and device testing and facilitates work towards a prototype device whose commercial potential can also be evaluated. This synergistic project involves graduate students and it is especially suitable for the USF's PhD program in Applied Physics, the only such doctoral program in the state of Florida. Outreach activities and summer teaching modules for high school students are also a part of this project.</AbstractNarration>
    <MinAmdLetterDate>05/30/2014</MinAmdLetterDate>
    <MaxAmdLetterDate>05/30/2014</MaxAmdLetterDate>
    <ARRAAmount/>
    <AwardID>1400957</AwardID>
    <Investigator>
      <FirstName>Lilia</FirstName>
      <LastName>Woods</LastName>
      <EmailAddress>lwoods@cas.usf.edu</EmailAddress>
      <StartDate>05/30/2014</StartDate>
      <EndDate/>
      <RoleCode>Principal Investigator</RoleCode>
    </Investigator>
    <Investigator>
      <FirstName>George</FirstName>
      <LastName>Nolas</LastName>
      <EmailAddress>gnolas@chuma1.cas.usf.edu</EmailAddress>
      <StartDate>05/30/2014</StartDate>
      <EndDate/>
      <RoleCode>Co-Principal Investigator</RoleCode>
    </Investigator>
    <Investigator>
      <FirstName>Jeff</FirstName>
      <LastName>Sharp</LastName>
      <EmailAddress>JSHARP@marlow.com</EmailAddress>
      <StartDate>05/30/2014</StartDate>
      <EndDate/>
      <RoleCode>Co-Principal Investigator</RoleCode>
    </Investigator>
    <Institution>
      <Name>University of South Florida</Name>
      <CityName>Tampa</CityName>
      <ZipCode>336129446</ZipCode>
      <PhoneNumber>8139742897</PhoneNumber>
      <StreetAddress>3702 Spectrum Blvd.</StreetAddress>
      <CountryName>United States</CountryName>
      <StateName>Florida</StateName>
      <StateCode>FL</StateCode>
    </Institution>
    <ProgramElement>
      <Code>1253</Code>
      <Text>OFFICE OF MULTIDISCIPLINARY AC</Text>
    </ProgramElement>
    <ProgramElement>
      <Code>1712</Code>
      <Text>DMR SHORT TERM SUPPORT</Text>
    </ProgramElement>
    <ProgramElement>
      <Code>1774</Code>
      <Text>CERAMICS</Text>
    </ProgramElement>
    <ProgramReference>
      <Code>1504</Code>
      <Text>GRANT OPP FOR ACAD LIA W/INDUS</Text>
    </ProgramReference>
    <ProgramReference>
      <Code>7644</Code>
      <Text>ENERGY FOR SUSTAINABILITY</Text>
    </ProgramReference>
    <ProgramReference>
      <Code>8248</Code>
      <Text>SusChEM</Text>
    </ProgramReference>
    <ProgramReference>
      <Code>8249</Code>
      <Text>Sustainable Materials</Text>
    </ProgramReference>
  </Award>
</rootTag>
