<?xml version="1.0" encoding="UTF-8"?>
<rootTag>
<Award>
<AwardTitle>Building an Academic Pathway for Industrial Engineering Operations Technicians</AwardTitle>
<AwardEffectiveDate>09/01/2014</AwardEffectiveDate>
<AwardExpirationDate>08/31/2018</AwardExpirationDate>
<AwardAmount>721836</AwardAmount>
<AwardInstrument>
<Value>Standard Grant</Value>
</AwardInstrument>
<Organization>
<Code>11040100</Code>
<Directorate>
<LongName>Direct For Education and Human Resources</LongName>
</Directorate>
<Division>
<LongName>Division Of Undergraduate Education</LongName>
</Division>
</Organization>
<ProgramOfficer>
<SignBlockName>Heather Watson</SignBlockName>
</ProgramOfficer>
<AbstractNarration>Columbus State Community College in Columbus, Ohio, in collaboration with Eastland-Fairfield Career Center and its 16 associated school districts, Franklin University, and key regional industry partners, is developing a new multi-disciplinary academic pathway in Industrial Engineering Technology with a focus in the logistics sector. This project is designing and developing an associate degree curriculum that incorporates engineering, information technology and logistics operations principles delivered through a blended delivery model that integrates a learning objects methodology. Instructional and student support systems are being developed to help establish the optimal environment for student success. The overall project goal is to create a career pathway for industrial engineering technicians with the STEM and subject matter knowledge to support the increasingly complex technology needs of the supply chain sector while providing program graduates opportunities in a variety of industries.  The project incorporates a component to inform high school students of the opportunities available in industrial engineering technology including a certificate option. The logistics sector offers career ladders to family-supporting occupations that employ 9% of the regions workforce in central Ohio. Labor data projects that this industry in the central Ohio region is experiencing growth that is expected to increase at 11.8% over the next seven years with over 200 annual openings. This proposal provides students with an associate-degree level career pathway in this critical sector, one for which national research data and local employer input evidence significant need. The high school outreach program enables this curriculum to be available at institutions that have historically been unable to afford the faculty and equipment expenses associated with such a program. Finally, the project focuses on advancing recruitment to underserved populations including minorities, women, and veterans in the region thereby increasing the talent pool for industry and providing these populations opportunities in a high demand, high growth sector. The plans to disseminate the results of this effort will help other institutions in other areas of the country to adopt the program.&lt;br/&gt;&lt;br/&gt;The initiatives in this proposal result in a seamless educational pathway for supply chain Industrial Engineering Operations Technicians.  The program creates a certificate program accessible to high school students and an Associate of Applied Science degree that incorporate a multi-disciplinary academic foundation in computer science, industrial engineering, and supply chain principles and methodologies. This degree prepares program graduates for meaningful positions in a variety of industries and with several employment-ready exit points. The project deliverables provide a blueprint for other high school and 2 year programs throughout the country. This initiative is designing 2+2+2 articulation pathways, creating a pipeline of technical education from the high school to community college to four-year institutions.</AbstractNarration>
<MinAmdLetterDate>08/18/2014</MinAmdLetterDate>
<MaxAmdLetterDate>12/15/2016</MaxAmdLetterDate>
<ARRAAmount/>
<AwardID>1400452</AwardID>
<Investigator>
<FirstName>Jeffery</FirstName>
<LastName>Woodson</LastName>
<EmailAddress>jwoodson@cscc.edu</EmailAddress>
<StartDate>08/18/2014</StartDate>
<EndDate>12/15/2016</EndDate>
<RoleCode>Former Co-Principal Investigator</RoleCode>
</Investigator>
<Investigator>
<FirstName>John</FirstName>
<LastName>Schultz</LastName>
<EmailAddress>jschult2@cscc.edu</EmailAddress>
<StartDate>08/18/2014</StartDate>
<EndDate>09/15/2015</EndDate>
<RoleCode>Former Principal Investigator</RoleCode>
</Investigator>
<Investigator>
<FirstName>Peter</FirstName>
<LastName>Carswell</LastName>
<EmailAddress>pcarswel@cscc.edu</EmailAddress>
<StartDate>08/18/2014</StartDate>
<EndDate/>
<RoleCode>Co-Principal Investigator</RoleCode>
</Investigator>
<Investigator>
<FirstName>Lee</FirstName>
<LastName>Blyth</LastName>
<EmailAddress>lblyth@cscc.edu</EmailAddress>
<StartDate>09/15/2015</StartDate>
<EndDate/>
<RoleCode>Principal Investigator</RoleCode>
</Investigator>
<Investigator>
<FirstName>Jeremy</FirstName>
<LastName>Banta</LastName>
<EmailAddress>jbanta1@cscc.edu</EmailAddress>
<StartDate>12/15/2016</StartDate>
<EndDate/>
<RoleCode>Co-Principal Investigator</RoleCode>
</Investigator>
<Institution>
<Name>Columbus State Community College</Name>
<CityName>Columbus</CityName>
<ZipCode>432151722</ZipCode>
<PhoneNumber>6142872639</PhoneNumber>
<StreetAddress>550 East Spring Street</StreetAddress>
<CountryName>United States</CountryName>
<StateName>Ohio</StateName>
<StateCode>OH</StateCode>
</Institution>
<ProgramElement>
<Code>7412</Code>
<Text>ADVANCED TECH EDUCATION PROG</Text>
</ProgramElement>
<ProgramReference>
<Code>1032</Code>
<Text>ADVANCED TECHNOLOGY EDUCATION</Text>
</ProgramReference>
<ProgramReference>
<Code>9178</Code>
<Text>UNDERGRADUATE EDUCATION</Text>
</ProgramReference>
<ProgramReference>
<Code>SMET</Code>
<Text>SCIENCE, MATH, ENG &amp; TECH EDUCATION</Text>
</ProgramReference>
</Award>
</rootTag>
