<?xml version="1.0" encoding="UTF-8"?>
<rootTag>
<Award>
<AwardTitle>Physics of Cancer Imaging Workshop Held at the Athinoula A. Martinos Center for Biomedical Imaging, Massachusetts General Hospital. Dates for the meeting are  Nov 5-6, 2013</AwardTitle>
<AwardEffectiveDate>12/01/2013</AwardEffectiveDate>
<AwardExpirationDate>03/31/2017</AwardExpirationDate>
<AwardAmount>49595</AwardAmount>
<AwardInstrument>
<Value>Standard Grant</Value>
</AwardInstrument>
<Organization>
<Code>03010000</Code>
<Directorate>
<LongName>Direct For Mathematical &amp; Physical Scien</LongName>
</Directorate>
<Division>
<LongName>Division Of Physics</LongName>
</Division>
</Organization>
<ProgramOfficer>
<SignBlockName>Bogdan Mihaila</SignBlockName>
</ProgramOfficer>
<AbstractNarration>Imaging plays a critical role in the diagnosis, staging, and in the assessment of therapeutic response in cancer. Imaging is of course a broad discipline encompassing a variety of rather different modalities (X-ray, MRI, PET) and analysis techniques. Principles from the fields of physics and mathematics can be applied to the analysis and interpretation of current imaging techniques as well to development of novel imaging techniques. A key issue for the field is the extent to which different methods can be used synergistically to gain additional information. Another key issue is improving the usefulness of specialized contrast agents to get around existing limitations in signal to noise and/or spatial resolution. To address the aforementioned challenges, the organizers will convene a two-day focused workshop to be held in the Boston area. The two-day highly focused meeting will have a full agenda of topics at the intersection of physics and mathematics and cancer imaging. The meeting will be oriented around a high level of interactions between participants, focusing on problems where fundamental physical and mathematical principles and advanced imaging can be leveraged to make progress towards cancer diagnosis and treatment. Most of each session will be devoted to active discussion within a small group of invitees, who span both the physics and engineering of advanced imaging and biologists and clinicians at the forefront of cancer biology and treatment. This will be the first informal workshop that tries to create an integrated picture of what can be accomplished via noninvasive methods in human patients. It is expected that the white paper generated as part of the meeting follow-up will have a very large impact on the direction of scientific research in this essential area. Bringing together experts from different parts of this field can be expected to lead to new directions and ultimately better imaging "products" for the practicing oncologist. At a more basic science level, it is expected that the ideas generated may be useful for other applications of imaging in biology and biomedicine. To facilitate the spread of ideas generated by this meeting to the rest of the community, synopses of various talks as well as an overall summary will be posted at http://www.martinos.org/martinos/poahi/ and linked to the community Physics of Cancer website: http://physicsandcancer.org/</AbstractNarration>
<MinAmdLetterDate>12/16/2013</MinAmdLetterDate>
<MaxAmdLetterDate>05/13/2016</MaxAmdLetterDate>
<ARRAAmount/>
<AwardID>1400499</AwardID>
<Investigator>
<FirstName>Herbert</FirstName>
<LastName>Levine</LastName>
<EmailAddress>herbert.levine@rice.edu</EmailAddress>
<StartDate>12/16/2013</StartDate>
<EndDate/>
<RoleCode>Principal Investigator</RoleCode>
</Investigator>
<Institution>
<Name>William Marsh Rice University</Name>
<CityName>Houston</CityName>
<ZipCode>770051827</ZipCode>
<PhoneNumber>7133484820</PhoneNumber>
<StreetAddress>6100 MAIN ST</StreetAddress>
<CountryName>United States</CountryName>
<StateName>Texas</StateName>
<StateCode>TX</StateCode>
</Institution>
<ProgramElement>
<Code>1253</Code>
<Text>OFFICE OF MULTIDISCIPLINARY AC</Text>
</ProgramElement>
<ProgramElement>
<Code>7246</Code>
<Text>PHYSICS OF LIVING SYSTEMS</Text>
</ProgramElement>
<ProgramReference>
<Code>1253</Code>
<Text>OFFICE OF MULTIDISCIPLINARY AC</Text>
</ProgramReference>
<ProgramReference>
<Code>7246</Code>
<Text>PHYSICS OF LIVING SYSTEMS</Text>
</ProgramReference>
<ProgramReference>
<Code>9183</Code>
<Text>GENERAL FOUNDATIONS OF BIOTECHNOLOGY</Text>
</ProgramReference>
</Award>
</rootTag>
