<?xml version="1.0" encoding="UTF-8"?>
<rootTag>
<Award>
<AwardTitle>Technological Education for the Rural Community (TERC)</AwardTitle>
<AwardEffectiveDate>09/01/2014</AwardEffectiveDate>
<AwardExpirationDate>08/31/2018</AwardExpirationDate>
<AwardAmount>200000</AwardAmount>
<AwardInstrument>
<Value>Standard Grant</Value>
</AwardInstrument>
<Organization>
<Code>11040100</Code>
<Directorate>
<LongName>Direct For Education and Human Resources</LongName>
</Directorate>
<Division>
<LongName>Division Of Undergraduate Education</LongName>
</Division>
</Organization>
<ProgramOfficer>
<SignBlockName>Heather Watson</SignBlockName>
</ProgramOfficer>
<AbstractNarration>Hopkinsville Community College serves a rural, five-county region in southern Kentucky and northern Tennessee that is home to over 70 manufacturing companies that consistently have difficulty hiring qualified employees to fill technology related positions. The Technological Education for the Rural Community (TERC) project is developing innovative educational pathways for technological education at the community college level to influence employability in technical fields within the rural community. TERC utilizes portable, personalized instructional methods to address identified barriers including inflexible work schedules, extended time between high school and college, and poor academic preparation. In particular, access issues and low mathematics comprehension are being addressed by utilizing hybrid delivery systems and contextualized mathematics and engineering coursework. &lt;br/&gt;&lt;br/&gt;The hybrid program incorporates problem based learning (PBL) centered on industry designed curriculum standards making coursework relevant to the highly technical workplace. The project uses a fusion of delivery models for students who work and cannot attend traditional college classes. Didactic content is being delivered via the Internet and preloaded content on portable media. Lab work is facilitated through one-on-one instruction in an open lab environment with hands-on applications and models developed through the project. TERC uses targeted marketing for underrepresented groups and the rural student at regional business and career fairs highlighting student successes. Project evaluation and assessment activities are collecting data on the incorporation of contextualized mathematics as a means of improving the pathway for rural and underrepresented students into entry level manufacturing jobs. The use of a hybrid delivery model is being measured by both comparing the students enrolled in a traditional course with those enrolled in the hybrid sections, and by comparing retention and student perceptions.</AbstractNarration>
<MinAmdLetterDate>08/23/2014</MinAmdLetterDate>
<MaxAmdLetterDate>08/23/2014</MaxAmdLetterDate>
<ARRAAmount/>
<AwardID>1400437</AwardID>
<Investigator>
<FirstName>Sherry</FirstName>
<LastName>McCormack</LastName>
<EmailAddress>smccormack0001@kctcs.edu</EmailAddress>
<StartDate>08/23/2014</StartDate>
<EndDate/>
<RoleCode>Principal Investigator</RoleCode>
</Investigator>
<Investigator>
<FirstName>Stuart</FirstName>
<LastName>Zieman</LastName>
<EmailAddress>szieman0001@kctcs.edu</EmailAddress>
<StartDate>08/23/2014</StartDate>
<EndDate/>
<RoleCode>Co-Principal Investigator</RoleCode>
</Investigator>
<Institution>
<Name>Kentucky Community &amp; Technical College System</Name>
<CityName>Versailles</CityName>
<ZipCode>403831245</ZipCode>
<PhoneNumber>8592563100</PhoneNumber>
<StreetAddress>300 North Main Street</StreetAddress>
<CountryName>United States</CountryName>
<StateName>Kentucky</StateName>
<StateCode>KY</StateCode>
</Institution>
<ProgramElement>
<Code>7412</Code>
<Text>ADVANCED TECH EDUCATION PROG</Text>
</ProgramElement>
<ProgramReference>
<Code>1032</Code>
<Text>ADVANCED TECHNOLOGY EDUCATION</Text>
</ProgramReference>
<ProgramReference>
<Code>9150</Code>
<Text>EXP PROG TO STIM COMP RES</Text>
</ProgramReference>
<ProgramReference>
<Code>9178</Code>
<Text>UNDERGRADUATE EDUCATION</Text>
</ProgramReference>
<ProgramReference>
<Code>SMET</Code>
<Text>SCIENCE, MATH, ENG &amp; TECH EDUCATION</Text>
</ProgramReference>
</Award>
</rootTag>
