<?xml version="1.0" encoding="UTF-8"?>

<rootTag>
  <Award>
    <AwardTitle>Collaborative Research: Optimal Design of Flaw-tolerant Structures and Material Microarchitectures via Stochastic Topology Optimization</AwardTitle>
    <AwardEffectiveDate>08/01/2014</AwardEffectiveDate>
    <AwardExpirationDate>07/31/2017</AwardExpirationDate>
    <AwardAmount>149640</AwardAmount>
    <AwardInstrument>
      <Value>Standard Grant</Value>
    </AwardInstrument>
    <Organization>
      <Code>07030000</Code>
      <Directorate>
        <LongName>Directorate For Engineering</LongName>
      </Directorate>
      <Division>
        <LongName>Div Of Civil, Mechanical, &amp; Manufact Inn</LongName>
      </Division>
    </Organization>
    <ProgramOfficer>
      <SignBlockName>Richard Malak</SignBlockName>
    </ProgramOfficer>
    <AbstractNarration>Topology optimization is a computational process for designing structures and materials that meet some optimality criteria, e.g. minimum weight or maximum stiffness. The technique has gained significant traction among design engineers and has been shown to identify designs where efficient use of materials resulted in unprecedented performance. The objective of this research is to develop a new topology optimization framework capable of designing structural topologies that are robust in the presence of geometric uncertainties. Accounting for dimensional uncertainties in the optimization process is of paramount importance in many engineering applications, for example in processes involving extreme miniaturization of the material architecture, where the physical realization of the optimal design is generally subjected to significant tolerances. The application of this research to state-of-the-art commercially available manufacturing technologies, including additive manufacturing, will greatly impact the development of architected cellular materials and promote technology transfer. Results of this research will be incorporated into graduate courses within the Engineering and Applied Science PhD program at the University of Massachusetts, Dartmouth. This project will provide training for graduate and undergraduate students at UMass Dartmouth (where many students are first generation college students), the University of California, Irvine and Johns Hopkins University.&lt;br/&gt;&lt;br/&gt;This research will result in a new design optimization framework capable of designing structural topologies that are robust in the presence of geometric uncertainties. A number of strategies will be explored based on novel integration of stochastic analysis and uncertainty representation and propagation methods with efficient topology optimization techniques and inverse homogenization-based material design frameworks. Stochastic topology optimization frameworks for both continuum and discrete structures will be developed where flaw-tolerance is achieved through careful incorporation of nodal and boundary uncertainties. Novel methodologies for the characterization and representation of geometric uncertainties are planned, including an experimental effort aimed at carefully measuring typical geometric flaws in architected cellular materials fabricated with state-of-the-art additive manufacturing techniques, and quantifying their impact on the statistical variations of the macroscopic mechanical properties. This experimental investigation will feed into the development of a topology optimization framework centered on flaw-tolerance.</AbstractNarration>
    <MinAmdLetterDate>07/06/2014</MinAmdLetterDate>
    <MaxAmdLetterDate>07/06/2014</MaxAmdLetterDate>
    <ARRAAmount/>
    <AwardID>1401496</AwardID>
    <Investigator>
      <FirstName>Lorenzo</FirstName>
      <LastName>Valdevit</LastName>
      <EmailAddress>valdevit@uci.edu</EmailAddress>
      <StartDate>07/06/2014</StartDate>
      <EndDate/>
      <RoleCode>Principal Investigator</RoleCode>
    </Investigator>
    <Institution>
      <Name>University of California-Irvine</Name>
      <CityName>Irvine</CityName>
      <ZipCode>926173213</ZipCode>
      <PhoneNumber>9498247295</PhoneNumber>
      <StreetAddress>141 Innovation Drive, Ste 250</StreetAddress>
      <CountryName>United States</CountryName>
      <StateName>California</StateName>
      <StateCode>CA</StateCode>
    </Institution>
    <ProgramElement>
      <Code>1464</Code>
      <Text>ENGINEERING DESIGN AND INNOVAT</Text>
    </ProgramElement>
    <ProgramReference>
      <Code>067E</Code>
      <Text>DESIGN TOOLS</Text>
    </ProgramReference>
    <ProgramReference>
      <Code>068E</Code>
      <Text>DESIGN THEORY</Text>
    </ProgramReference>
    <ProgramReference>
      <Code>080E</Code>
      <Text>DEFORMATION PROCESSES</Text>
    </ProgramReference>
    <ProgramReference>
      <Code>9148</Code>
      <Text>TOOLS &amp; TECHNOL FOR MANUFACTURING DESIGN</Text>
    </ProgramReference>
    <ProgramReference>
      <Code>MANU</Code>
      <Text>MANUFACTURING</Text>
    </ProgramReference>
  </Award>
</rootTag>
