<?xml version="1.0" encoding="UTF-8"?>

<rootTag>
  <Award>
    <AwardTitle>The Impact of Tropical/Extratropical Interaction on Atmospheric Teleconnections</AwardTitle>
    <AwardEffectiveDate>05/01/2014</AwardEffectiveDate>
    <AwardExpirationDate>04/30/2018</AwardExpirationDate>
    <AwardAmount>656721</AwardAmount>
    <AwardInstrument>
      <Value>Standard Grant</Value>
    </AwardInstrument>
    <Organization>
      <Code>06020106</Code>
      <Directorate>
        <LongName>Directorate For Geosciences</LongName>
      </Directorate>
      <Division>
        <LongName>Div Atmospheric &amp; Geospace Sciences</LongName>
      </Division>
    </Organization>
    <ProgramOfficer>
      <SignBlockName>Ming Cai</SignBlockName>
    </ProgramOfficer>
    <AbstractNarration>This project has the goal of improving understanding of the basic dynamical processes that drive tropical/extratropical interaction on the intraseasonal time by performing both idealized numerical model experiments and diagnostic analyses. Enhanced understanding of tropical/extratropical interaction is crucial for improving medium range (1-4 week) weather forecasts. &lt;br/&gt;&lt;br/&gt;Recent studies have shown that different phases of an active tropical Madden-Julian Oscillation (MJO) are followed 1-4 weeks later by the excitation of the dominant Northern Hemisphere teleconnection patterns (both the North Atlantic Oscillation and the Pacific/North American patterns), and coincide with large changes in the frequency of occurrence of these teleconnection patterns. It has been found that probabilistic weather forecasts based on both MJO and El-Nino-Southern-Oscillation phases outperform state-of-the-art numerical weather prediction models for North America with lead times of 2 to 4 weeks. Changes to Arctic surface air temperature have even been observed following an active MJO.</AbstractNarration>
    <MinAmdLetterDate>05/01/2014</MinAmdLetterDate>
    <MaxAmdLetterDate>05/01/2014</MaxAmdLetterDate>
    <ARRAAmount/>
    <AwardID>1401220</AwardID>
    <Investigator>
      <FirstName>Sukyoung</FirstName>
      <LastName>Lee</LastName>
      <EmailAddress>sl@meteo.psu.edu</EmailAddress>
      <StartDate>05/01/2014</StartDate>
      <EndDate/>
      <RoleCode>Co-Principal Investigator</RoleCode>
    </Investigator>
    <Investigator>
      <FirstName>Steven</FirstName>
      <LastName>Feldstein</LastName>
      <EmailAddress>sbf1@meteo.psu.edu</EmailAddress>
      <StartDate>05/01/2014</StartDate>
      <EndDate/>
      <RoleCode>Principal Investigator</RoleCode>
    </Investigator>
    <Institution>
      <Name>Pennsylvania State Univ University Park</Name>
      <CityName>UNIVERSITY PARK</CityName>
      <ZipCode>168027000</ZipCode>
      <PhoneNumber>8148651372</PhoneNumber>
      <StreetAddress>110 Technology Center Building</StreetAddress>
      <CountryName>United States</CountryName>
      <StateName>Pennsylvania</StateName>
      <StateCode>PA</StateCode>
    </Institution>
    <ProgramElement>
      <Code>5740</Code>
      <Text>CLIMATE &amp; LARGE-SCALE DYNAMICS</Text>
    </ProgramElement>
    <ProgramReference>
      <Code>0000</Code>
      <Text>UNASSIGNED</Text>
    </ProgramReference>
    <ProgramReference>
      <Code>OTHR</Code>
      <Text>OTHER RESEARCH OR EDUCATION</Text>
    </ProgramReference>
  </Award>
</rootTag>
