<?xml version="1.0" encoding="UTF-8"?>

<rootTag>
  <Award>
    <AwardTitle>eRulemaking Initiative</AwardTitle>
    <AwardEffectiveDate>02/15/2014</AwardEffectiveDate>
    <AwardExpirationDate>02/28/2015</AwardExpirationDate>
    <AwardAmount>10000</AwardAmount>
    <AwardInstrument>
      <Value>Contract Interagency Agreement</Value>
    </AwardInstrument>
    <Organization>
      <Code>01010000</Code>
      <Directorate>
        <LongName>Office Of The Director</LongName>
      </Directorate>
      <Division>
        <LongName>General Counsel</LongName>
      </Division>
    </Organization>
    <ProgramOfficer>
      <SignBlockName>SUZANNE H PLIMPTON</SignBlockName>
    </ProgramOfficer>
    <AbstractNarration/>
    <MinAmdLetterDate>04/15/2014</MinAmdLetterDate>
    <MaxAmdLetterDate>04/15/2014</MaxAmdLetterDate>
    <ARRAAmount/>
    <AwardID>1401265</AwardID>
    <Investigator>
      <FirstName>Duncan</FirstName>
      <LastName>Brown</LastName>
      <EmailAddress/>
      <StartDate>04/15/2014</StartDate>
      <EndDate/>
      <RoleCode>Principal Investigator</RoleCode>
    </Investigator>
    <Institution>
      <Name>ENVIRONMENTAL PROTECTION AGENCY</Name>
      <CityName>WASHINGTON</CityName>
      <ZipCode>204600000</ZipCode>
      <PhoneNumber></PhoneNumber>
      <StreetAddress>1200 PENNSYLVANIA AVE NW</StreetAddress>
      <CountryName>United States</CountryName>
      <StateName>District of Columbia</StateName>
      <StateCode>DC</StateCode>
    </Institution>
  </Award>
</rootTag>
