<?xml version="1.0" encoding="UTF-8"?>
<rootTag>
<Award>
<AwardTitle>Sharp inequalities for derivatives and potentials in the critical cases of the Sobolev embedding theorem</AwardTitle>
<AwardEffectiveDate>08/01/2014</AwardEffectiveDate>
<AwardExpirationDate>07/31/2018</AwardExpirationDate>
<AwardAmount>168482</AwardAmount>
<AwardInstrument>
<Value>Continuing grant</Value>
</AwardInstrument>
<Organization>
<Code>03040000</Code>
<Directorate>
<LongName>Direct For Mathematical &amp; Physical Scien</LongName>
</Directorate>
<Division>
<LongName>Division Of Mathematical Sciences</LongName>
</Division>
</Organization>
<ProgramOfficer>
<SignBlockName>Bruce P. Palka</SignBlockName>
</ProgramOfficer>
<AbstractNarration>Many real world phenomena are modeled using partial differential equations, equations that involve functions and their derivatives. For practical purposes it is extremely important to understand the behavior of the solutions of such equations. Even though it is often impossible to compute these solutions explicitly, a great deal of information can be garnered from quantitative estimates on their size, usually by means of inequalities. The purpose of this research is to obtain many new optimal inequalities related to fundamental equations in mathematics, physics, and geometry: from equations describing the curvature of a surface, to mean-field equations arising in vortex models for turbulent flows, and more. The estimates to be obtained are sharp (i.e., they cannot be improved), and they incorporate deep information about the underlying geometric and physical models. &lt;br/&gt;&lt;br/&gt;In this project, the principal investigator seeks to find best constants  in several Adams, Moser-Trudinger, and Onofri inequalities in various settings, sharp asymptotics for fundamental solutions of differential and pseudodifferential operators, and optimal embeddings of Sobolev spaces in rearrangement invariant spaces.  On the Cauchy-Riemann sphere, sharp inequalities are to be obtained for rather general spectrally defined pseudodifferential operators, featuring best constants that depend explicitly on the eigenvalues. The method includes a new asymptotic analysis of the fundamental solutions of such operators. On Euclidean spaces, sharp inequalities will be obtained on domains of infinite measure, filling a twenty-five-year-old gap that was left since Adams's seminal work. The methods are new, and they are powerful enough to allow extensions to other noncompact settings such as the Heisenberg group and spaces endowed with hyperbolic metrics. Sharp Brezis-Merle-type inequalities and optimal embeddings are to be obtained on reduced Sobolev spaces of barely integrable functions. The method is based on a new theory of Adams-  and Orlicz-type inequalities on general measure spaces, for integral operators with slowly varying kernels.</AbstractNarration>
<MinAmdLetterDate>07/31/2014</MinAmdLetterDate>
<MaxAmdLetterDate>05/23/2016</MaxAmdLetterDate>
<ARRAAmount/>
<AwardID>1401035</AwardID>
<Investigator>
<FirstName>Carlo</FirstName>
<LastName>Morpurgo</LastName>
<EmailAddress>morpurgo@math.missouri.edu</EmailAddress>
<StartDate>07/31/2014</StartDate>
<EndDate/>
<RoleCode>Principal Investigator</RoleCode>
</Investigator>
<Institution>
<Name>University of Missouri-Columbia</Name>
<CityName>COLUMBIA</CityName>
<ZipCode>652110001</ZipCode>
<PhoneNumber>5738827560</PhoneNumber>
<StreetAddress>115 Business Loop 70 W</StreetAddress>
<CountryName>United States</CountryName>
<StateName>Missouri</StateName>
<StateCode>MO</StateCode>
</Institution>
<ProgramElement>
<Code>1281</Code>
<Text>ANALYSIS PROGRAM</Text>
</ProgramElement>
<ProgramReference>
<Code>9150</Code>
<Text>EXP PROG TO STIM COMP RES</Text>
</ProgramReference>
<ProgramReference>
<Code>9251</Code>
<Text>RES EXPER FOR UNDERGRAD-SUPPLT</Text>
</ProgramReference>
</Award>
</rootTag>
