<?xml version="1.0" encoding="UTF-8"?>

<rootTag>
  <Award>
    <AwardTitle>DISSERTATION RESEARCH: Invasion phylogeography of Borrelia burgdorferi, a tick-borne pathogen</AwardTitle>
    <AwardEffectiveDate>06/01/2014</AwardEffectiveDate>
    <AwardExpirationDate>05/31/2015</AwardExpirationDate>
    <AwardAmount>21146</AwardAmount>
    <AwardInstrument>
      <Value>Standard Grant</Value>
    </AwardInstrument>
    <Organization>
      <Code>08010207</Code>
      <Directorate>
        <LongName>Direct For Biological Sciences</LongName>
      </Directorate>
      <Division>
        <LongName>Division Of Environmental Biology</LongName>
      </Division>
    </Organization>
    <ProgramOfficer>
      <SignBlockName>Leslie Rissler</SignBlockName>
    </ProgramOfficer>
    <AbstractNarration>Tick-borne diseases pose a significant and growing global health burden due to the expanding range of tick vectors, reservoir hosts, and pathogens, as well as a suite of other environmental pressures. Lyme disease is the most prevalent tick-borne disease in the US and the vast majority of cases occur in the Northeast. Over the past forty years, it has rapidly spread from southern New England through Maine as well as through the Upper Midwest. Despite its epidemiological importance, the source and trajectory of the ongoing invasion remains poorly described. This project harnesses the tools of next generation sequencing to reconstruct the evolutionary history of the Lyme disease bacteria, Borrelia burgdorferi. Surveying the genomic diversity of the pathogen will allow us to infer the probable origin of invasion and pathways of spread and will inform a better understanding of the environmental or ecological factors driving the emergence. &lt;br/&gt;&lt;br/&gt;Resolving the invasion history of B. burgdorferi will inform models of continued spatial spread and targeted control measures for this important human pathogen. Further, this project will support the research of a team of three female scientists and the training of at least four undergraduate assistants, including women and minorities, and several high school students in field ecology, epidemiology, and evolutionary genomics techniques.</AbstractNarration>
    <MinAmdLetterDate>04/10/2014</MinAmdLetterDate>
    <MaxAmdLetterDate>04/10/2014</MaxAmdLetterDate>
    <ARRAAmount/>
    <AwardID>1401143</AwardID>
    <Investigator>
      <FirstName>Katharine</FirstName>
      <LastName>Walter</LastName>
      <EmailAddress>katharine.walter@yale.edu</EmailAddress>
      <StartDate>04/10/2014</StartDate>
      <EndDate/>
      <RoleCode>Co-Principal Investigator</RoleCode>
    </Investigator>
    <Investigator>
      <FirstName>Adalgisa</FirstName>
      <LastName>Caccone</LastName>
      <EmailAddress>adalgisa.caccone@yale.edu</EmailAddress>
      <StartDate>04/10/2014</StartDate>
      <EndDate/>
      <RoleCode>Co-Principal Investigator</RoleCode>
    </Investigator>
    <Investigator>
      <FirstName>Maria</FirstName>
      <LastName>Diuk-Wasser</LastName>
      <EmailAddress>mad2256@columbia.edu</EmailAddress>
      <StartDate>04/10/2014</StartDate>
      <EndDate/>
      <RoleCode>Principal Investigator</RoleCode>
    </Investigator>
    <Institution>
      <Name>Yale University</Name>
      <CityName>New Haven</CityName>
      <ZipCode>065208327</ZipCode>
      <PhoneNumber>2037854689</PhoneNumber>
      <StreetAddress>Office of Sponsored Projects</StreetAddress>
      <CountryName>United States</CountryName>
      <StateName>Connecticut</StateName>
      <StateCode>CT</StateCode>
    </Institution>
    <ProgramElement>
      <Code>7378</Code>
      <Text>EVOLUTIONARY GENETICS</Text>
    </ProgramElement>
    <ProgramReference>
      <Code>9169</Code>
      <Text>BIODIVERSITY AND ECOSYSTEM DYNAMICS</Text>
    </ProgramReference>
    <ProgramReference>
      <Code>9179</Code>
      <Text>GRADUATE INVOLVEMENT</Text>
    </ProgramReference>
    <ProgramReference>
      <Code>EGCH</Code>
      <Text>ENVIRONMENT AND GLOBAL CHANGE</Text>
    </ProgramReference>
    <ProgramReference>
      <Code>SMET</Code>
      <Text>SCIENCE, MATH, ENG &amp; TECH EDUCATION</Text>
    </ProgramReference>
  </Award>
</rootTag>
