<?xml version="1.0" encoding="UTF-8"?>
<rootTag>
<Award>
<AwardTitle>RUI - Supraoctahedral Rhenium and Molybdenum Clusters: N-Heterocyclic Carbenes and Exploration Into the Coordination of Fischer vs Schrock Carbenes</AwardTitle>
<AwardEffectiveDate>07/01/2014</AwardEffectiveDate>
<AwardExpirationDate>06/30/2017</AwardExpirationDate>
<AwardAmount>307000</AwardAmount>
<AwardInstrument>
<Value>Continuing grant</Value>
</AwardInstrument>
<Organization>
<Code>03090000</Code>
<Directorate>
<LongName>Direct For Mathematical &amp; Physical Scien</LongName>
</Directorate>
<Division>
<LongName>Division Of Chemistry</LongName>
</Division>
</Organization>
<ProgramOfficer>
<SignBlockName>Scott Rychnovsky</SignBlockName>
</ProgramOfficer>
<AbstractNarration>This award in the Chemical Synthesis (SYN) program in the Division of Chemistry supports a project by Professor Lisa F. Szczepura from Illinois State University to examine the chemistry of carbene ligands bonded to multi-metal systems (clusters), and enhancing involvement of underrepresented minorities in STEM disciplines at Illinois State. The proposed studies are critical to the future use of these clusters in applications such as catalysis. Professor Szczepura and students will develop new methods for these clusters containing stabilizing carbenes.  In addition to developing new methods, there is an interest in determining the impact of these clusters in yielding novel light-emitting materials.  In addition, Professor Szczepura will engage in training and mentoring undergraduate and graduate students, running a STEM fair for underrepresented minorities on campus, and administering a program aimed at improving the success rate of underrepresented students in the sciences.&lt;br/&gt;&lt;br/&gt;Synthetic methodologies will be developed for the preparation of hexanuclear rhenium selenide and molybdenum chloride clusters containing N-heterocyclic carbene (NHC) ligands.  The impact the NHCs have on the physical properties and small molecule activation of these cluster cores will be of primary interest.  This award will also allow for an exploration into the viability of isolating supraoctahedral clusters containingthe more reactive Fischer and Schrock carbenes. Since the clusters with molybdenum and rhenium cores typically display interesting photophysical properties, the proposed research will enable these clusters to be adapted for applications such as sensors and luminescent materials.</AbstractNarration>
<MinAmdLetterDate>05/23/2014</MinAmdLetterDate>
<MaxAmdLetterDate>05/18/2015</MaxAmdLetterDate>
<ARRAAmount/>
<AwardID>1401686</AwardID>
<Investigator>
<FirstName>Lisa</FirstName>
<LastName>Szczepura</LastName>
<EmailAddress>lfszcze@ilstu.edu</EmailAddress>
<StartDate>05/23/2014</StartDate>
<EndDate/>
<RoleCode>Principal Investigator</RoleCode>
</Investigator>
<Institution>
<Name>Illinois State University</Name>
<CityName>Normal</CityName>
<ZipCode>617901000</ZipCode>
<PhoneNumber>3094382528</PhoneNumber>
<StreetAddress>100 S Fell Ave</StreetAddress>
<CountryName>United States</CountryName>
<StateName>Illinois</StateName>
<StateCode>IL</StateCode>
</Institution>
<ProgramElement>
<Code>6878</Code>
<Text>Chemical Synthesis</Text>
</ProgramElement>
<ProgramReference>
<Code>6878</Code>
<Text>CHEMICAL SYNTHESIS</Text>
</ProgramReference>
<ProgramReference>
<Code>9229</Code>
<Text>RES IN UNDERGRAD INST-RESEARCH</Text>
</ProgramReference>
</Award>
</rootTag>
