<?xml version="1.0" encoding="UTF-8"?>
<rootTag>
<Award>
<AwardTitle>Collaborative Research:  P2C2--Pleistocene/Holocene Climate Reconstruction from a Pamir High Resolution Deep Ice-Core</AwardTitle>
<AwardEffectiveDate>06/01/2014</AwardEffectiveDate>
<AwardExpirationDate>05/31/2018</AwardExpirationDate>
<AwardAmount>890877</AwardAmount>
<AwardInstrument>
<Value>Continuing grant</Value>
</AwardInstrument>
<Organization>
<Code>06020108</Code>
<Directorate>
<LongName>Directorate For Geosciences</LongName>
</Directorate>
<Division>
<LongName>Div Atmospheric &amp; Geospace Sciences</LongName>
</Division>
</Organization>
<ProgramOfficer>
<SignBlockName>David J. Verardo</SignBlockName>
</ProgramOfficer>
<AbstractNarration>Central Asia is highly dependent on glacier meltwater for its water resources. Its high mountains hold great volumes of glacial ice, with seasonal snow melt supplying up to 80% of the region's fresh water needs. However, since the 1960s, central Asia has lost over 14% of its glacier covered area and ~18% of its ice volume. Changes in glacially-fed hydrologic systems impact water availability and biodiversity in these regions. However, these observations cover only a fraction of the climate history of this region. Ice cores from glaciers in the high Himalayas preserve records of millennia of climate changes. Understanding the natural variability recorded in such records is of critical importance for interpreting the vulnerability of the region to modern and future climate change.&lt;br/&gt;&lt;br/&gt;This project will recover a surface-to-bedrock ice core from the Pamir, Tajikistan, which will be used to develop detailed records of climate changes in central Asia during the Holocene and beyond. The results will be used to reconstruct the dynamics and rates of moderate, abrupt, and threshold changes in climate in Central Asia. Specifically, the research team will generate annually-resolved, multivariate geochemical records from the ice cores (including stable isotopes, trace elements, major ions, and dust particles), recover pollen and other biological materials, and compare the results with ice core and other paleo records from the interior of Asia. Chronological control will be established with a variety of techniques (layer counting, radiocarbon, beryllium-10, lead-210, and tritium). The project involves scientific collaboratio with international research partners from Germany and Japan as well as from local government departments in Tajikistan. Graduate students from two US institutions would be involved in the international activities, which will include both field expeditions to collect the ice cores and follow up sampling and collaboration visits.&lt;br/&gt;&lt;br/&gt;This project is jointly supported by the Paleoclimate Program of the Division of Atmospheric and Geospace Sciences, the EPSCoR program, and the Division of International Science and Engineering.</AbstractNarration>
<MinAmdLetterDate>06/12/2014</MinAmdLetterDate>
<MaxAmdLetterDate>05/02/2016</MaxAmdLetterDate>
<ARRAAmount/>
<AwardID>1401826</AwardID>
<Investigator>
<FirstName>Vladimir</FirstName>
<LastName>Aizen</LastName>
<EmailAddress>aizen@uidaho.edu</EmailAddress>
<StartDate>06/12/2014</StartDate>
<EndDate/>
<RoleCode>Principal Investigator</RoleCode>
</Investigator>
<Investigator>
<FirstName>Elena</FirstName>
<LastName>Aizen</LastName>
<EmailAddress>eaizen@uidaho.edu</EmailAddress>
<StartDate>06/12/2014</StartDate>
<EndDate/>
<RoleCode>Co-Principal Investigator</RoleCode>
</Investigator>
<Institution>
<Name>University of Idaho</Name>
<CityName>MOSCOW</CityName>
<ZipCode>838443020</ZipCode>
<PhoneNumber>2088856651</PhoneNumber>
<StreetAddress>Office of Sponsored Programs</StreetAddress>
<CountryName>United States</CountryName>
<StateName>Idaho</StateName>
<StateCode>ID</StateCode>
</Institution>
<ProgramElement>
<Code>1530</Code>
<Text>PALEOCLIMATE PROGRAM</Text>
</ProgramElement>
<ProgramElement>
<Code>7298</Code>
<Text>COLLABORATIVE RESEARCH</Text>
</ProgramElement>
<ProgramElement>
<Code>9150</Code>
<Text>EXP PROG TO STIM COMP RES</Text>
</ProgramElement>
<ProgramReference>
<Code>1304</Code>
<Text>EARTH SYSTEM HISTORY</Text>
</ProgramReference>
<ProgramReference>
<Code>4444</Code>
<Text>INTERDISCIPLINARY PROPOSALS</Text>
</ProgramReference>
<ProgramReference>
<Code>5936</Code>
<Text>GERMANY (F.R.G.)</Text>
</ProgramReference>
<ProgramReference>
<Code>7754</Code>
<Text>CLIMATE VARIABILITY &amp; CHANGE</Text>
</ProgramReference>
<ProgramReference>
<Code>8070</Code>
<Text>P2C2 Proposals</Text>
</ProgramReference>
<ProgramReference>
<Code>9150</Code>
<Text>EXP PROG TO STIM COMP RES</Text>
</ProgramReference>
<ProgramReference>
<Code>EGCH</Code>
<Text>ENVIRONMENT AND GLOBAL CHANGE</Text>
</ProgramReference>
</Award>
</rootTag>
