<?xml version="1.0" encoding="UTF-8"?>

<rootTag>
  <Award>
    <AwardTitle>String Math Conferences 2014, June 9-13, 2014</AwardTitle>
    <AwardEffectiveDate>05/01/2014</AwardEffectiveDate>
    <AwardExpirationDate>05/31/2017</AwardExpirationDate>
    <AwardAmount>100000</AwardAmount>
    <AwardInstrument>
      <Value>Standard Grant</Value>
    </AwardInstrument>
    <Organization>
      <Code>03040000</Code>
      <Directorate>
        <LongName>Direct For Mathematical &amp; Physical Scien</LongName>
      </Directorate>
      <Division>
        <LongName>Division Of Mathematical Sciences</LongName>
      </Division>
    </Organization>
    <ProgramOfficer>
      <SignBlockName>Matthew Douglass</SignBlockName>
    </ProgramOfficer>
    <AbstractNarration>The 2014 String-Math Conference (SMC) will be held at the University of Alberta in Edmonton, AB, June 9-13, 2014. Additionally, both pre- and post-conference events will be held in Vancouver, Edmonton, and Banff. The week before SMC 2014, a String-Math Summer School will be held at the University of British Columbia in Vancouver, BC. The week following SMC 2014 features two Satellite Workshops in Alberta: "Calabi-Yau Manifolds and their Moduli" at the University of Alberta and "Quantum Curves and Quantum Knot Invariants" at the Banff International Research Station for Mathematical Innovation and Discovery (BIRS). The String-Math Conferences are a series of large meetings bringing together mathematicians and physicists who work on ideas related to string theory. The nature of interactions between mathematicians and physicists has been thoroughly transformed in recent years. String theory, as well as quantum field theory, has contributed a series of profound ideas which gave rise to entirely new mathematical fields and revitalized older ones. By now there is a large and rapidly growing number of both mathematicians and physicists working at the string-theoretic interface between the two academic fields. The influence flows in both directions, with mathematical techniques and ideas contributing crucially to major advances in string theory.&lt;br/&gt;&lt;br/&gt;For mathematics, string theory has been a source of many significant inspirations, ranging from Seiberg-Witten theory in four-manifolds, to enumerative geometry and Gromov-Witten theory in algebraic geometry, to work on the Jones polynomial in knot theory, to advances in symplectic topology, to recent progress in the geometric Langlands program and the development of derived algebraic geometry and n-category theory. In the other direction, mathematics has provided physicists with powerful tools, ranging from powerful differential geometric techniques for solving or analyzing key partial differential equations, to toric geometry, to K-theory and derived categories in D-branes, to the analysis of Calabi-Yau manifolds and string compactifications, to the use of modular forms and other arithmetic techniques. This mutual interaction has enhanced the depth, power, and novelty of the results obtained in both fields. This award provides partial support for travel and lodging to advanced students and postdoctoral participants. Participation of young researchers and those from underrepresented groups is actively encouraged. The results presented at the conference will be disseminated through a conference web site &lt;br/&gt;&lt;br/&gt;https://sites.google.com/a/ualberta.ca/stringmath2014/&lt;br/&gt;&lt;br/&gt;and through the Pacific Institute for the Mathematical Sciences online video archive &lt;br/&gt;&lt;br/&gt;www.mathtube.org&lt;br/&gt;&lt;br/&gt;which will host video recordings of the talks, slides, and notes.</AbstractNarration>
    <MinAmdLetterDate>04/15/2014</MinAmdLetterDate>
    <MaxAmdLetterDate>03/16/2017</MaxAmdLetterDate>
    <ARRAAmount/>
    <AwardID>1401390</AwardID>
    <Investigator>
      <FirstName>Ron</FirstName>
      <LastName>Donagi</LastName>
      <EmailAddress>donagi@math.upenn.edu</EmailAddress>
      <StartDate>04/15/2014</StartDate>
      <EndDate/>
      <RoleCode>Principal Investigator</RoleCode>
    </Investigator>
    <Institution>
      <Name>University of Pennsylvania</Name>
      <CityName>Philadelphia</CityName>
      <ZipCode>191046205</ZipCode>
      <PhoneNumber>2158987293</PhoneNumber>
      <StreetAddress>Research Services</StreetAddress>
      <CountryName>United States</CountryName>
      <StateName>Pennsylvania</StateName>
      <StateCode>PA</StateCode>
    </Institution>
    <ProgramElement>
      <Code>1265</Code>
      <Text>GEOMETRIC ANALYSIS</Text>
    </ProgramElement>
    <ProgramElement>
      <Code>1264</Code>
      <Text>ALGEBRA,NUMBER THEORY,AND COM</Text>
    </ProgramElement>
    <ProgramReference>
      <Code>7556</Code>
      <Text>CONFERENCE AND WORKSHOPS</Text>
    </ProgramReference>
  </Award>
</rootTag>
