<?xml version="1.0" encoding="UTF-8"?>

<rootTag>
  <Award>
    <AwardTitle>PostDoctoral Research Fellowship</AwardTitle>
    <AwardEffectiveDate>10/01/2014</AwardEffectiveDate>
    <AwardExpirationDate>09/30/2018</AwardExpirationDate>
    <AwardAmount>150000</AwardAmount>
    <AwardInstrument>
      <Value>Fellowship</Value>
    </AwardInstrument>
    <Organization>
      <Code>03040000</Code>
      <Directorate>
        <LongName>Direct For Mathematical &amp; Physical Scien</LongName>
      </Directorate>
      <Division>
        <LongName>Division Of Mathematical Sciences</LongName>
      </Division>
    </Organization>
    <ProgramOfficer>
      <SignBlockName>Bruce P. Palka</SignBlockName>
    </ProgramOfficer>
    <AbstractNarration>This award is made as part of the FY 2014 Mathematical Sciences Postdoctoral Research Fellowships Program. Each of the fellowships supports a research and training project at a host institution in the mathematical sciences, including applications to other disciplines, under the mentorship of a sponsoring scientist. The title of the project for this fellowship to Shrenik N. Shah is "A p-Adic Approach to Local-Global Compatibility in the Langlands Program." The host institution for the fellowship is Columbia University, and the sponsoring scientist is Dr. Eric Urban.</AbstractNarration>
    <MinAmdLetterDate>04/01/2014</MinAmdLetterDate>
    <MaxAmdLetterDate>04/01/2014</MaxAmdLetterDate>
    <ARRAAmount/>
    <AwardID>1401967</AwardID>
    <Investigator>
      <FirstName>Shrenik</FirstName>
      <LastName>Shah</LastName>
      <EmailAddress/>
      <StartDate>04/01/2014</StartDate>
      <EndDate/>
      <RoleCode>Principal Investigator</RoleCode>
    </Investigator>
    <Institution>
      <Name>Shah Shrenik N</Name>
      <CityName>Princeton</CityName>
      <ZipCode>085407120</ZipCode>
      <PhoneNumber/>
      <StreetAddress/>
      <CountryName>United States</CountryName>
      <StateName>New Jersey</StateName>
      <StateCode>NJ</StateCode>
    </Institution>
    <ProgramElement>
      <Code>7335</Code>
      <Text>WORKFORCE IN THE MATHEMAT SCI</Text>
    </ProgramElement>
    <ProgramReference>
      <Code>9219</Code>
      <Text>POSTDOCTORAL FELLOWSHIPS IN MATH SCIENCE</Text>
    </ProgramReference>
  </Award>
</rootTag>
