<?xml version="1.0" encoding="UTF-8"?>
<rootTag>
<Award>
<AwardTitle>RUI: NEW ASYMMETRIC SYNTHESES VIA SPIROAMINOBORATES</AwardTitle>
<AwardEffectiveDate>08/01/2014</AwardEffectiveDate>
<AwardExpirationDate>12/31/2017</AwardExpirationDate>
<AwardAmount>270000</AwardAmount>
<AwardInstrument>
<Value>Standard Grant</Value>
</AwardInstrument>
<Organization>
<Code>03090000</Code>
<Directorate>
<LongName>Direct For Mathematical &amp; Physical Scien</LongName>
</Directorate>
<Division>
<LongName>Division Of Chemistry</LongName>
</Division>
</Organization>
<ProgramOfficer>
<SignBlockName>Scott Rychnovsky</SignBlockName>
</ProgramOfficer>
<AbstractNarration>With this new award, the Chemical Synthesis Program supports Professor Margarita Ortiz of University of Puerto Rico at Humacao in a project investigating the development of new borate based catalysts for the selective preparation of a variety of important chemical substances. Existing catalysts used for these purposes are often expensive, difficult to purify, highly sensitive to air and moisture, and harmful to the environment. This project will design and prepare catalysts that are readily and inexpensively available, easy to handle and environmentally friendly. Since the research will be carried out by undergraduates, it will be an excellent way to train a new generation of Puerto Rican scientists.&lt;br/&gt;&lt;br/&gt;This project will investigate the preparation of new chiral spiroamino borate esters to be used for the chemo- and stereoselective asymmetric reduction of ketones and their derivatives. These studies are designed to provide fundamental knowledge of the enantioselective catalytic reduction of these substrates and to establish new protocols for the chiral synthesis of amino acids and alcohols.</AbstractNarration>
<MinAmdLetterDate>07/31/2014</MinAmdLetterDate>
<MaxAmdLetterDate>07/31/2014</MaxAmdLetterDate>
<ARRAAmount/>
<AwardID>1401998</AwardID>
<Investigator>
<FirstName>Margarita</FirstName>
<LastName>Ortiz</LastName>
<EmailAddress>margarita.ortiz1@upr.edu</EmailAddress>
<StartDate>07/31/2014</StartDate>
<EndDate/>
<RoleCode>Principal Investigator</RoleCode>
</Investigator>
<Institution>
<Name>University of Puerto Rico at Humacao</Name>
<CityName>Humacao</CityName>
<ZipCode>007920860</ZipCode>
<PhoneNumber>7878509374</PhoneNumber>
<StreetAddress>Call Box 860</StreetAddress>
<CountryName>United States</CountryName>
<StateName>Puerto Rico</StateName>
<StateCode>PR</StateCode>
</Institution>
<ProgramElement>
<Code>6878</Code>
<Text>Chemical Synthesis</Text>
</ProgramElement>
<ProgramElement>
<Code>9150</Code>
<Text>EXP PROG TO STIM COMP RES</Text>
</ProgramElement>
<ProgramReference>
<Code>1948</Code>
<Text>SYNTHESIS</Text>
</ProgramReference>
<ProgramReference>
<Code>9150</Code>
<Text>EXP PROG TO STIM COMP RES</Text>
</ProgramReference>
<ProgramReference>
<Code>9229</Code>
<Text>RES IN UNDERGRAD INST-RESEARCH</Text>
</ProgramReference>
</Award>
</rootTag>
