<?xml version="1.0" encoding="UTF-8"?>
<rootTag>
<Award>
<AwardTitle>P2C2:  Continental Scale Droughts in North America: Their Frequency, Character and Causes Over the Past Millennium and Near Term Future</AwardTitle>
<AwardEffectiveDate>07/01/2014</AwardEffectiveDate>
<AwardExpirationDate>06/30/2018</AwardExpirationDate>
<AwardAmount>776807</AwardAmount>
<AwardInstrument>
<Value>Standard Grant</Value>
</AwardInstrument>
<Organization>
<Code>06020108</Code>
<Directorate>
<LongName>Directorate For Geosciences</LongName>
</Directorate>
<Division>
<LongName>Div Atmospheric &amp; Geospace Sciences</LongName>
</Division>
</Organization>
<ProgramOfficer>
<SignBlockName>David J. Verardo</SignBlockName>
</ProgramOfficer>
<AbstractNarration>Pan-continental North American droughts, defined as droughts that impact multiple water resource and agricultural areas, can exert severe stress on society in excess of more localized, but equally severe, droughts. For example, the drought of 2012 struck both the Plains and the Midwest and caused tens of billions of dollars in crop losses. However, events like the 2012 pan-continental drought take both the public and climate researchers by surprise. They do not appear to be easily explained in terms of ocean forcing, and cannot be predicted by current operational seasonal forecasting systems. However, pan-continental droughts have occurred repeatedly over the instrumental record and also appear in tree-ring reconstructions of climate and precipitation in North America over the last thousand years.&lt;br/&gt;&lt;br/&gt;This project will examine the causes and dynamical mechanisms of pan-continental droughts in North America on seasonal to multidecadal timescales. The work will use instrumental records, proxy climate records of the past millennium, atmosphere models forced by historical sea surface temperatures, coupled general circulation models and idealized model experiments. The time period of interest will be the last millennium and the next few decades. The hypothesis is that preferred states of the coupled Pacific-North America-Atlantic atmosphere-ocean system cause pan-continental droughts, including potential contributions from internal atmospheric modes that are unpredictable on seasonal and longer timescales. The project will also determine the role of soil moisture and vegetation conditions on the occurrence and evolution of pan-continental droughts. The record of regional and pan-continental drought in the newly updated millennium-long tree-ring based North American Drought Atlas will be examined. The research team will assess whether the current climate system can also explain the record of the past millennium or whether fundamentally different modes of operation (e.g. climate shifts in the Pacific and Atlantic Oceans) are required. The ability of current generation climate models to simulate pan-continental droughts, and with what mechanisms, will be examined. Finally, analyses of the past and current model projections will be used to determine changes in the likelihood of pan-continental drought in the coming decades.</AbstractNarration>
<MinAmdLetterDate>05/13/2014</MinAmdLetterDate>
<MaxAmdLetterDate>05/13/2014</MaxAmdLetterDate>
<ARRAAmount/>
<AwardID>1401400</AwardID>
<Investigator>
<FirstName>Naomi</FirstName>
<LastName>Henderson</LastName>
<EmailAddress>naomi@ldeo.columbia.edu</EmailAddress>
<StartDate>05/13/2014</StartDate>
<EndDate/>
<RoleCode>Co-Principal Investigator</RoleCode>
</Investigator>
<Investigator>
<FirstName>Richard</FirstName>
<LastName>Seager</LastName>
<EmailAddress>seager@ldeo.columbia.edu</EmailAddress>
<StartDate>05/13/2014</StartDate>
<EndDate/>
<RoleCode>Principal Investigator</RoleCode>
</Investigator>
<Investigator>
<FirstName>Jason</FirstName>
<LastName>Smerdon</LastName>
<EmailAddress>jsmerdon@ldeo.columbia.edu</EmailAddress>
<StartDate>05/13/2014</StartDate>
<EndDate/>
<RoleCode>Co-Principal Investigator</RoleCode>
</Investigator>
<Investigator>
<FirstName>Dong</FirstName>
<LastName>Lee</LastName>
<EmailAddress>del2113@columbia.edu</EmailAddress>
<StartDate>05/13/2014</StartDate>
<EndDate/>
<RoleCode>Co-Principal Investigator</RoleCode>
</Investigator>
<Institution>
<Name>Columbia University</Name>
<CityName>NEW YORK</CityName>
<ZipCode>100276902</ZipCode>
<PhoneNumber>2128546851</PhoneNumber>
<StreetAddress>2960 Broadway</StreetAddress>
<CountryName>United States</CountryName>
<StateName>New York</StateName>
<StateCode>NY</StateCode>
</Institution>
<ProgramElement>
<Code>1530</Code>
<Text>PALEOCLIMATE PROGRAM</Text>
</ProgramElement>
<ProgramReference>
<Code>1304</Code>
<Text>EARTH SYSTEM HISTORY</Text>
</ProgramReference>
<ProgramReference>
<Code>7754</Code>
<Text>CLIMATE VARIABILITY &amp; CHANGE</Text>
</ProgramReference>
<ProgramReference>
<Code>8070</Code>
<Text>P2C2 Proposals</Text>
</ProgramReference>
<ProgramReference>
<Code>EGCH</Code>
<Text>ENVIRONMENT AND GLOBAL CHANGE</Text>
</ProgramReference>
</Award>
</rootTag>
