<?xml version="1.0" encoding="UTF-8"?>
<rootTag>
<Award>
<AwardTitle>Integrating Inkjet Printing with Nanoporous Structures for High-throughput Manufacturing of 3D Heterogeneous Nanostructures</AwardTitle>
<AwardEffectiveDate>06/01/2014</AwardEffectiveDate>
<AwardExpirationDate>05/31/2018</AwardExpirationDate>
<AwardAmount>300000</AwardAmount>
<AwardInstrument>
<Value>Standard Grant</Value>
</AwardInstrument>
<Organization>
<Code>07030000</Code>
<Directorate>
<LongName>Directorate For Engineering</LongName>
</Directorate>
<Division>
<LongName>Div Of Civil, Mechanical, &amp; Manufact Inn</LongName>
</Division>
</Organization>
<ProgramOfficer>
<SignBlockName>Steven R. Schmid</SignBlockName>
</ProgramOfficer>
<AbstractNarration>Research results from this award will extend the roll-to-roll compatible inkjet printing process into the 3rd dimension with robust deposition controls, from complete or partial filling of nanoporous substrates to deposition of highly repeatable nanoscale arrays. Drop-on-demand printing inside nanoporous substrates enables encapsulation of multi-functional therapeutic materials for drug delivery with precisely controlled release and localized delivery of growth factors for tissue regeneration. Nanotemplated printing allows for large-area deposition of nanoarrays for rapid screening of biomolecules and efficient chemical detections. By tuning ink-substrate interactions, high-throughput production of highly ordered 3D nanostructures is achieved. This project will enable new laboratory demonstrations for the Nanomanufacturing for Energy course and directly benefit highly related industry projects on printable solar cells and solid-state lighting. The community outreach programs will extend to Philadelphia inner-city K-12 students through the Philly Science Festival and Drexel's K-12 Education Program on National Academy of Engineering Grand Challenges.&lt;br/&gt;&lt;br/&gt;This award supports fundamental research on integrating inkjet printing of functional materials with nanoporous structures for high-throughput manufacturing of 3D heterogeneous nanostructures for energy, biomedical, and sensing applications. Specifically, the research will combine in-situ imaging, multi-scale modeling, and advanced characterization to examine the simultaneous wetting, infiltration, and evaporation of inkjet-printed functional inks onto nanoporous substrates and the subsequent particle self-assembly and deposition processes both inside and through nanopores. A synchronized high-speed camera, confocal microscope, and laser interferometry setup will directly observe the complex transport phenomena during the 3D nanoprinting process. A multi-scale approach, integrating a mesoscale lattice Boltzmann model at the entire drop level and a molecular dynamics model for probing interactions of nanoparticles with the contact line inside a single pore, will be developed to capture the radial-dependent infiltration process in nanopores. The project goal is to build the structure-process-property relationship for nanoporous-templated 3D nanoprinting.</AbstractNarration>
<MinAmdLetterDate>04/24/2014</MinAmdLetterDate>
<MaxAmdLetterDate>04/24/2014</MaxAmdLetterDate>
<ARRAAmount/>
<AwardID>1401438</AwardID>
<Investigator>
<FirstName>Ying</FirstName>
<LastName>Sun</LastName>
<EmailAddress>ysun@coe.drexel.edu</EmailAddress>
<StartDate>04/24/2014</StartDate>
<EndDate/>
<RoleCode>Principal Investigator</RoleCode>
</Investigator>
<Institution>
<Name>Drexel University</Name>
<CityName>Philadelphia</CityName>
<ZipCode>191021119</ZipCode>
<PhoneNumber>2158955849</PhoneNumber>
<StreetAddress>1505 Race St, 8th Floor</StreetAddress>
<CountryName>United States</CountryName>
<StateName>Pennsylvania</StateName>
<StateCode>PA</StateCode>
</Institution>
<ProgramElement>
<Code>1468</Code>
<Text>Manufacturing Machines &amp; Equip</Text>
</ProgramElement>
<ProgramReference>
<Code>024E</Code>
<Text>MATERIALS DESIGN</Text>
</ProgramReference>
<ProgramReference>
<Code>036E</Code>
<Text>CIVIL INFRASTRUCTURE</Text>
</ProgramReference>
<ProgramReference>
<Code>082E</Code>
<Text>MFG MACHINES &amp; METROLOGY</Text>
</ProgramReference>
<ProgramReference>
<Code>083E</Code>
<Text>MATERIAL TRANSFORMATION PROC</Text>
</ProgramReference>
<ProgramReference>
<Code>1444</Code>
<Text>SURFACE ENGINEERING</Text>
</ProgramReference>
<ProgramReference>
<Code>1468</Code>
<Text>MANUFACTURING &amp; CONST MACH EQP</Text>
</ProgramReference>
<ProgramReference>
<Code>8021</Code>
<Text>Materials Engineering</Text>
</ProgramReference>
<ProgramReference>
<Code>8022</Code>
<Text>Sustainable Infrastructure Materials</Text>
</ProgramReference>
<ProgramReference>
<Code>8025</Code>
<Text>Advanced Materials Processing</Text>
</ProgramReference>
<ProgramReference>
<Code>9102</Code>
<Text>WOMEN, MINORITY, DISABLED, NEC</Text>
</ProgramReference>
</Award>
</rootTag>
