<?xml version="1.0" encoding="UTF-8"?>
<rootTag>
<Award>
<AwardTitle>Arithmetic, Groups, and Monodromy</AwardTitle>
<AwardEffectiveDate>08/15/2014</AwardEffectiveDate>
<AwardExpirationDate>07/31/2018</AwardExpirationDate>
<AwardAmount>178000</AwardAmount>
<AwardInstrument>
<Value>Standard Grant</Value>
</AwardInstrument>
<Organization>
<Code>03040000</Code>
<Directorate>
<LongName>Direct For Mathematical &amp; Physical Scien</LongName>
</Directorate>
<Division>
<LongName>Division Of Mathematical Sciences</LongName>
</Division>
</Organization>
<ProgramOfficer>
<SignBlockName>Matthew  Douglass</SignBlockName>
</ProgramOfficer>
<AbstractNarration>This proposal concerns the relation between two different areas of algebra: group theory, the abstract study of symmetry, and algebraic number theory, the study of algebraic numbers, like the square root of 2 (as opposed to transcendental numbers, like pi).  The main link between these two fields is provided by algebraic geometry, the geometry of systems of polynomial equations in several variables.  A key theme in the proposed work is monodromy, which encapsulates the symmetries revealed by a parametrized system as the parameter follows a closed loop.   Monodromy problems arise in many settings, in both pure and applied mathematics.  For instance some of the techniques under study in this proposal have been used by the proposer and others to determine which kinds of computations can be carried out by different kinds of quantum computer.  Algebraic number theory has found important practical applications, especially in the development of modern cryptosystems.&lt;br/&gt;&lt;br/&gt;The theme of this proposal is group theory in relation to algebraic number theory.  The main goal is to use group theory as a tool, for instance in analyzing images of l-adic Galois representations, or Mordell-Weil groups of abelian varieties over Galois extensions of the rationals.  The secondary goal is to study groups, especially linear groups, using methods from number theory and algebraic geometry, including the circle method, etale cohomology, and deformation theory.</AbstractNarration>
<MinAmdLetterDate>08/06/2014</MinAmdLetterDate>
<MaxAmdLetterDate>08/06/2014</MaxAmdLetterDate>
<ARRAAmount/>
<AwardID>1401419</AwardID>
<Investigator>
<FirstName>Michael</FirstName>
<LastName>Larsen</LastName>
<EmailAddress>mjlarsen@indiana.edu</EmailAddress>
<StartDate>08/06/2014</StartDate>
<EndDate/>
<RoleCode>Principal Investigator</RoleCode>
</Investigator>
<Institution>
<Name>Indiana University</Name>
<CityName>Bloomington</CityName>
<ZipCode>474013654</ZipCode>
<PhoneNumber>8128550516</PhoneNumber>
<StreetAddress>509 E 3RD ST</StreetAddress>
<CountryName>United States</CountryName>
<StateName>Indiana</StateName>
<StateCode>IN</StateCode>
</Institution>
<ProgramElement>
<Code>1264</Code>
<Text>ALGEBRA,NUMBER THEORY,AND COM</Text>
</ProgramElement>
</Award>
</rootTag>
