<?xml version="1.0" encoding="UTF-8"?>

<rootTag>
  <Award>
    <AwardTitle>GARDE: Design Projects to Enable Veteran Reintegration in an Educational System</AwardTitle>
    <AwardEffectiveDate>07/15/2014</AwardEffectiveDate>
    <AwardExpirationDate>06/30/2019</AwardExpirationDate>
    <AwardAmount>124296</AwardAmount>
    <AwardInstrument>
      <Value>Standard Grant</Value>
    </AwardInstrument>
    <Organization>
      <Code>07020000</Code>
      <Directorate>
        <LongName>Directorate For Engineering</LongName>
      </Directorate>
      <Division>
        <LongName>Div Of Chem, Bioeng, Env, &amp; Transp Sys</LongName>
      </Division>
    </Organization>
    <ProgramOfficer>
      <SignBlockName>Michele Grimm</SignBlockName>
    </ProgramOfficer>
    <AbstractNarration>Proposal: 1401507&lt;br/&gt;PI: Khan, Samee U.&lt;br/&gt;Title: GARDE: Design Projects to Enable Veteran Reintegration in an Educational System&lt;br/&gt;&lt;br/&gt;Broader Significance &amp; Importance&lt;br/&gt;The GARDE proposal will develop customized solutions for North Dakota State University (NDSU) students (preferably veterans), faculty, and staff with disabilities. Each year, an average of 4 groups of 2-4 students each will work closely with an individual with a disability, through NDSU Disability Services in collaboration with the NDSU Nursing Department, and when applicable, the North Dakota Interagency Program for Assistive Technology and the City of Fargo, to develop practical and applicable solutions to resolve issues that are affecting a specific veteran's academic progress and societal reintegration. In most cases, a group will be entirely composed of NDSU Electrical and Computer Engineering students; however, when appropriate, students from other departments, such as Computer Science and Mechanical Engineering, may also be part of a group.&lt;br/&gt;&lt;br/&gt;Technical Description&lt;br/&gt;Customized solutions for specific individuals with disabilities will be developed by groups of undergraduate students following a rigorous design process that includes (i) Requirements Capture; (ii) Analysis; (iii) Design and Testing; and (iv) Validation. Because the developed solutions may also hold value for other persons with disabilities, each group will adhere to the following five design principles: (i) modularity, (ii) adaptability, (iii) cost-effectiveness, (iv) efficiency, and (v) ease of use. This will enable the end-products to be utilized by a larger consumer base. Therefore, provisions have been made to maintain the product at a level that can guarantee longevity.&lt;br/&gt;&lt;br/&gt;Intellectual Merit&lt;br/&gt;The developed technologies can be classified as:&lt;br/&gt;-- Projects that address a unique need for a specific student or type of student, such as:&lt;br/&gt;a) Book Reader Application with Voice for Students with Depression and Anxiety Disorders&lt;br/&gt;b) Auditory Enhancement System for Partially Deaf Students&lt;br/&gt;c) Voice Enabled Smart Vending Machine&lt;br/&gt;d) Voice Activated Door Openers for Students with Quadriplegia&lt;br/&gt;e) Custom Computer Keyboard for Veterans with Reduced Motor Skills&lt;br/&gt;-- Generic technologies to support students who are (for personal reasons) not registered&lt;br/&gt;(or do not want to register) with the NDSU Disability Services Department, such as Speech to Overhead Text Display.&lt;br/&gt;-- Projects that employ novel paradigms, such as social networking, smart phone applications, and cloud computing, to build awareness and help connect students with disabilities to other such students, such as:&lt;br/&gt;a) Interactive Academic Supportive System for ADD/ADHD&lt;br/&gt;b) Behavioral Control Training Application for Asperger Cases&lt;br/&gt;c) Route Information System for Visually Impaired Students&lt;br/&gt;d) Automated Cloud-based ADD/ADHD Assisting System&lt;br/&gt;&lt;br/&gt;These solutions will reduce dependability and will assist users with life in general, which will help with reintegration into society. Provisions have been made to enable the proposed GARDE program at NDSU to become self-sustaining by: (i) closely working with the City of Fargo to deploy the developed GARDE products to North Dakota elderly care facilities, when appropriate, and (ii) presenting the most promising technologies at the Innovate ND competition, which is a talent and venture capital competition rolled into one.&lt;br/&gt;&lt;br/&gt;Broader Impacts&lt;br/&gt;The products and solutions developed will directly benefit disabled veteran students to help them succeed academically and better integrate back into society. Products that can be commercialized will benefit local, regional, state, and national economies. The engineered solutions may also help in developing course content covering design principles.</AbstractNarration>
    <MinAmdLetterDate>07/06/2014</MinAmdLetterDate>
    <MaxAmdLetterDate>06/18/2016</MaxAmdLetterDate>
    <ARRAAmount/>
    <AwardID>1401507</AwardID>
    <Investigator>
      <FirstName>Jacob</FirstName>
      <LastName>Glower</LastName>
      <EmailAddress>jacob_glower@yahoo.com</EmailAddress>
      <StartDate>07/06/2014</StartDate>
      <EndDate/>
      <RoleCode>Co-Principal Investigator</RoleCode>
    </Investigator>
    <Investigator>
      <FirstName>Scott</FirstName>
      <LastName>Smith</LastName>
      <EmailAddress>scott.smith.1@ndsu.edu</EmailAddress>
      <StartDate>07/06/2014</StartDate>
      <EndDate>06/18/2016</EndDate>
      <RoleCode>Former Co-Principal Investigator</RoleCode>
    </Investigator>
    <Investigator>
      <FirstName>Scott</FirstName>
      <LastName>Smith</LastName>
      <EmailAddress>scott.smith.1@ndsu.edu</EmailAddress>
      <StartDate>06/18/2016</StartDate>
      <EndDate/>
      <RoleCode>Principal Investigator</RoleCode>
    </Investigator>
    <Investigator>
      <FirstName>Samee</FirstName>
      <LastName>Khan</LastName>
      <EmailAddress>samee.khan@ndsu.edu</EmailAddress>
      <StartDate>07/06/2014</StartDate>
      <EndDate>06/18/2016</EndDate>
      <RoleCode>Former Principal Investigator</RoleCode>
    </Investigator>
    <Investigator>
      <FirstName>Bunnie</FirstName>
      <LastName>Johnson-Messelt</LastName>
      <EmailAddress>b.johnson-messelt@ndsu.edu</EmailAddress>
      <StartDate>07/06/2014</StartDate>
      <EndDate/>
      <RoleCode>Co-Principal Investigator</RoleCode>
    </Investigator>
    <Investigator>
      <FirstName>Na</FirstName>
      <LastName>Gong</LastName>
      <EmailAddress>na.gong@ndsu.edu</EmailAddress>
      <StartDate>07/06/2014</StartDate>
      <EndDate/>
      <RoleCode>Co-Principal Investigator</RoleCode>
    </Investigator>
    <Institution>
      <Name>North Dakota State University Fargo</Name>
      <CityName>FARGO</CityName>
      <ZipCode>581086050</ZipCode>
      <PhoneNumber>7012318045</PhoneNumber>
      <StreetAddress>Dept 4000 - PO Box 6050</StreetAddress>
      <CountryName>United States</CountryName>
      <StateName>North Dakota</StateName>
      <StateCode>ND</StateCode>
    </Institution>
    <ProgramElement>
      <Code>5342</Code>
      <Text>Disability &amp; Rehab Engineering</Text>
    </ProgramElement>
    <ProgramReference>
      <Code>010E</Code>
      <Text>DISABILITY RES &amp; HOMECARE TECH</Text>
    </ProgramReference>
    <ProgramReference>
      <Code>9150</Code>
      <Text>EXP PROG TO STIM COMP RES</Text>
    </ProgramReference>
  </Award>
</rootTag>
