<?xml version="1.0" encoding="UTF-8"?>
<rootTag>
<Award>
<AwardTitle>SusChem: IUPAC: Sustainable Transition-Metal Catalysts for Radical Reactions</AwardTitle>
<AwardEffectiveDate>01/15/2014</AwardEffectiveDate>
<AwardExpirationDate>12/31/2016</AwardExpirationDate>
<AwardAmount>390000</AwardAmount>
<AwardInstrument>
<Value>Standard Grant</Value>
</AwardInstrument>
<Organization>
<Code>03090000</Code>
<Directorate>
<LongName>Direct For Mathematical &amp; Physical Scien</LongName>
</Directorate>
<Division>
<LongName>Division Of Chemistry</LongName>
</Division>
</Organization>
<ProgramOfficer>
<SignBlockName>Carol Bessel</SignBlockName>
</ProgramOfficer>
<AbstractNarration>In this project funded by the Chemical Catalysis Program of the Chemistry Division, Professor Jack Norton of Columbia University examines radicals as versatile intermediates for the construction of complex chemical molecules. While the bond-forming reactions of radicals are predictable, and their tolerance of functional groups is high, their use in sustainable synthesis remains largely untapped. This research is done in an interdisciplinary manner, combining new synthetic methods with research in quantum chemistry, mechanistic inorganic chemistry, and biological chemistry. The first-row transition metals (vanadium, titanium, cobalt and chromium) investigated in this research are ideally suited for sustainable catalysis. They are nontoxic (in the oxidation states to be used) and replace complexes using rare and expensive metals. The use of dihydrogen (H2) as the terminal reductant resolves longstanding environmental and toxicity issues associated with reductive radical reactions. New catalysts are being synthesized and quantum chemical methods are being used for virtual catalyst screening and mechanistic determinations. Sustainable methods for catalyzing the hydrogen-mediated reduction of epoxides to alcohols, reductive radical cyclizations with H2, and radical cycloisomerizations by various dienes, enynes and epoxyenes are under investigation. These methods are applied to the efficient, general, and stereoselective syntheses of functionalized eight- and nine-membered ring lactams and cyclic amines, and to the syntheses of polycyclic Aspidosperma and Kopsia indole alkaloids such as voafinidine and grandilodine A. &lt;br/&gt;&lt;br/&gt;This project is performed in collaboration with Professors Stefan Grimme and Andreas Gansaeuer of the Rheinische Friedrich-Wilhelms-Universitaet in Bonn, Germany and Professor Chaozhong Li of the Shanghai Institute of Organic Chemistry, Chinese Academy of Sciences, in China. Together, these groups combine their separate areas of expertise in the preparation and study of catalytic radical reactivity and mechanisms. In additional to the technical applications of this research by the chemical industry, the broader impacts of this work include the training of graduate students and an international exchange of ideas and expertise.</AbstractNarration>
<MinAmdLetterDate>01/03/2014</MinAmdLetterDate>
<MaxAmdLetterDate>01/03/2014</MaxAmdLetterDate>
<ARRAAmount/>
<AwardID>1401049</AwardID>
<Investigator>
<FirstName>Jack</FirstName>
<LastName>Norton</LastName>
<EmailAddress>jrn11@columbia.edu</EmailAddress>
<StartDate>01/03/2014</StartDate>
<EndDate/>
<RoleCode>Principal Investigator</RoleCode>
</Investigator>
<Institution>
<Name>Columbia University</Name>
<CityName>NEW YORK</CityName>
<ZipCode>100276902</ZipCode>
<PhoneNumber>2128546851</PhoneNumber>
<StreetAddress>2960 Broadway</StreetAddress>
<CountryName>United States</CountryName>
<StateName>New York</StateName>
<StateCode>NY</StateCode>
</Institution>
<ProgramElement>
<Code>1991</Code>
<Text>CHEMISTRY PROJECTS</Text>
</ProgramElement>
<ProgramReference>
<Code>7298</Code>
<Text>COLLABORATIVE RESEARCH</Text>
</ProgramReference>
<ProgramReference>
<Code>8248</Code>
<Text>SusChEM</Text>
</ProgramReference>
<ProgramReference>
<Code>8396</Code>
<Text>Clean Energy Technology</Text>
</ProgramReference>
<ProgramReference>
<Code>8398</Code>
<Text>Hydrocarbon Conversion</Text>
</ProgramReference>
<ProgramReference>
<Code>8650</Code>
<Text>Sustainable Chemistry</Text>
</ProgramReference>
<ProgramReference>
<Code>8676</Code>
<Text>Critical Elements</Text>
</ProgramReference>
</Award>
</rootTag>
