<?xml version="1.0" encoding="UTF-8"?>

<rootTag>
  <Award>
    <AwardTitle>PostDoctoral Research Fellowship</AwardTitle>
    <AwardEffectiveDate>09/01/2014</AwardEffectiveDate>
    <AwardExpirationDate>08/31/2018</AwardExpirationDate>
    <AwardAmount>150000</AwardAmount>
    <AwardInstrument>
      <Value>Fellowship</Value>
    </AwardInstrument>
    <Organization>
      <Code>03040000</Code>
      <Directorate>
        <LongName>Direct For Mathematical &amp; Physical Scien</LongName>
      </Directorate>
      <Division>
        <LongName>Division Of Mathematical Sciences</LongName>
      </Division>
    </Organization>
    <ProgramOfficer>
      <SignBlockName>Bruce P. Palka</SignBlockName>
    </ProgramOfficer>
    <AbstractNarration>This award is made as part of the FY 2014 Mathematical Sciences Postdoctoral Research Fellowships Program. Each of the fellowships supports a research and training project at a host institution in the mathematical sciences, including applications to other disciplines, under the mentorship of a sponsoring scientist. The title of the project for this fellowship to Daniel A. Cristofaro-Gardiner is "Embedded Contact Homology, Contact Dynamics, and Symplectic Capacities." The host institution for the fellowship is Harvard University, and the sponsoring scientist is Dr. Clifford Taubes.</AbstractNarration>
    <MinAmdLetterDate>04/01/2014</MinAmdLetterDate>
    <MaxAmdLetterDate>04/01/2014</MaxAmdLetterDate>
    <ARRAAmount/>
    <AwardID>1402200</AwardID>
    <Investigator>
      <FirstName>Daniel</FirstName>
      <LastName>Cristofaro-Gardiner</LastName>
      <EmailAddress/>
      <StartDate>04/01/2014</StartDate>
      <EndDate/>
      <RoleCode>Principal Investigator</RoleCode>
    </Investigator>
    <Institution>
      <Name>Cristofaro-Gardiner Daniel A</Name>
      <CityName>Princeton</CityName>
      <ZipCode>085400000</ZipCode>
      <PhoneNumber></PhoneNumber>
      <StreetAddress></StreetAddress>
      <CountryName>United States</CountryName>
      <StateName>New Jersey</StateName>
      <StateCode>NJ</StateCode>
    </Institution>
  </Award>
</rootTag>
