<?xml version="1.0" encoding="UTF-8"?>

<rootTag>
  <Award>
    <AwardTitle>DISSERTATION RESEARCH: Evolution of diet breadth of Melissodes (Hymenoptera: Apidae)</AwardTitle>
    <AwardEffectiveDate>06/01/2014</AwardEffectiveDate>
    <AwardExpirationDate>05/31/2016</AwardExpirationDate>
    <AwardAmount>19102</AwardAmount>
    <AwardInstrument>
      <Value>Standard Grant</Value>
    </AwardInstrument>
    <Organization>
      <Code>08010206</Code>
      <Directorate>
        <LongName>Direct For Biological Sciences</LongName>
      </Directorate>
      <Division>
        <LongName>Division Of Environmental Biology</LongName>
      </Division>
    </Organization>
    <ProgramOfficer>
      <SignBlockName>Simon Malcomber</SignBlockName>
    </ProgramOfficer>
    <AbstractNarration>Native bees provide a diversity of ecosystem services, including the pollination of crops and wildflowers. Most of the 20,000 described species of bees are generalists and pollinate a large number of plants. The others are specialists and only pollinate specific plants. It was long thought that bees had evolved towards greater specialization from a generalized ancestor, but recent studies have shown that the evolution of generalization from specialist ancestors may be more common. This project will investigate the direction and frequency of changes in diet breadth within the bee genus Melissodes, which has 130 species and ranges from Canada to Argentina. Pollen will be collected from the legs of bees and identified by comparing Internal Transcribed Spacer DNA sequences isolated from the pollen samples to reference sequences in GenBank. Evolution of diet breadth within Melissodes will then be reconstructed using a well-supported molecular phylogeny as a framework.&lt;br/&gt;&lt;br/&gt;This award will train a doctoral student, Masters students and undergraduates, including members of underrepresented groups, in diverse systematics methods. This award will also develop an online key to help identification of different Melissodes bee species that can be used by both specialists and the general public.</AbstractNarration>
    <MinAmdLetterDate>03/28/2014</MinAmdLetterDate>
    <MaxAmdLetterDate>03/28/2014</MaxAmdLetterDate>
    <ARRAAmount/>
    <AwardID>1402113</AwardID>
    <Investigator>
      <FirstName>Kelly</FirstName>
      <LastName>Miller</LastName>
      <EmailAddress>kbmiller@unm.edu</EmailAddress>
      <StartDate>03/28/2014</StartDate>
      <EndDate/>
      <RoleCode>Principal Investigator</RoleCode>
    </Investigator>
    <Investigator>
      <FirstName>Karen</FirstName>
      <LastName>Wright</LastName>
      <EmailAddress>karen@sevilleta.unm.edu</EmailAddress>
      <StartDate>03/28/2014</StartDate>
      <EndDate/>
      <RoleCode>Co-Principal Investigator</RoleCode>
    </Investigator>
    <Institution>
      <Name>University of New Mexico</Name>
      <CityName>Albuquerque</CityName>
      <ZipCode>871310001</ZipCode>
      <PhoneNumber>5052774186</PhoneNumber>
      <StreetAddress>1700 Lomas Blvd. NE, Suite 2200</StreetAddress>
      <CountryName>United States</CountryName>
      <StateName>New Mexico</StateName>
      <StateCode>NM</StateCode>
    </Institution>
    <ProgramElement>
      <Code>1171</Code>
      <Text>PHYLOGENETIC SYSTEMATICS</Text>
    </ProgramElement>
    <ProgramReference>
      <Code>9150</Code>
      <Text>EXP PROG TO STIM COMP RES</Text>
    </ProgramReference>
    <ProgramReference>
      <Code>9169</Code>
      <Text>BIODIVERSITY AND ECOSYSTEM DYNAMICS</Text>
    </ProgramReference>
    <ProgramReference>
      <Code>9179</Code>
      <Text>GRADUATE INVOLVEMENT</Text>
    </ProgramReference>
    <ProgramReference>
      <Code>SMET</Code>
      <Text>SCIENCE, MATH, ENG &amp; TECH EDUCATION</Text>
    </ProgramReference>
  </Award>
</rootTag>
