<?xml version="1.0" encoding="UTF-8"?>

<rootTag>
  <Award>
    <AwardTitle>PostDoctoral Research Fellowship</AwardTitle>
    <AwardEffectiveDate>09/01/2014</AwardEffectiveDate>
    <AwardExpirationDate>08/31/2018</AwardExpirationDate>
    <AwardAmount>150000</AwardAmount>
    <AwardInstrument>
      <Value>Fellowship</Value>
    </AwardInstrument>
    <Organization>
      <Code>03040000</Code>
      <Directorate>
        <LongName>Direct For Mathematical &amp; Physical Scien</LongName>
      </Directorate>
      <Division>
        <LongName>Division Of Mathematical Sciences</LongName>
      </Division>
    </Organization>
    <ProgramOfficer>
      <SignBlockName>Bruce P. Palka</SignBlockName>
    </ProgramOfficer>
    <AbstractNarration>This award is made as part of the FY 2014 Mathematical Sciences Postdoctoral Research Fellowships Program. Each of the fellowships supports a research and training project at a host institution in the mathematical sciences, including applications to other disciplines, under the mentorship of a sponsoring scientist. The title of the project for this fellowship to Anna M. Barry is "Critical Transitions in Dynamical Systems in the Wake of Stochastic and Other Physical Perturbations." The host institution for the fellowship is the University of British Columbia, and the sponsoring scientist is Dr. Rachel Kuske. &lt;br/&gt;&lt;br/&gt;This award is being supported by funding from the Office of International and Integrative Activities, International Science and Engineering Section, International Postdoctoral Fellowship Fund.</AbstractNarration>
    <MinAmdLetterDate>04/10/2014</MinAmdLetterDate>
    <MaxAmdLetterDate>04/10/2014</MaxAmdLetterDate>
    <ARRAAmount/>
    <AwardID>1402372</AwardID>
    <Investigator>
      <FirstName>Anna</FirstName>
      <LastName>Barry</LastName>
      <EmailAddress/>
      <StartDate>04/10/2014</StartDate>
      <EndDate/>
      <RoleCode>Principal Investigator</RoleCode>
    </Investigator>
    <Institution>
      <Name>Barry Anna M</Name>
      <CityName>Minneapolis</CityName>
      <ZipCode>554164477</ZipCode>
      <PhoneNumber/>
      <StreetAddress/>
      <CountryName>United States</CountryName>
      <StateName>Minnesota</StateName>
      <StateCode>MN</StateCode>
    </Institution>
    <ProgramElement>
      <Code>5956</Code>
      <Text>IRFP</Text>
    </ProgramElement>
    <ProgramReference>
      <Code>5956</Code>
      <Text>IRFP</Text>
    </ProgramReference>
    <ProgramReference>
      <Code>7561</Code>
      <Text>CANADA</Text>
    </ProgramReference>
    <ProgramReference>
      <Code>9219</Code>
      <Text>POSTDOCTORAL FELLOWSHIPS IN MATH SCIENCE</Text>
    </ProgramReference>
  </Award>
</rootTag>
