<?xml version="1.0" encoding="UTF-8"?>
<rootTag>
<Award>
<AwardTitle>GEM:  Study the Precipitation of Radiation Belt Electrons during the Rapid Dropout Events</AwardTitle>
<AwardEffectiveDate>06/01/2014</AwardEffectiveDate>
<AwardExpirationDate>04/30/2016</AwardExpirationDate>
<AwardAmount>217703</AwardAmount>
<AwardInstrument>
<Value>Continuing grant</Value>
</AwardInstrument>
<Organization>
<Code>06020202</Code>
<Directorate>
<LongName>Directorate For Geosciences</LongName>
</Directorate>
<Division>
<LongName>Div Atmospheric &amp; Geospace Sciences</LongName>
</Division>
</Organization>
<ProgramOfficer>
<SignBlockName>Janet U. Kozyra</SignBlockName>
</ProgramOfficer>
<AbstractNarration>With the launch of the Van Allen Probes in 2012 a new era in radiation belt studies has begun. This is a project to investigate the scientifically and societally important issue of radiation belt electron dynamics.  The emphasis in this research will be on understanding the losses of electrons that occur during magnetic storms.  These are significant in that the flux of relativistic electrons decreases by an order of magnitude in a few hours. There are two possible explanations for this: One is loss to the solar wind through the magnetopause and the other is loss to the atmosphere due to precipitation. The former is relatively easy to evaluate but the latter is much more difficult because the loss cone is small in the magnetosphere and because satellite observations provide a limited picture. This proposal will apply a creative approach combining satellite observations from the Van Allen Probes and NOAA POES satellites and a new Drift-Diffusion simulation to quantify the losses. The team will start by determining which observed events are candidates for magnetopause loss, which are candidates for precipitation loss and which are combinations of both types of loss. Then they will use the observations and the simulation iteratively to improve the simulation.  They will determine the pitch angle diffusion coefficients as a function of magnetic local time and from that the local time and L shell (radial) dependence of the plasma waves responsible for the precipitation. They will compare this with Van Allen Probes wave observations. They plan a detailed calibration of the POES observations and those from the NSF Colorado Student Space Weather Experiment (CSSWE).&lt;br/&gt;Understanding electron dynamics is important societally for understanding space weather. In addition this project will support a young woman scientist and a graduate student. Finally the detailed calibration of the POES and CSSWE data will be useful well beyond this application.</AbstractNarration>
<MinAmdLetterDate>06/04/2014</MinAmdLetterDate>
<MaxAmdLetterDate>05/13/2015</MaxAmdLetterDate>
<ARRAAmount/>
<AwardID>1402194</AwardID>
<Investigator>
<FirstName>Weichao</FirstName>
<LastName>Tu</LastName>
<EmailAddress>wetu@mail.wvu.edu</EmailAddress>
<StartDate>06/04/2014</StartDate>
<EndDate/>
<RoleCode>Principal Investigator</RoleCode>
</Investigator>
<Investigator>
<FirstName>Yue</FirstName>
<LastName>Chen</LastName>
<EmailAddress>research@newmexicoconsortium.org</EmailAddress>
<StartDate>06/04/2014</StartDate>
<EndDate/>
<RoleCode>Co-Principal Investigator</RoleCode>
</Investigator>
<Institution>
<Name>New Mexico Consortium</Name>
<CityName>Los Alamos</CityName>
<ZipCode>875442587</ZipCode>
<PhoneNumber>5054124200</PhoneNumber>
<StreetAddress>4200 West Jemez Road, Suite 301</StreetAddress>
<CountryName>United States</CountryName>
<StateName>New Mexico</StateName>
<StateCode>NM</StateCode>
</Institution>
<ProgramElement>
<Code>5750</Code>
<Text>MAGNETOSPHERIC PHYSICS</Text>
</ProgramElement>
<ProgramReference>
<Code>1323</Code>
<Text>SOLAR INFLUENCES</Text>
</ProgramReference>
<ProgramReference>
<Code>9150</Code>
<Text>EXP PROG TO STIM COMP RES</Text>
</ProgramReference>
<ProgramReference>
<Code>EGCH</Code>
<Text>ENVIRONMENT AND GLOBAL CHANGE</Text>
</ProgramReference>
</Award>
</rootTag>
