<?xml version="1.0" encoding="UTF-8"?>
<rootTag>
<Award>
<AwardTitle>NSF NPGI Postdoctoral Fellowship in Biology FY 2014</AwardTitle>
<AwardEffectiveDate>06/01/2014</AwardEffectiveDate>
<AwardExpirationDate>05/31/2017</AwardExpirationDate>
<AwardAmount>216000</AwardAmount>
<AwardInstrument>
<Value>Fellowship</Value>
</AwardInstrument>
<Organization>
<Code>08090000</Code>
<Directorate>
<LongName>Direct For Biological Sciences</LongName>
</Directorate>
<Division>
<LongName>Division Of Integrative Organismal Systems</LongName>
</Division>
</Organization>
<ProgramOfficer>
<SignBlockName>Anne Sylvester</SignBlockName>
</ProgramOfficer>
<AbstractNarration>This action funds an NSF National Plant Genome Initiative Postdoctoral Research Fellowship in Biology for FY 2014. The fellowship supports a research and training plan in a host laboratory for the Fellow who also presents a plan to broaden participation in biology. The title of the research and training plan for this fellowship to John T. Lovell is "Determining the genomic basis of heterosis and apomixis in Panicum grasses". The host institution for the fellowship is the University of Texas, Austin and the sponsoring scientist is Dr. Thomas Juenger with collaborators Drs. Dan Rohksar (DOE Joint Genome Institute), Jeremy Schmutz (HudsonAlpha Biotechnology) and Timothy Sharbel (IPK-Gatersleben, Germany).  &lt;br/&gt;&lt;br/&gt;Training objectives include bioinformatics, quantitative genetics and physiology. Broader impacts include the development of undergraduate mentoring programs and the inclusion of underrepresented groups.&lt;br/&gt;&lt;br/&gt;To meet the future needs of a growing population, the efficiency of both food and biofuel production must be improved. One widely successful mechanism to accomplish this goal is hybrid breeding. Researchers have greatly improved yield in maize, canola and many other food crops by taking advantage of increased growth and reproduction of hybrid offspring (heterosis). However, these successes have not been realized in switchgrass and other lingo-cellulose biofuel crops despite evidence of high levels of heterosis. Research conducted through the tenure of this fellowship will provide a framework to achieve hybrid breeding goals in switchgrass by addressing two objectives: 1) to determine the genetic basis of heterosis in switchgrass and related species using genomic tools, and 2) to assess the feasibility to fixing heterosis across generations through the induction of asexual seed production (apomixis).</AbstractNarration>
<MinAmdLetterDate>06/02/2014</MinAmdLetterDate>
<MaxAmdLetterDate>02/08/2016</MaxAmdLetterDate>
<ARRAAmount/>
<AwardID>1402393</AwardID>
<Investigator>
<FirstName>John</FirstName>
<LastName>Lovell</LastName>
<EmailAddress/>
<StartDate>06/02/2014</StartDate>
<EndDate/>
<RoleCode>Principal Investigator</RoleCode>
</Investigator>
<Institution>
<Name>Lovell                  John           T</Name>
<CityName>Fort Collins</CityName>
<ZipCode>805231177</ZipCode>
<PhoneNumber/>
<StreetAddress/>
<CountryName>United States</CountryName>
<StateName>Colorado</StateName>
<StateCode>CO</StateCode>
</Institution>
<ProgramElement>
<Code>8105</Code>
<Text>NPGI PostDoc Rsrch Fellowship</Text>
</ProgramElement>
<ProgramReference>
<Code>1329</Code>
<Text>PLANT GENOME RESEARCH PROJECT</Text>
</ProgramReference>
<ProgramReference>
<Code>7137</Code>
<Text>POSTDOCTORAL FELLOWSHIPS</Text>
</ProgramReference>
<ProgramReference>
<Code>7174</Code>
<Text>POSTDOC FELLOW IN SCI, MATH EN</Text>
</ProgramReference>
<ProgramReference>
<Code>7577</Code>
<Text>PLANT GENOME RESEARCH RESOURCE</Text>
</ProgramReference>
<ProgramReference>
<Code>9109</Code>
<Text>AGRICULTURAL BIOTECHNOLOGY</Text>
</ProgramReference>
<ProgramReference>
<Code>9179</Code>
<Text>GRADUATE INVOLVEMENT</Text>
</ProgramReference>
</Award>
</rootTag>
