<?xml version="1.0" encoding="UTF-8"?>

<rootTag>
  <Award>
    <AwardTitle>PostDoctoral Research Fellowship</AwardTitle>
    <AwardEffectiveDate>09/01/2014</AwardEffectiveDate>
    <AwardExpirationDate>08/31/2018</AwardExpirationDate>
    <AwardAmount>150000</AwardAmount>
    <AwardInstrument>
      <Value>Fellowship</Value>
    </AwardInstrument>
    <Organization>
      <Code>03040000</Code>
      <Directorate>
        <LongName>Direct For Mathematical &amp; Physical Scien</LongName>
      </Directorate>
      <Division>
        <LongName>Division Of Mathematical Sciences</LongName>
      </Division>
    </Organization>
    <ProgramOfficer>
      <SignBlockName>Bruce P. Palka</SignBlockName>
    </ProgramOfficer>
    <AbstractNarration>This award is made as part of the FY 2014 Mathematical Sciences Postdoctoral Research Fellowships Program. Each of the fellowships supports a research and training project at a host institution in the mathematical sciences, including applications to other disciplines, under the mentorship of a sponsoring scientist. The title of the project for this fellowship to Alexander Cloninger is "A Generalized Framework for Heterogeneous Data Fusion without Point Registration." The host institution for the fellowship is Yale University, and the sponsoring scientist is Dr. Ronald Coifman.</AbstractNarration>
    <MinAmdLetterDate>04/01/2014</MinAmdLetterDate>
    <MaxAmdLetterDate>04/01/2014</MaxAmdLetterDate>
    <ARRAAmount/>
    <AwardID>1402254</AwardID>
    <Investigator>
      <FirstName>Alexander</FirstName>
      <LastName>Cloninger</LastName>
      <EmailAddress/>
      <StartDate>04/01/2014</StartDate>
      <EndDate/>
      <RoleCode>Principal Investigator</RoleCode>
    </Investigator>
    <Institution>
      <Name>Cloninger Alexander</Name>
      <CityName>Berwyn Heights</CityName>
      <ZipCode>207404318</ZipCode>
      <PhoneNumber/>
      <StreetAddress/>
      <CountryName>United States</CountryName>
      <StateName>Maryland</StateName>
      <StateCode>MD</StateCode>
    </Institution>
    <ProgramElement>
      <Code>7335</Code>
      <Text>WORKFORCE IN THE MATHEMAT SCI</Text>
    </ProgramElement>
    <ProgramReference>
      <Code>9219</Code>
      <Text>POSTDOCTORAL FELLOWSHIPS IN MATH SCIENCE</Text>
    </ProgramReference>
  </Award>
</rootTag>
