<?xml version="1.0" encoding="UTF-8"?>
<rootTag>
<Award>
<AwardTitle>Alternative pathways in directed evolution</AwardTitle>
<AwardEffectiveDate>06/01/2014</AwardEffectiveDate>
<AwardExpirationDate>05/31/2018</AwardExpirationDate>
<AwardAmount>350000</AwardAmount>
<AwardInstrument>
<Value>Standard Grant</Value>
</AwardInstrument>
<Organization>
<Code>07020000</Code>
<Directorate>
<LongName>Directorate For Engineering</LongName>
</Directorate>
<Division>
<LongName>Div Of Chem, Bioeng, Env, &amp; Transp Sys</LongName>
</Division>
</Organization>
<ProgramOfficer>
<SignBlockName>Steven Peretti</SignBlockName>
</ProgramOfficer>
<AbstractNarration>Proposal Number: 1402101&lt;br/&gt;Institution: Johns Hopkins University&lt;br/&gt;P.I.: Ostermeier, Marc A.  &lt;br/&gt;Title: Alternative pathways in directed evolution&lt;br/&gt;&lt;br/&gt;The study of evolution is important, not only because it is central to biology, but also because researchers apply evolution in the laboratory to develop beneficial proteins and cells for use in in many areas including human health, detection of chemical and biological agents, and remediation of toxic compounds in the environment.  This proposal seeks to evaluate a fundamentally new approach for applying evolution in the laboratory.  Paradoxically, the goal is to first develop proteins that are worse at performing the desired function and then re-engineering these to be improved in function.  The approach is based on a growing appreciation in evolutionary biology of the complexity of proteins and that sometimes a set of changes to a protein that have a negative effect on protein function in isolation, can have a positive effect when combined.  Success of this project would impact the fields of evolutionary biology and biotechnology.  Potentially, this new approach could lead to proteins and cells with superior properties that could not be readily created using existing methods.  The project will also train a pre-doctoral and undergraduate student in research.&lt;br/&gt;&lt;br/&gt;The objectives are (1) to evaluate fundamentally different directed evolution selection strategies for evolving proteins away from local fitness peaks towards other distant fitness peaks and (2) to address shortcomings in our understanding of evolutionary processes in fluctuating environments (i.e. evolution under variable selection). The TEM-15 beta-lactamase allele will be subjected to directed evolution under a variety of selective pressure schemes designed to traverse the fitness landscape in different ways. These schemes include (1) positive selection, (2) neutral drift, (3) retrogressive selection, (4) oscillating selection, and (5) fluctuating antibiotic environments. This evolution will exploit our band-pass gene circuit that allows the selection of beta-lactamase alleles at any desired fitness level (e.g. away from genes with lower or higher fitness). The progress and outcomes of evolution will be monitored by deep sequencing, which will determine the identity and distribution of mutations for each selection mechanism. The interpretation of mutational trajectories and outcomes will be aided by the comprehensive determination of the effect of individual mutations in TEM-15.&lt;br/&gt;&lt;br/&gt;Due to the interdisciplinary nature of the project, this award by the Biotechnology, Biochemical, and Biomass Engineering Program of the CBET Division is co-funded by the Systems and Synthetic Biology Program of the Division of Molecular and Cellular Biology.</AbstractNarration>
<MinAmdLetterDate>04/21/2014</MinAmdLetterDate>
<MaxAmdLetterDate>04/21/2014</MaxAmdLetterDate>
<ARRAAmount/>
<AwardID>1402101</AwardID>
<Investigator>
<FirstName>Marc</FirstName>
<LastName>Ostermeier</LastName>
<EmailAddress>oster@jhu.edu</EmailAddress>
<StartDate>04/21/2014</StartDate>
<EndDate/>
<RoleCode>Principal Investigator</RoleCode>
</Investigator>
<Institution>
<Name>Johns Hopkins University</Name>
<CityName>Baltimore</CityName>
<ZipCode>212182608</ZipCode>
<PhoneNumber>4105168668</PhoneNumber>
<StreetAddress>3400 N CHARLES ST</StreetAddress>
<CountryName>United States</CountryName>
<StateName>Maryland</StateName>
<StateCode>MD</StateCode>
</Institution>
<ProgramElement>
<Code>1491</Code>
<Text>Cellular &amp; Biochem Engineering</Text>
</ProgramElement>
<ProgramElement>
<Code>7275</Code>
<Text>CROSS-EF ACTIVITIES</Text>
</ProgramElement>
<ProgramElement>
<Code>8011</Code>
<Text>Systems and Synthetic Biology</Text>
</ProgramElement>
<ProgramReference>
<Code>009E</Code>
<Text>Metabolic engineering</Text>
</ProgramReference>
<ProgramReference>
<Code>144E</Code>
<Text>Synthetic biology</Text>
</ProgramReference>
<ProgramReference>
<Code>7465</Code>
<Text>NANOSCALE BIO CORE</Text>
</ProgramReference>
<ProgramReference>
<Code>8007</Code>
<Text>BioMaPS</Text>
</ProgramReference>
</Award>
</rootTag>
