<?xml version="1.0" encoding="UTF-8"?>
<rootTag>
<Award>
<AwardTitle>Conference: Dynamics and Differential Equations</AwardTitle>
<AwardEffectiveDate>03/01/2016</AwardEffectiveDate>
<AwardExpirationDate>02/28/2017</AwardExpirationDate>
<AwardAmount>15630</AwardAmount>
<AwardInstrument>
<Value>Standard Grant</Value>
</AwardInstrument>
<Organization>
<Code>03040000</Code>
<Directorate>
<LongName>Direct For Mathematical &amp; Physical Scien</LongName>
</Directorate>
<Division>
<LongName>Division Of Mathematical Sciences</LongName>
</Division>
</Organization>
<ProgramOfficer>
<SignBlockName>Edward Taylor</SignBlockName>
</ProgramOfficer>
<AbstractNarration>This award provides funding for US participation in the conference "Dynamics and Differential Equations", to be held at the University of Minnesota-Twin Cities from June 22 to June 25, 2016.&lt;br/&gt;&lt;br/&gt;The conference focuses on recent developments in Analysis, especially in the fields of partial differential equations, infinite dimensional dynamical systems, and ordinary differential equations.  A number of distinguished mathematicians have agreed to attend and speak at this conference. The award gives early career researchers, researchers who are members of underrepresented groups, researchers not funded by NSF a chance to attend and participate in this conference.  The organizing committee will strive to make this funding opportunity known to target groups through a number of different activities.  More information will be made available at:&lt;br/&gt;&lt;br/&gt;http://www.ima.umn.edu/2015-2016/SW6.22-25.16/?event_id=SW6.22-25.16</AbstractNarration>
<MinAmdLetterDate>12/07/2015</MinAmdLetterDate>
<MaxAmdLetterDate>12/07/2015</MaxAmdLetterDate>
<ARRAAmount/>
<AwardID>1600381</AwardID>
<Investigator>
<FirstName>Peter</FirstName>
<LastName>Polacik</LastName>
<EmailAddress>polacik@math.umn.edu</EmailAddress>
<StartDate>12/07/2015</StartDate>
<EndDate/>
<RoleCode>Principal Investigator</RoleCode>
</Investigator>
<Institution>
<Name>University of Minnesota-Twin Cities</Name>
<CityName>Minneapolis</CityName>
<ZipCode>554552070</ZipCode>
<PhoneNumber>6126245599</PhoneNumber>
<StreetAddress>200 OAK ST SE</StreetAddress>
<CountryName>United States</CountryName>
<StateName>Minnesota</StateName>
<StateCode>MN</StateCode>
</Institution>
<ProgramElement>
<Code>1281</Code>
<Text>ANALYSIS PROGRAM</Text>
</ProgramElement>
<ProgramReference>
<Code>7556</Code>
<Text>CONFERENCE AND WORKSHOPS</Text>
</ProgramReference>
</Award>
</rootTag>
