<?xml version="1.0" encoding="UTF-8"?>
<rootTag>
<Award>
<AwardTitle>U.S. Participation in Algebraic Cycles and Moduli Conference</AwardTitle>
<AwardEffectiveDate>05/01/2016</AwardEffectiveDate>
<AwardExpirationDate>10/31/2017</AwardExpirationDate>
<AwardAmount>24740</AwardAmount>
<AwardInstrument>
<Value>Standard Grant</Value>
</AwardInstrument>
<Organization>
<Code>03040000</Code>
<Directorate>
<LongName>Direct For Mathematical &amp; Physical Scien</LongName>
</Directorate>
<Division>
<LongName>Division Of Mathematical Sciences</LongName>
</Division>
</Organization>
<ProgramOfficer>
<SignBlockName>Timothy Hodges</SignBlockName>
</ProgramOfficer>
<AbstractNarration>This award provides funding for US participants at the workshop "Algebraic Cycles and Moduli" to take place June 2-8, 2016, at the Centre de Recherches Mathematiques, Universite de Montreal, Montreal, Canada.  The funding will support three principal speakers, 4 regular faculty and between 9 to 14 junior participants. The workshop activities will include three to four talks each day by leading international experts, interspersed with unscheduled time to allow for discussion and collaboration. The topic of the conference is at the forefront of current research in algebraic geometry. It involves a wide range of complex techniques from geometry, analysis, and topology and has important applications in physics.&lt;br/&gt;&lt;br/&gt;The specific purpose of the workshop is to survey the recent developments in the field of algebraic cycles and moduli, with a focus on the following topics: (1) Mumford-Tate groups and domains, (2) Torelli-type theorems and hyperk�hler manifolds, (3) Conformal block bundles over moduli spaces of curves, (4) Normal functions, (5) Applications of the Beilinson regulator to Mahler measure and Feynman integrals.  The workshop will bring together some of the leading experts in these fields, as well as a number of young researchers, who will further propel developments in these directions. More details on the conference can be found at its website: http://www.crm.umontreal.ca/2016/Cycles16/index_e.php</AbstractNarration>
<MinAmdLetterDate>02/04/2016</MinAmdLetterDate>
<MaxAmdLetterDate>02/04/2016</MaxAmdLetterDate>
<ARRAAmount/>
<AwardID>1600159</AwardID>
<Investigator>
<FirstName>Gregory</FirstName>
<LastName>Pearlstein</LastName>
<EmailAddress>gpearl@math.tamu.edu</EmailAddress>
<StartDate>02/04/2016</StartDate>
<EndDate/>
<RoleCode>Principal Investigator</RoleCode>
</Investigator>
<Investigator>
<FirstName>Matthew</FirstName>
<LastName>Kerr</LastName>
<EmailAddress>matkerr@math.wustl.edu</EmailAddress>
<StartDate>02/04/2016</StartDate>
<EndDate/>
<RoleCode>Co-Principal Investigator</RoleCode>
</Investigator>
<Institution>
<Name>Texas A&amp;M University Main Campus</Name>
<CityName>College Station</CityName>
<ZipCode>778454375</ZipCode>
<PhoneNumber>9798626777</PhoneNumber>
<StreetAddress>400 Harvey Mitchell Pkwy South</StreetAddress>
<CountryName>United States</CountryName>
<StateName>Texas</StateName>
<StateCode>TX</StateCode>
</Institution>
<ProgramElement>
<Code>1264</Code>
<Text>ALGEBRA,NUMBER THEORY,AND COM</Text>
</ProgramElement>
<ProgramReference>
<Code>7556</Code>
<Text>CONFERENCE AND WORKSHOPS</Text>
</ProgramReference>
</Award>
</rootTag>
