<?xml version="1.0" encoding="UTF-8"?>
<rootTag>
<Award>
<AwardTitle>ORTHOGONAL POLYNOMIALS AND SPECIAL FUNCTIONS SUMMER SCHOOL</AwardTitle>
<AwardEffectiveDate>06/01/2016</AwardEffectiveDate>
<AwardExpirationDate>05/31/2018</AwardExpirationDate>
<AwardAmount>45000</AwardAmount>
<AwardInstrument>
<Value>Standard Grant</Value>
</AwardInstrument>
<Organization>
<Code>03040000</Code>
<Directorate>
<LongName>Direct For Mathematical &amp; Physical Scien</LongName>
</Directorate>
<Division>
<LongName>Division Of Mathematical Sciences</LongName>
</Division>
</Organization>
<ProgramOfficer>
<SignBlockName>Edward Taylor</SignBlockName>
</ProgramOfficer>
<AbstractNarration>This award provides funding for the summer school "Orthogonal Polynomials and Special Functions to be held at the Norbert Weiner Center for Harmonic Analysis on the the University of Maryland-College Park campus, from July 11 to  July 15, 2016.&lt;br/&gt;&lt;br/&gt;The conference focuses on recent developments in Analysis, especially on the topics of  exceptional orthogonal polynomials, elliptic hypergeometric functions, q-series  and the like.  A number of distinguished mathematicians have agreed to attend and speak at this conference. The award gives early career researchers, researchers who are members of underrepresented groups, researchers not funded by NSF a chance to attend and participate in this conference.  The organizing committee will strive to make this funding opportunity known to target groups through a number of different activities.  More information will be made available at:&lt;br/&gt;&lt;br/&gt;http://www.norbertwiener.umd.edu/Education/OPSFS6/</AbstractNarration>
<MinAmdLetterDate>11/17/2015</MinAmdLetterDate>
<MaxAmdLetterDate>11/17/2015</MaxAmdLetterDate>
<ARRAAmount/>
<AwardID>1600903</AwardID>
<Investigator>
<FirstName>Kasso</FirstName>
<LastName>Okoudjou</LastName>
<EmailAddress>kasso@math.umd.edu</EmailAddress>
<StartDate>11/17/2015</StartDate>
<EndDate/>
<RoleCode>Principal Investigator</RoleCode>
</Investigator>
<Institution>
<Name>University of Maryland College Park</Name>
<CityName>COLLEGE PARK</CityName>
<ZipCode>207425141</ZipCode>
<PhoneNumber>3014056269</PhoneNumber>
<StreetAddress>3112 LEE BLDG 7809 Regents Drive</StreetAddress>
<CountryName>United States</CountryName>
<StateName>Maryland</StateName>
<StateCode>MD</StateCode>
</Institution>
<ProgramElement>
<Code>1281</Code>
<Text>ANALYSIS PROGRAM</Text>
</ProgramElement>
<ProgramReference>
<Code>7556</Code>
<Text>CONFERENCE AND WORKSHOPS</Text>
</ProgramReference>
</Award>
</rootTag>
