<?xml version="1.0" encoding="UTF-8"?>
<rootTag>
<Award>
<AwardTitle>TWC: Small: Automatic Detection of Protocol Manipulation Attacks in Large Scale Distributed Systems Implementations</AwardTitle>
<AwardEffectiveDate>10/01/2015</AwardEffectiveDate>
<AwardExpirationDate>08/31/2016</AwardExpirationDate>
<AwardAmount>81042</AwardAmount>
<AwardInstrument>
<Value>Standard Grant</Value>
</AwardInstrument>
<Organization>
<Code>05050000</Code>
<Directorate>
<LongName>Direct For Computer &amp; Info Scie &amp; Enginr</LongName>
</Directorate>
<Division>
<LongName>Division Of Computer and Network Systems</LongName>
</Division>
</Organization>
<ProgramOfficer>
<SignBlockName>Ralph Wachter</SignBlockName>
</ProgramOfficer>
<AbstractNarration>The main research focus of this proposal is to create a platform that allows to automatically find attacks in unmodified binaries of distributed systems.  The attacks are conducted through message manipulation by insider attackers and impact primarily performance and availability. The platform combines existent open-source virtualization environments such as KVM, and network simulation and emulation tools such as NS3, to create a realistic environment in which target systems will run. The platform is general, scalable, and can be used for testing a large variety of distributed systems such as intrusion-tolerant and peer-to-peer systems.&lt;br/&gt;&lt;br/&gt;The platform will improve the trust that distributed systems work according to their intended specifications in spite of faults, misconfigurations, or attacks.&lt;br/&gt;The platform can serve as a tool for system developers from industry, government labs, and academia to test their systems. In addition, it can be used for programing exercises for distributed systems and computer security courses at both undergraduate and graduate level.</AbstractNarration>
<MinAmdLetterDate>10/07/2015</MinAmdLetterDate>
<MaxAmdLetterDate>10/07/2015</MaxAmdLetterDate>
<ARRAAmount/>
<AwardID>1600280</AwardID>
<Investigator>
<FirstName>Cristina</FirstName>
<LastName>Nita-Rotaru</LastName>
<EmailAddress>c.nitarotaru@neu.edu</EmailAddress>
<StartDate>10/07/2015</StartDate>
<EndDate/>
<RoleCode>Principal Investigator</RoleCode>
</Investigator>
<Institution>
<Name>Northeastern University</Name>
<CityName>BOSTON</CityName>
<ZipCode>021155005</ZipCode>
<PhoneNumber>6173735600</PhoneNumber>
<StreetAddress>360 HUNTINGTON AVE</StreetAddress>
<CountryName>United States</CountryName>
<StateName>Massachusetts</StateName>
<StateCode>MA</StateCode>
</Institution>
<ProgramElement>
<Code>8060</Code>
<Text>Secure &amp;Trustworthy Cyberspace</Text>
</ProgramElement>
<ProgramReference>
<Code>7434</Code>
<Text>CNCI</Text>
</ProgramReference>
<ProgramReference>
<Code>7923</Code>
<Text>SMALL PROJECT</Text>
</ProgramReference>
<ProgramReference>
<Code>9102</Code>
<Text>WOMEN, MINORITY, DISABLED, NEC</Text>
</ProgramReference>
</Award>
</rootTag>
