<?xml version="1.0" encoding="UTF-8"?>

<rootTag>
  <Award>
    <AwardTitle>Business R&amp;D and Innovation Survey Operations and Related Activities-Census Bureau</AwardTitle>
    <AwardEffectiveDate>10/06/2015</AwardEffectiveDate>
    <AwardExpirationDate>10/31/2017</AwardExpirationDate>
    <AwardAmount>3668875</AwardAmount>
    <AwardInstrument>
      <Value>Contract Interagency Agreement</Value>
    </AwardInstrument>
    <Organization>
      <Code>04030005</Code>
      <Directorate>
        <LongName>Direct For Social, Behav &amp; Economic Scie</LongName>
      </Directorate>
      <Division>
        <LongName>National Center For S&amp;E Statistics</LongName>
      </Division>
    </Organization>
    <ProgramOfficer>
      <SignBlockName>RAYMOND M WOLFE</SignBlockName>
    </ProgramOfficer>
    <AbstractNarration/>
    <MinAmdLetterDate>11/23/2015</MinAmdLetterDate>
    <MaxAmdLetterDate>11/23/2015</MaxAmdLetterDate>
    <ARRAAmount/>
    <AwardID>1600629</AwardID>
    <Investigator>
      <FirstName>Michael</FirstName>
      <LastName>Flaherty</LastName>
      <EmailAddress>michael.j.flaherty@census.gov</EmailAddress>
      <StartDate>11/23/2015</StartDate>
      <EndDate/>
      <RoleCode>Principal Investigator</RoleCode>
    </Investigator>
    <Institution>
      <Name>Bureau of the Census</Name>
      <CityName>Washington</CityName>
      <ZipCode>20233</ZipCode>
      <PhoneNumber></PhoneNumber>
      <StreetAddress></StreetAddress>
      <CountryName>United States</CountryName>
      <StateName>District of Columbia</StateName>
      <StateCode>DC</StateCode>
    </Institution>
  </Award>
</rootTag>
