<?xml version="1.0" encoding="UTF-8"?>
<rootTag>
<Award>
<AwardTitle>Collaborative Research: P2C2--Ultra-High-Resolution Investigation of High Andean Snow and Ice Chemistry to Improve Paleoclimatic Reconstruction and Enhance Climate Prediction</AwardTitle>
<AwardEffectiveDate>06/15/2016</AwardEffectiveDate>
<AwardExpirationDate>05/31/2019</AwardExpirationDate>
<AwardAmount>468891</AwardAmount>
<AwardInstrument>
<Value>Continuing grant</Value>
</AwardInstrument>
<Organization>
<Code>06020108</Code>
<Directorate>
<LongName>Directorate For Geosciences</LongName>
</Directorate>
<Division>
<LongName>Div Atmospheric &amp; Geospace Sciences</LongName>
</Division>
</Organization>
<ProgramOfficer>
<SignBlockName>David J. Verardo</SignBlockName>
</ProgramOfficer>
<AbstractNarration>This collaborative proposal aims to combine advances in ice core sampling technology, knowledge of Andean storm event meteorology, cyberinfrastructure, and climate modeling and analysis to fresh snow, snowpits and ice core data to be recovered from ice caps in Peru and Bolivia.&lt;br/&gt;&lt;br/&gt;The specific goals of the project are to investigate South American atmospheric circulation features (e.g. El Ni�o/La Ni�a (ENSO), South American Low-level Jet, Southern Hemisphere trades and westerlies), tropical-mid-latitude-polar teleconnections, and the significance of key global-scale forcing functions that control atmospheric circulation (e.g. solar variability, volcanic activity, dusts, and greenhouse gases) and have significant relevance to moisture and heat transport over South America.&lt;br/&gt;&lt;br/&gt;The regional retreat of alpine glaciers coupled with increased population, industry, and agriculture activities are generating future demands on water resources. Declines in water resources may magnify the regional impacts of ENSO.  Instrumental records of climate and environmental variability over the region are sparse yet ice cores from Central Andean glaciers provide a source of high resolution records of past climate dynamics and chemistry of the atmosphere extending back centuries to millennia.  &lt;br/&gt;&lt;br/&gt;Climate reconstructions from ice cores could provide added temporal and spatial context to existing multi-proxy reconstructions in order to assess the impact of natural and human-induced physical and chemical climate change at the storm-scales that impact day to day and season to season events, and in the process, develop analogs for predicting future change.&lt;br/&gt;&lt;br/&gt;This project builds on the researchers' recent W.M. Keck Foundation and NSF-supported transformative laser sampling of ice cores and the newly released, NSF-supported cyberinfrastructure and climate analysis tools.  It also involves supporting an early career post-doctoral scholar, development and testing of new analytical tools, and strong collaboration with South American scientists.</AbstractNarration>
<MinAmdLetterDate>06/07/2016</MinAmdLetterDate>
<MaxAmdLetterDate>05/30/2017</MaxAmdLetterDate>
<ARRAAmount/>
<AwardID>1600018</AwardID>
<Investigator>
<FirstName>Paul</FirstName>
<LastName>Mayewski</LastName>
<EmailAddress>paul.mayewski@maine.edu</EmailAddress>
<StartDate>06/07/2016</StartDate>
<EndDate/>
<RoleCode>Principal Investigator</RoleCode>
</Investigator>
<Investigator>
<FirstName>Sean</FirstName>
<LastName>Birkel</LastName>
<EmailAddress>sbirke61@maine.edu</EmailAddress>
<StartDate>06/07/2016</StartDate>
<EndDate/>
<RoleCode>Co-Principal Investigator</RoleCode>
</Investigator>
<Institution>
<Name>University of Maine</Name>
<CityName>ORONO</CityName>
<ZipCode>044695717</ZipCode>
<PhoneNumber>2075811484</PhoneNumber>
<StreetAddress>5717 Corbett Hall</StreetAddress>
<CountryName>United States</CountryName>
<StateName>Maine</StateName>
<StateCode>ME</StateCode>
</Institution>
<ProgramElement>
<Code>1530</Code>
<Text>PALEOCLIMATE PROGRAM</Text>
</ProgramElement>
<ProgramReference>
<Code>7298</Code>
<Text>COLLABORATIVE RESEARCH</Text>
</ProgramReference>
<ProgramReference>
<Code>7754</Code>
<Text>CLIMATE VARIABILITY &amp; CHANGE</Text>
</ProgramReference>
<ProgramReference>
<Code>8070</Code>
<Text>P2C2 Proposals</Text>
</ProgramReference>
<ProgramReference>
<Code>9150</Code>
<Text>EXP PROG TO STIM COMP RES</Text>
</ProgramReference>
</Award>
</rootTag>
