<?xml version="1.0" encoding="UTF-8"?>
<rootTag>
<Award>
<AwardTitle>DISSERTATION RESEARCH:   Investigating the evolution of phalangerid marsupials in Sulawesi by incorporating morphology, molecular phylogenomics and biogeographical modeling</AwardTitle>
<AwardEffectiveDate>06/01/2016</AwardEffectiveDate>
<AwardExpirationDate>05/31/2018</AwardExpirationDate>
<AwardAmount>16390</AwardAmount>
<AwardInstrument>
<Value>Standard Grant</Value>
</AwardInstrument>
<Organization>
<Code>08090500</Code>
<Directorate>
<LongName>Direct For Biological Sciences</LongName>
</Directorate>
<Division>
<LongName>Division Of Integrative Organismal Systems</LongName>
</Division>
</Organization>
<ProgramOfficer>
<SignBlockName>Jodie Jawor</SignBlockName>
</ProgramOfficer>
<AbstractNarration>The island of Sulawesi has long been recognized for its highly distinctive and endemic vertebrate fauna; however, scientists have not been able to determine how or when many of these animals arrived on the island or what drove their remarkable diversification. This deficit of understanding has been due in part to uncertainty surrounding relationships among the animals themselves and the difficulty of reconstructing the island's highly complex geological history. For many taxa, intra-island diversification patterns remain unclear due to a lack of sufficient geographic sampling. This study will evaluate the temporal and geographic patterns of colonization and intra-island diversification of terrestrial mammals on Sulawesi by using cuscus marsupials as a model system. Reconstructing the evolutionary relationships among cuscuses across this region will help elucidate the historical biogeography of Sulawesi. This research will significantly broaden the professional and technical development of an early career female scientist, who will also train and co-advise an undergraduate student.  &lt;br/&gt;&lt;br/&gt;This project will test the hypothesis that microplate tectonics during the formation of Sulawesi and habitat fragmentation in the Pleistocene drove diversification in the Ailuropinae (Phalangeridae, Marsupialia). Extensive inter- and intra-island sampling with be achieved by using existing museum collections and novel methods of extracting ancient DNA. The researchers will incorporate traditional morphological techniques to distinguish and describe taxa along with phylogenomic methods to reconstruct their evolutionary relationships.  Biogeographical modeling will then be used to assess the likelihood of different geographical speciation scenarios. Using these results as a framework, the researchers will then produce a taxonomic revision of the subfamily.</AbstractNarration>
<MinAmdLetterDate>03/15/2016</MinAmdLetterDate>
<MaxAmdLetterDate>03/15/2016</MaxAmdLetterDate>
<ARRAAmount/>
<AwardID>1600899</AwardID>
<Investigator>
<FirstName>Andrea</FirstName>
<LastName>Weeks</LastName>
<EmailAddress>aweeks3@gmu.edu</EmailAddress>
<StartDate>03/15/2016</StartDate>
<EndDate/>
<RoleCode>Principal Investigator</RoleCode>
</Investigator>
<Investigator>
<FirstName>Lillian</FirstName>
<LastName>Parker</LastName>
<EmailAddress>lparke12@masonlive.gmu.edu</EmailAddress>
<StartDate>03/15/2016</StartDate>
<EndDate/>
<RoleCode>Co-Principal Investigator</RoleCode>
</Investigator>
<Institution>
<Name>George Mason University</Name>
<CityName>FAIRFAX</CityName>
<ZipCode>220304422</ZipCode>
<PhoneNumber>7039932295</PhoneNumber>
<StreetAddress>4400 UNIVERSITY DR</StreetAddress>
<CountryName>United States</CountryName>
<StateName>Virginia</StateName>
<StateCode>VA</StateCode>
</Institution>
<ProgramElement>
<Code>7374</Code>
<Text>Systematics &amp; Biodiversity Sci</Text>
</ProgramElement>
<ProgramReference>
<Code>9179</Code>
<Text>GRADUATE INVOLVEMENT</Text>
</ProgramReference>
<ProgramReference>
<Code>SMET</Code>
<Text>SCIENCE, MATH, ENG &amp; TECH EDUCATION</Text>
</ProgramReference>
</Award>
</rootTag>
