<?xml version="1.0" encoding="UTF-8"?>
<rootTag>
<Award>
<AwardTitle>Conference: Harmonic Analysis, Complex Analysis, Spectral Theory and All That</AwardTitle>
<AwardEffectiveDate>01/01/2016</AwardEffectiveDate>
<AwardExpirationDate>12/31/2016</AwardExpirationDate>
<AwardAmount>49200</AwardAmount>
<AwardInstrument>
<Value>Standard Grant</Value>
</AwardInstrument>
<Organization>
<Code>03040000</Code>
<Directorate>
<LongName>Direct For Mathematical &amp; Physical Scien</LongName>
</Directorate>
<Division>
<LongName>Division Of Mathematical Sciences</LongName>
</Division>
</Organization>
<ProgramOfficer>
<SignBlockName>Bruce Kitchens</SignBlockName>
</ProgramOfficer>
<AbstractNarration>The conference "Harmonic Analysis, Complex Analysis, Spectral Theory and All That" will be held at The Mathematical Research and Conference Center (MRCC) in Bedlewo, Poland, July 31-August 6, 2016. The conference enter belongs to the Institute of Mathematics of Polish Academy of Sciences - International Banach Center.  It is expected that about 100 participants will come from Canada, Finland, France, Germany, Israel, Norway, Poland, Spain, Russia, Sweden, USA and other countries. A significant number, about 30, of the participants will be PhD  students and postdoctoral fellows.  One of the aims of the conference is to bring graduate students to geometric harmonic analysis where there are a wide range of applications. The conference organizers aim to reach the critical mass of young scholars, women and men, that will intensify interdisciplinary interaction already in their post-doc phase with senior researchers.&lt;br/&gt; &lt;br/&gt;This conference, in major part, focusses on recent advances in harmonic and complex analysis with numerous connections and important applications in mind. The aim is to strongly promote linkages between the modern theory of 2D-geometric analysis (in its various manifestations, including holomorphic dynamics, inverse conductivity problems, partial differential equations, geometric measure theory calculus of variations, fractal geometry) with other possible developments, thereby bringing new ideas and results to each field. The organizing committee's background and experience affirm those goals.&lt;br/&gt;&lt;br/&gt;More information can be found on the conference website: http://bcc.impan.pl/16Harmonic/</AbstractNarration>
<MinAmdLetterDate>12/07/2015</MinAmdLetterDate>
<MaxAmdLetterDate>12/07/2015</MaxAmdLetterDate>
<ARRAAmount/>
<AwardID>1600705</AwardID>
<Investigator>
<FirstName>Tadeusz</FirstName>
<LastName>Iwaniec</LastName>
<EmailAddress>tiwaniec@mailbox.syr.edu</EmailAddress>
<StartDate>12/07/2015</StartDate>
<EndDate/>
<RoleCode>Principal Investigator</RoleCode>
</Investigator>
<Institution>
<Name>Syracuse University</Name>
<CityName>SYRACUSE</CityName>
<ZipCode>132441200</ZipCode>
<PhoneNumber>3154432807</PhoneNumber>
<StreetAddress>OFFICE OF SPONSORED PROGRAMS</StreetAddress>
<CountryName>United States</CountryName>
<StateName>New York</StateName>
<StateCode>NY</StateCode>
</Institution>
<ProgramElement>
<Code>1281</Code>
<Text>ANALYSIS PROGRAM</Text>
</ProgramElement>
<ProgramReference>
<Code>7556</Code>
<Text>CONFERENCE AND WORKSHOPS</Text>
</ProgramReference>
</Award>
</rootTag>
