<?xml version="1.0" encoding="UTF-8"?>
<rootTag>
<Award>
<AwardTitle>Singularity, Universality, and Smoothness of Random Walks</AwardTitle>
<AwardEffectiveDate>07/01/2016</AwardEffectiveDate>
<AwardExpirationDate>06/30/2019</AwardExpirationDate>
<AwardAmount>44566</AwardAmount>
<AwardInstrument>
<Value>Continuing grant</Value>
</AwardInstrument>
<Organization>
<Code>03040000</Code>
<Directorate>
<LongName>Direct For Mathematical &amp; Physical Scien</LongName>
</Directorate>
<Division>
<LongName>Division Of Mathematical Sciences</LongName>
</Division>
</Organization>
<ProgramOfficer>
<SignBlockName>Jacques Verstraete</SignBlockName>
</ProgramOfficer>
<AbstractNarration>Random matrices play a central and fundamental role in various areas of science, including mathematical physics, data mining, random noise perturbation, combinatorics, statistics, and theoretical computer science. For example, the Wigner semicircle distribution, which arises as a limiting distribution of eigenvalues of random symmetric matrices in the large-size limit, was first observed in the study of nuclear physics. This research project is a rigorous mathematical study of the phenomena of singularity and universality in random matrices.  This research is expected to lead to a more complete and deeper understanding of random matrices, with considerable impact on related areas of science. &lt;br/&gt;&lt;br/&gt;Technically speaking, two aspects of random systems will be studied: singularity and universality. This includes the analysis of the repulsion of Wigner matrix eigenvalues and of random polynomial roots, and specifically the study of certain Wegner-type estimates for matrix eigenvalues and, for random polynomial roots, the repulsion phenomenon under minimal conditions on the random coefficients. The goal under the universality aspect focuses on a central limit theorem-type result for the logarithmic determinant of Wigner matrices and certain equidistribution properties of the eigenvectors.</AbstractNarration>
<MinAmdLetterDate>03/25/2016</MinAmdLetterDate>
<MaxAmdLetterDate>03/25/2016</MaxAmdLetterDate>
<ARRAAmount/>
<AwardID>1600782</AwardID>
<Investigator>
<FirstName>Hoi H.</FirstName>
<LastName>Nguyen</LastName>
<EmailAddress>nguyen.1261@osu.edu</EmailAddress>
<StartDate>03/25/2016</StartDate>
<EndDate/>
<RoleCode>Principal Investigator</RoleCode>
</Investigator>
<Institution>
<Name>Ohio State University</Name>
<CityName>Columbus</CityName>
<ZipCode>432101016</ZipCode>
<PhoneNumber>6146888735</PhoneNumber>
<StreetAddress>Office of Sponsored Programs</StreetAddress>
<CountryName>United States</CountryName>
<StateName>Ohio</StateName>
<StateCode>OH</StateCode>
</Institution>
<ProgramElement>
<Code>1263</Code>
<Text>PROBABILITY</Text>
</ProgramElement>
<ProgramElement>
<Code>7970</Code>
<Text>Combinatorics</Text>
</ProgramElement>
</Award>
</rootTag>
