<?xml version="1.0" encoding="UTF-8"?>
<rootTag>
<Award>
<AwardTitle>Analytic Low Dimensional Dynamics: From Dimension One to Two</AwardTitle>
<AwardEffectiveDate>06/15/2016</AwardEffectiveDate>
<AwardExpirationDate>05/31/2019</AwardExpirationDate>
<AwardAmount>49998</AwardAmount>
<AwardInstrument>
<Value>Continuing grant</Value>
</AwardInstrument>
<Organization>
<Code>03040000</Code>
<Directorate>
<LongName>Direct For Mathematical &amp; Physical Scien</LongName>
</Directorate>
<Division>
<LongName>Division Of Mathematical Sciences</LongName>
</Division>
</Organization>
<ProgramOfficer>
<SignBlockName>Bruce Kitchens</SignBlockName>
</ProgramOfficer>
<AbstractNarration>The theory of Dynamical systems (with discrete time) studies the long-term behavior of trajectories described by a certain iteration procedure, and the way this phase portrait depends on the parameters of the system. Very interesting fractal objects (like Julia sets and the Mandelbrot set) may appear as phase and parameter diagrams for such systems. In the project, the PI will focus on complex and real low-dimensional dynamical systems described by simple quadratic equations.  Despite simplicity of the description, these systems are known to display complicated chaotic behavior serving as a good model for various phenomena that appear in celestial mechanics, fluid dynamics, biology, and other branches of natural science.  The proposed activity will result in deeper insights into small scale structure of dynamical systems, in training of highly qualified postdocs and graduate students who will apply their skills in academia and industry, in broader interactions between experts in various branches of real and complex dynamics, in publishing a book that would help a broad student and research community to acquire background in the area, in promotion of communication in the field by organizing conferences and scientific programs, giving mini-courses, and maintaining a dynamics web site (http//www.math.stonybrook/dynamics).&lt;br/&gt;&lt;br/&gt;The PI will conduct a broad research program on several intertwined geometric themes of complex and real low-dimensional dynamics, making a gradual transition from the one-dimensional to the two-dimensional world. The PI will work on the Dynamics of dissipative complex Henon maps and attractors for typical dissipative real Henon maps. Specific themes include exploring the problem of existence of wandering domains, building up puzzle techniques, and the study of local dynamics near semi-Cremer fixed points. The PI will keep pursuing several one-dimensional projects unified by the idea of renormalization, a powerful tool of penetrating into small-scale structure of dynamical objects aimed towards completing their classification. They include the Siegel Renormalization Theory, scaling of Mandelbrot limbs, and a priori bounds for primitively infinitely renormalizable quadratic polynomials. The PI will finish the first volume of a book "Conformal Geometry and Dynamics of Quadratic Polynomials".</AbstractNarration>
<MinAmdLetterDate>06/06/2016</MinAmdLetterDate>
<MaxAmdLetterDate>06/06/2016</MaxAmdLetterDate>
<ARRAAmount/>
<AwardID>1600519</AwardID>
<Investigator>
<FirstName>Mikhail</FirstName>
<LastName>Lyubich</LastName>
<EmailAddress>mlyubich@math.sunysb.edu</EmailAddress>
<StartDate>06/06/2016</StartDate>
<EndDate/>
<RoleCode>Principal Investigator</RoleCode>
</Investigator>
<Institution>
<Name>SUNY at Stony Brook</Name>
<CityName>Stony Brook</CityName>
<ZipCode>117940001</ZipCode>
<PhoneNumber>6316329949</PhoneNumber>
<StreetAddress>WEST 5510 FRK MEL LIB</StreetAddress>
<CountryName>United States</CountryName>
<StateName>New York</StateName>
<StateCode>NY</StateCode>
</Institution>
<ProgramElement>
<Code>1281</Code>
<Text>ANALYSIS PROGRAM</Text>
</ProgramElement>
</Award>
</rootTag>
