<?xml version="1.0" encoding="UTF-8"?>

<rootTag>
  <Award>
    <AwardTitle>Concluding conference of the Special Program on Nonlinear Equations: Progress and Challenges in Nonlinear Equations</AwardTitle>
    <AwardEffectiveDate>03/01/2016</AwardEffectiveDate>
    <AwardExpirationDate>11/30/2017</AwardExpirationDate>
    <AwardAmount>50000</AwardAmount>
    <AwardInstrument>
      <Value>Standard Grant</Value>
    </AwardInstrument>
    <Organization>
      <Code>03040000</Code>
      <Directorate>
        <LongName>Direct For Mathematical &amp; Physical Scien</LongName>
      </Directorate>
      <Division>
        <LongName>Division Of Mathematical Sciences</LongName>
      </Division>
    </Organization>
    <ProgramOfficer>
      <SignBlockName>Bruce P. Palka</SignBlockName>
    </ProgramOfficer>
    <AbstractNarration>This award provides funding to help defray the expenses of participants in the "Concluding Conference of the Special Program on Nonlinear Equations: Progress and Challenges in Nonlinear Equations" that will be held April 8-10, 2016, on the campus of Harvard University.&lt;br/&gt;&lt;br/&gt;The Center of Mathematical Sciences and Applications (CMSA) at Harvard University will host a Special Program on Nonlinear Equations during the academic year 2015-2016. This program will include a large cohort of expert visitors from around the world in the areas of partial differential equations, including experts in general relativity, geometric analysis, and nonlinear equations. Harvard University will host a three-day capstone conference to conclude the activities of the Special Program. The conference will include both speakers who are participating in the program and outside speakers. The dates were chosen to reflect the highest concentration of visitors to the CMSA in order to provide a rich research environment for conference attendees. The goal of the conference is to facilitate collaboration among experts in various fields of analysis, with the goal of making progress on some of the most fundamental open problems in mathematics and physics. The conference program provides ample opportunity for graduate students, postdocs, and other young scientists to present their work.</AbstractNarration>
    <MinAmdLetterDate>11/23/2015</MinAmdLetterDate>
    <MaxAmdLetterDate>11/23/2015</MaxAmdLetterDate>
    <ARRAAmount/>
    <AwardID>1600414</AwardID>
    <Investigator>
      <FirstName>Shing-Tung</FirstName>
      <LastName>Yau</LastName>
      <EmailAddress>yau@math.harvard.edu</EmailAddress>
      <StartDate>11/23/2015</StartDate>
      <EndDate/>
      <RoleCode>Principal Investigator</RoleCode>
    </Investigator>
    <Institution>
      <Name>Harvard University</Name>
      <CityName>Cambridge</CityName>
      <ZipCode>021385366</ZipCode>
      <PhoneNumber>6174955501</PhoneNumber>
      <StreetAddress>1033 MASSACHUSETTS AVE</StreetAddress>
      <CountryName>United States</CountryName>
      <StateName>Massachusetts</StateName>
      <StateCode>MA</StateCode>
    </Institution>
    <ProgramElement>
      <Code>1281</Code>
      <Text>ANALYSIS PROGRAM</Text>
    </ProgramElement>
    <ProgramElement>
      <Code>1265</Code>
      <Text>GEOMETRIC ANALYSIS</Text>
    </ProgramElement>
    <ProgramReference>
      <Code>7556</Code>
      <Text>CONFERENCE AND WORKSHOPS</Text>
    </ProgramReference>
  </Award>
</rootTag>
