<?xml version="1.0" encoding="UTF-8"?>

<rootTag>
  <Award>
    <AwardTitle>RAPID: An Integrated Study of Post-fire Wind and Water Erosion in Western Rangelands</AwardTitle>
    <AwardEffectiveDate>12/01/2015</AwardEffectiveDate>
    <AwardExpirationDate>11/30/2017</AwardExpirationDate>
    <AwardAmount>46724</AwardAmount>
    <AwardInstrument>
      <Value>Standard Grant</Value>
    </AwardInstrument>
    <Organization>
      <Code>06030000</Code>
      <Directorate>
        <LongName>Directorate For Geosciences</LongName>
      </Directorate>
      <Division>
        <LongName>Division Of Earth Sciences</LongName>
      </Division>
    </Organization>
    <ProgramOfficer>
      <SignBlockName>Richard Yuretich</SignBlockName>
    </ProgramOfficer>
    <AbstractNarration>ABSTRACT&lt;br/&gt;&lt;br/&gt;A non-technical description of the project, which explains the project's significance and importance&lt;br/&gt;&lt;br/&gt;The environmental and human costs of wildfires in the western United States are great and they are increasing as populations grow into areas farther away from urban centers. These fires affect the landscape in many ways, including an increase in erosion by both wind and water. This project will take advantage of an existing monitoring network, the Reynolds Creek Critical Zone Observatory, to examine dust generation and erosion rates following the Soda fire in southwestern Idaho in August, 2015. These new data can be compared to the pre-storm measurements in order to evaluate the extent of fire effects on the land surface that can be generalized to many other fire-prone regions. &lt;br/&gt;&lt;br/&gt; A technical description of the project&lt;br/&gt;&lt;br/&gt;This RAPID project will integrate the influence of post- fire wind and water erosion following a large rangeland fire on the Idaho-Oregon border. The Soda fire recently burned over 280,000 acres of rangelands along the Oregon Idaho border, including ~25% of the watershed in the Reynolds Creek Critical Zone Observatory (CZO). Smoke and dust from this fire produced dust storms and hazardous air quality conditions for Boise and other regional communities. Further erosion by both wind and water is expected to increase in the coming months. The research will measure post-fire erosion of sediment and carbon in this watershed. An extensive array of monitoring equipment at the Reynolds Creek Experimental Watershed, plus ongoing synergistic studies with federal collaborators, provide an opportunity to examine the dual roles of wind and water in generating post-fire erosion from the hillslope to the regional scale.</AbstractNarration>
    <MinAmdLetterDate>11/24/2015</MinAmdLetterDate>
    <MaxAmdLetterDate>11/24/2015</MaxAmdLetterDate>
    <ARRAAmount/>
    <AwardID>1600816</AwardID>
    <Investigator>
      <FirstName>Nancy</FirstName>
      <LastName>Glenn</LastName>
      <EmailAddress>nancyglenn@boisestate.edu</EmailAddress>
      <StartDate>11/24/2015</StartDate>
      <EndDate/>
      <RoleCode>Co-Principal Investigator</RoleCode>
    </Investigator>
    <Investigator>
      <FirstName>Jennifer</FirstName>
      <LastName>Pierce</LastName>
      <EmailAddress>jenpierce@boisestate.edu</EmailAddress>
      <StartDate>11/24/2015</StartDate>
      <EndDate/>
      <RoleCode>Principal Investigator</RoleCode>
    </Investigator>
    <Investigator>
      <FirstName>Elowyn</FirstName>
      <LastName>Yager</LastName>
      <EmailAddress>eyager@uidaho.edu</EmailAddress>
      <StartDate>11/24/2015</StartDate>
      <EndDate/>
      <RoleCode>Co-Principal Investigator</RoleCode>
    </Investigator>
    <Institution>
      <Name>Boise State University</Name>
      <CityName>Boise</CityName>
      <ZipCode>837250001</ZipCode>
      <PhoneNumber>2084261574</PhoneNumber>
      <StreetAddress>1910 University Drive</StreetAddress>
      <CountryName>United States</CountryName>
      <StateName>Idaho</StateName>
      <StateCode>ID</StateCode>
    </Institution>
    <ProgramElement>
      <Code>7458</Code>
      <Text>GEOMORPHOLOGY &amp; LAND USE DYNAM</Text>
    </ProgramElement>
    <ProgramReference>
      <Code>7693</Code>
      <Text>CZO: CRITICAL ZONE OBSER SOLIC</Text>
    </ProgramReference>
    <ProgramReference>
      <Code>7914</Code>
      <Text>RAPID</Text>
    </ProgramReference>
    <ProgramReference>
      <Code>9150</Code>
      <Text>EXP PROG TO STIM COMP RES</Text>
    </ProgramReference>
  </Award>
</rootTag>
