<?xml version="1.0" encoding="UTF-8"?>

<rootTag>
  <Award>
    <AwardTitle>Occupational Employment Statistics Survey</AwardTitle>
    <AwardEffectiveDate>10/06/2015</AwardEffectiveDate>
    <AwardExpirationDate>10/31/2016</AwardExpirationDate>
    <AwardAmount>329000</AwardAmount>
    <AwardInstrument>
      <Value>Contract Interagency Agreement</Value>
    </AwardInstrument>
    <Organization>
      <Code>04030007</Code>
      <Directorate>
        <LongName>Direct For Social, Behav &amp; Economic Scie</LongName>
      </Directorate>
      <Division>
        <LongName>National Center For S&amp;E Statistics</LongName>
      </Division>
    </Organization>
    <ProgramOfficer>
      <SignBlockName>amy burke</SignBlockName>
    </ProgramOfficer>
    <AbstractNarration/>
    <MinAmdLetterDate>11/17/2015</MinAmdLetterDate>
    <MaxAmdLetterDate>11/17/2015</MaxAmdLetterDate>
    <ARRAAmount/>
    <AwardID>1600630</AwardID>
    <Investigator>
      <FirstName>Laurie</FirstName>
      <LastName>Salmon</LastName>
      <EmailAddress>salmon.laurie@bls.gov</EmailAddress>
      <StartDate>11/17/2015</StartDate>
      <EndDate/>
      <RoleCode>Principal Investigator</RoleCode>
    </Investigator>
    <Institution>
      <Name>Department of Labor Bureau of Labor Statistics</Name>
      <CityName>Washington</CityName>
      <ZipCode>20212</ZipCode>
      <PhoneNumber></PhoneNumber>
      <StreetAddress></StreetAddress>
      <CountryName>United States</CountryName>
      <StateName>District of Columbia</StateName>
      <StateCode>DC</StateCode>
    </Institution>
  </Award>
</rootTag>
