<?xml version="1.0" encoding="UTF-8"?>
<rootTag>
<Award>
<AwardTitle>International Workshop on Operator Theory and Applications 2016</AwardTitle>
<AwardEffectiveDate>01/01/2016</AwardEffectiveDate>
<AwardExpirationDate>12/31/2016</AwardExpirationDate>
<AwardAmount>49999</AwardAmount>
<AwardInstrument>
<Value>Standard Grant</Value>
</AwardInstrument>
<Organization>
<Code>03040000</Code>
<Directorate>
<LongName>Direct For Mathematical &amp; Physical Scien</LongName>
</Directorate>
<Division>
<LongName>Division Of Mathematical Sciences</LongName>
</Division>
</Organization>
<ProgramOfficer>
<SignBlockName>Tomek Bartoszynski</SignBlockName>
</ProgramOfficer>
<AbstractNarration>The purpose of this grant is to provide funding for the International Workshop on Operator Theory and Applications (IWOTA) to be held July 16-22, 2016 on the campus of Washington University in St. Louis.  IWOTA is an annual conference that has been held throughout the world and it returns to the United States for the first time since 2008.  IWOTA brings together mathematicians from around the world in both pure and applied areas (related to the field of operator theory) for the purposes of collaborating, sharing new research, and educating graduate students and early career researchers.  IWOTA 2016 makes a special effort to increase the participation of underrepresented groups in mathematics through its selection of speakers and its designation as a conference conducted "in cooperation with the Association for Women in Mathematics."  The funds for this grant will be used to support the travel of main speakers as well as graduate students and early career researchers.&lt;br/&gt;&lt;br/&gt;IWOTA has two main scientific goals.  First, it serves as a meeting place for mathematicians in the field of operator theory.  Many of the main speakers of the conference are experts in operator theory with recent innovations to share with the broader community.  The conference has numerous special sessions to allow subgroups within operator theory (such as free analysis/probability, applied harmonic analysis, and systems and function theory) to collaborate.  Second, IWOTA has always had the goal of increasing the interaction of pure operator theorists, applied mathematicians, and engineers.  IWOTA 2016 intends to continue this tradition through its main speakers and special sessions.&lt;br/&gt;&lt;br/&gt;http://openscholarship.wustl.edu/iwota2016/</AbstractNarration>
<MinAmdLetterDate>12/17/2015</MinAmdLetterDate>
<MaxAmdLetterDate>12/17/2015</MaxAmdLetterDate>
<ARRAAmount/>
<AwardID>1600703</AwardID>
<Investigator>
<FirstName>Greg</FirstName>
<LastName>Knese</LastName>
<EmailAddress>geknese@wustl.edu</EmailAddress>
<StartDate>12/17/2015</StartDate>
<EndDate/>
<RoleCode>Principal Investigator</RoleCode>
</Investigator>
<Institution>
<Name>Washington University</Name>
<CityName>Saint Louis</CityName>
<ZipCode>631304862</ZipCode>
<PhoneNumber>3147474134</PhoneNumber>
<StreetAddress>CAMPUS BOX 1054</StreetAddress>
<CountryName>United States</CountryName>
<StateName>Missouri</StateName>
<StateCode>MO</StateCode>
</Institution>
<ProgramElement>
<Code>1281</Code>
<Text>ANALYSIS PROGRAM</Text>
</ProgramElement>
<ProgramReference>
<Code>7556</Code>
<Text>CONFERENCE AND WORKSHOPS</Text>
</ProgramReference>
<ProgramReference>
<Code>9150</Code>
<Text>EXP PROG TO STIM COMP RES</Text>
</ProgramReference>
</Award>
</rootTag>
