<?xml version="1.0" encoding="UTF-8"?>
<rootTag>
<Award>
<AwardTitle>Dissertation Research: Molecular Systematics of Porroglossum orchids: Phylogenetics, Floral Snap-Trap Kinematics, and Fragrance</AwardTitle>
<AwardEffectiveDate>05/01/2016</AwardEffectiveDate>
<AwardExpirationDate>04/30/2018</AwardExpirationDate>
<AwardAmount>19575</AwardAmount>
<AwardInstrument>
<Value>Standard Grant</Value>
</AwardInstrument>
<Organization>
<Code>08010206</Code>
<Directorate>
<LongName>Direct For Biological Sciences</LongName>
</Directorate>
<Division>
<LongName>Division Of Environmental Biology</LongName>
</Division>
</Organization>
<ProgramOfficer>
<SignBlockName>Simon Malcomber</SignBlockName>
</ProgramOfficer>
<AbstractNarration>This project will study the evolutionary relationships of Porroglossum, an endangered Neotropical orchid genus are distributed in the Andes. The flowers of Porroglossum are unique because the labellum or 'lip' actively snaps inward when touched in order to trap pollinators and ensure successful pollination. The research will combine modern molecular approaches, high-speed videography, and floral fragrance sampling to gain a multifaceted understanding of the evolutionary relationships within the group and the processes underlying its diversification. This project will train both undergraduate and graduate students in modern molecular systematics techniques, including members of under-represented groups, and will enhance collaborations with orchid researchers in Ecuador.&lt;br/&gt;&lt;br/&gt;This project aims to fully resolve phylogenetic relationships within the Neotropical orchid genus Porroglossum. Researchers will use reduced representation genome sequencing (e.g., genotyping by sequencing) to collect a large number of SNPs from each species within the genus. The project also will use high-speed videography to examine floral snap-trap kinematics among species of Porroglossum. Velocity, acceleration, and kinetic energy data will be collected from high-speed videos of the active floral snap-traps and mapped onto the fully resolved phylogenetic tree, and phylogenetic signal will be estimated for each data type. Lastly, this research will employ dynamic headspace adsorption and a gas chromatography/mass spectrometry instrument to investigate the patterns of floral fragrance evolution within Porroglossum.</AbstractNarration>
<MinAmdLetterDate>03/17/2016</MinAmdLetterDate>
<MaxAmdLetterDate>03/17/2016</MaxAmdLetterDate>
<ARRAAmount/>
<AwardID>1601041</AwardID>
<Investigator>
<FirstName>James</FirstName>
<LastName>McDaniel</LastName>
<EmailAddress>jlmcdaniel@wisc.edu</EmailAddress>
<StartDate>03/17/2016</StartDate>
<EndDate/>
<RoleCode>Co-Principal Investigator</RoleCode>
</Investigator>
<Investigator>
<FirstName>Kenneth</FirstName>
<LastName>Cameron</LastName>
<EmailAddress>kmcameron@wisc.edu</EmailAddress>
<StartDate>03/17/2016</StartDate>
<EndDate/>
<RoleCode>Principal Investigator</RoleCode>
</Investigator>
<Institution>
<Name>University of Wisconsin-Madison</Name>
<CityName>MADISON</CityName>
<ZipCode>537151218</ZipCode>
<PhoneNumber>6082623822</PhoneNumber>
<StreetAddress>21 North Park Street</StreetAddress>
<CountryName>United States</CountryName>
<StateName>Wisconsin</StateName>
<StateCode>WI</StateCode>
</Institution>
<ProgramElement>
<Code>1171</Code>
<Text>PHYLOGENETIC SYSTEMATICS</Text>
</ProgramElement>
<ProgramReference>
<Code>9179</Code>
<Text>GRADUATE INVOLVEMENT</Text>
</ProgramReference>
<ProgramReference>
<Code>SMET</Code>
<Text>SCIENCE, MATH, ENG &amp; TECH EDUCATION</Text>
</ProgramReference>
</Award>
</rootTag>
