<?xml version="1.0" encoding="UTF-8"?>
<rootTag>
<Award>
<AwardTitle>Creating a High School Pipeline for the Next Generation of Manufacturing Employees</AwardTitle>
<AwardEffectiveDate>04/15/2016</AwardEffectiveDate>
<AwardExpirationDate>03/31/2019</AwardExpirationDate>
<AwardAmount>458319</AwardAmount>
<AwardInstrument>
<Value>Standard Grant</Value>
</AwardInstrument>
<Organization>
<Code>11040100</Code>
<Directorate>
<LongName>Direct For Education and Human Resources</LongName>
</Directorate>
<Division>
<LongName>Division Of Undergraduate Education</LongName>
</Division>
</Organization>
<ProgramOfficer>
<SignBlockName>Heather Watson</SignBlockName>
</ProgramOfficer>
<AbstractNarration>Madisonville Community College and the Hopkins County Career Technology Center are collaboratively delivering a manufacturing certificate program that prepares students for the Manufacturing Skill Standards Council's (MSSC) Certified Production Technician exam and employment as process technicians. The project's intellectual merit lies in attracting high school students into manufacturing education, which research suggests they and their parents are not presently considering. The dual credit manufacturing program is familiarizing students with modern manufacturing and changing their perceptions regarding its desirability as a career. The project's broader impact involves the dissemination of improved marketing techniques that are increasing the number of students enrolling in postsecondary STEM-based manufacturing programs, entering the STEM workforce, and pursing further STEM education. The project is also evaluating a modularized curriculum and hybrid online delivery model that effectively shares complex, expensive technician training resources between secondary and postsecondary educational institutions and efficiently allocates faculty time and effort. This model is especially impactful for smaller secondary and postsecondary institutions in rural settings with limited human and fiscal resources who wish to launch innovative technical programming.&lt;br/&gt;&lt;br/&gt;The project is evaluating the effectiveness of MCC's marketing of its manufacturing curricula to high school students and making adjustments as necessary. It is also evaluating the use of experiential advising techniques such as industry mentoring. Additionally, it is using a "hybrid" online delivery model for dual credit programming that effects operational benefits for both partners. Finally, it advances the partners' existing efforts to address workplace readiness skills such as effective self-management, communication skills, teamwork, dependability and work ethic.</AbstractNarration>
<MinAmdLetterDate>04/12/2016</MinAmdLetterDate>
<MaxAmdLetterDate>10/24/2016</MaxAmdLetterDate>
<ARRAAmount/>
<AwardID>1601359</AwardID>
<Investigator>
<FirstName>David</FirstName>
<LastName>Alsip</LastName>
<EmailAddress>david.alsip@kctcs.edu</EmailAddress>
<StartDate>04/12/2016</StartDate>
<EndDate>10/24/2016</EndDate>
<RoleCode>Former Principal Investigator</RoleCode>
</Investigator>
<Investigator>
<FirstName>Edward</FirstName>
<LastName>Milum</LastName>
<EmailAddress>edward.milum@hopkins.kyschools.us</EmailAddress>
<StartDate>04/12/2016</StartDate>
<EndDate/>
<RoleCode>Co-Principal Investigator</RoleCode>
</Investigator>
<Investigator>
<FirstName>Bartley</FirstName>
<LastName>Johnson</LastName>
<EmailAddress>bartley.johnson@kctcs.edu</EmailAddress>
<StartDate>10/24/2016</StartDate>
<EndDate/>
<RoleCode>Principal Investigator</RoleCode>
</Investigator>
<Investigator>
<FirstName>Bartley</FirstName>
<LastName>Johnson</LastName>
<EmailAddress>bartley.johnson@kctcs.edu</EmailAddress>
<StartDate>04/12/2016</StartDate>
<EndDate>10/24/2016</EndDate>
<RoleCode>Former Co-Principal Investigator</RoleCode>
</Investigator>
<Institution>
<Name>U of Kentucky Madisonville Community College</Name>
<CityName>Madisonville</CityName>
<ZipCode>424319185</ZipCode>
<PhoneNumber>2708212250</PhoneNumber>
<StreetAddress>University Drive</StreetAddress>
<CountryName>United States</CountryName>
<StateName>Kentucky</StateName>
<StateCode>KY</StateCode>
</Institution>
<ProgramElement>
<Code>7412</Code>
<Text>ADVANCED TECH EDUCATION PROG</Text>
</ProgramElement>
<ProgramReference>
<Code>1032</Code>
<Text>ADVANCED TECHNOLOGY EDUCATION</Text>
</ProgramReference>
<ProgramReference>
<Code>9150</Code>
<Text>EXP PROG TO STIM COMP RES</Text>
</ProgramReference>
<ProgramReference>
<Code>9178</Code>
<Text>UNDERGRADUATE EDUCATION</Text>
</ProgramReference>
<ProgramReference>
<Code>SMET</Code>
<Text>SCIENCE, MATH, ENG &amp; TECH EDUCATION</Text>
</ProgramReference>
</Award>
</rootTag>
