<?xml version="1.0" encoding="UTF-8"?>
<rootTag>
<Award>
<AwardTitle>Dissertation Research: Detecting introgression in the presence of incomplete lineage sorting: phylogenomics and hybridization in Chylismia (Onagraceae)</AwardTitle>
<AwardEffectiveDate>07/01/2016</AwardEffectiveDate>
<AwardExpirationDate>06/30/2018</AwardExpirationDate>
<AwardAmount>20410</AwardAmount>
<AwardInstrument>
<Value>Standard Grant</Value>
</AwardInstrument>
<Organization>
<Code>08010206</Code>
<Directorate>
<LongName>Direct For Biological Sciences</LongName>
</Directorate>
<Division>
<LongName>Division Of Environmental Biology</LongName>
</Division>
</Organization>
<ProgramOfficer>
<SignBlockName>Simon Malcomber</SignBlockName>
</ProgramOfficer>
<AbstractNarration>A major goal of evolutionary biology has been to use DNA sequences to reconstruct the evolutionary history of relationships among organisms - to reconstruct the tree of life. However, biologists are increasingly aware that many species hybridize, resulting in a 'network' of life. This research introduces a new mathematical model to infer hybridization over the tree of life, and tests the model with DNA data from a group of highly hybridizing evening primrose plants that grow in the harsh habitats of the Sonoran, Mojave and Great Basin deserts.  This project also will provide bioinformatics and training and research experience to undergraduates, and produce computer software to detect hybridization events that will be disseminated freely via the Internet.&lt;br/&gt;&lt;br/&gt;Hybridization is an important evolutionary process in a substantial portion of the tree of life that may act as an evolutionary catalyst by increasing the adaptive variation within lineages. However, inferring hybridization in a phylogenetic context is difficult due to the lack of methods that model evolutionary scenarios involving both incomplete lineage sorting and introgression. This research incorporates both empirical and theoretical work to address the challenges of inferring hybridization and examining its evolutionary significance.  The researchers will use next-generation sequencing and genomic datasets to study the evolutionary consequences of introgression and historical biogeography across a homoploid hybrid complex in the plant genus Chylismia (Onagraceae).  They also will apply both empirical datasets and simulated datasets to develop and test a novel Bayesian approach for detecting introgression that combines aspects of both phylogenetic and coalescent theory.  Finally, they will quantify the genomic structural changes that accompany reticulate evolution and their functional significance in Chylismia using whole chloroplast genomes and markers from across the nuclear genome.</AbstractNarration>
<MinAmdLetterDate>03/17/2016</MinAmdLetterDate>
<MaxAmdLetterDate>03/17/2016</MaxAmdLetterDate>
<ARRAAmount/>
<AwardID>1601402</AwardID>
<Investigator>
<FirstName>Bruce</FirstName>
<LastName>Baldwin</LastName>
<EmailAddress>bbaldwin@uclink4.berkeley.edu</EmailAddress>
<StartDate>03/17/2016</StartDate>
<EndDate/>
<RoleCode>Principal Investigator</RoleCode>
</Investigator>
<Investigator>
<FirstName>William</FirstName>
<LastName>Freyman</LastName>
<EmailAddress>freyman@berkeley.edu</EmailAddress>
<StartDate>03/17/2016</StartDate>
<EndDate/>
<RoleCode>Co-Principal Investigator</RoleCode>
</Investigator>
<Institution>
<Name>University of California-Berkeley</Name>
<CityName>BERKELEY</CityName>
<ZipCode>947045940</ZipCode>
<PhoneNumber>5106428109</PhoneNumber>
<StreetAddress>Sponsored Projects Office</StreetAddress>
<CountryName>United States</CountryName>
<StateName>California</StateName>
<StateCode>CA</StateCode>
</Institution>
<ProgramElement>
<Code>1171</Code>
<Text>PHYLOGENETIC SYSTEMATICS</Text>
</ProgramElement>
<ProgramReference>
<Code>9179</Code>
<Text>GRADUATE INVOLVEMENT</Text>
</ProgramReference>
<ProgramReference>
<Code>SMET</Code>
<Text>SCIENCE, MATH, ENG &amp; TECH EDUCATION</Text>
</ProgramReference>
</Award>
</rootTag>
