<?xml version="1.0" encoding="UTF-8"?>

<rootTag>
  <Award>
    <AwardTitle>Training Tomorrow's Technicians in Lightweight Materials: Properties, Optimization, and Manufacturing Processes</AwardTitle>
    <AwardEffectiveDate>07/01/2016</AwardEffectiveDate>
    <AwardExpirationDate>06/30/2019</AwardExpirationDate>
    <AwardAmount>200000</AwardAmount>
    <AwardInstrument>
      <Value>Standard Grant</Value>
    </AwardInstrument>
    <Organization>
      <Code>11040100</Code>
      <Directorate>
        <LongName>Direct For Education and Human Resources</LongName>
      </Directorate>
      <Division>
        <LongName>Division Of Undergraduate Education</LongName>
      </Division>
    </Organization>
    <ProgramOfficer>
      <SignBlockName>Elizabeth Teles</SignBlockName>
    </ProgramOfficer>
    <AbstractNarration>There is an emerging and imminent need for employees equipped with skills in advanced manufacturing and automotive technology in the area of lightweight materials. While some of these lightweight materials have been studied and used in prototyping for years, they are now being used more broadly in production. Consequently, there is a need to translate the theoretical findings related to these materials and how they are used in design and manufacturing into applications and implementation in production, finishing, and repair. In addition to educating technicians who will be directly applying these skills and knowledge in their work, this project at Washtenaw Community College (WCC) in Michigan is also designed to address the critical need to teach and train the high school teachers and college faculty who will pass that knowledge on to their students. It also tackles the sustainability of the advanced manufacturing industry by facilitating engagement and recruitment of youth into the talent pipeline by joining with Square One Educational Network (SQ1) to develop a pipeline into lightweight manufacturing starting with K-12 students&lt;br/&gt;&lt;br/&gt;Key activities for this project include (a) developing an introductory multidisciplinary and project-based course on lightweight materials around an existing vehicle design project for the SQ1 Full Scale Innovative Vehicle Design Challenge; (b) creating interdisciplinary community college faculty and K-12 teacher professional development centered on lightweight materials properties, optimization, and manufacturing processes; (c) establishing a talent pipeline extending from K-12 to community colleges and four-year universities; and (d) developing and contributing to a repository of light weighting curricula. The college is partnering with Wayne State University (WSU) to develop integrated curriculum in the emerging technologies surrounding lightweight materials properties, optimization and manufacturing processes. The goal is to also engage industry and educators in developing a talent pipeline and initial curriculum addressing the material properties as well as optimization and manufacturing processes associated with lightweight materials at the high school and community college levels to meet emerging industry needs for technicians in the manufacturing industry. A central element of this proposal entails the introduction of a new arrangement of course design and delivery. With the advent of lightweight materials and manufacturing processes, the manufacturing industry is shifting to a systems approach rather than the traditional silo manufacturing practices. WCC will utilize this project to create a model for community college curriculum development utilizing this systems approach. The overview course will be multidisciplinary, project-based and designed around specific lightweight materials or categories of materials (aluminum alloys, plastics and polymers, carbon fiber composites, etc.) rather than focused on specific manufacturing disciplines. For each material or group of materials, the course will be arranged so that an overview of the material properties, applications, design for manufacturability, and manufacturing processes will be presented. As an introductory course, this will facilitate students identifying specific areas of interest in which to continue their studies. It will also provide a broader context for these students to build a systems approach into their study of advanced manufacturing or advanced transportation. A comprehensive evaluation is being developed to continuously enhance the project activities and provide opportunities for researching and evaluating the success of the project and its deliverables, as well as the sharing of best practices.</AbstractNarration>
    <MinAmdLetterDate>05/10/2016</MinAmdLetterDate>
    <MaxAmdLetterDate>05/10/2016</MaxAmdLetterDate>
    <ARRAAmount/>
    <AwardID>1601261</AwardID>
    <Investigator>
      <FirstName>Gene</FirstName>
      <LastName>Liao</LastName>
      <EmailAddress>geneliao@wayne.edu</EmailAddress>
      <StartDate>05/10/2016</StartDate>
      <EndDate/>
      <RoleCode>Co-Principal Investigator</RoleCode>
    </Investigator>
    <Investigator>
      <FirstName>Ching-Ming</FirstName>
      <LastName>Chen</LastName>
      <EmailAddress>fe8369@wayne.edu</EmailAddress>
      <StartDate>05/10/2016</StartDate>
      <EndDate/>
      <RoleCode>Co-Principal Investigator</RoleCode>
    </Investigator>
    <Investigator>
      <FirstName>Thomas</FirstName>
      <LastName>Penird</LastName>
      <EmailAddress>tpenird@wccnet.edu</EmailAddress>
      <StartDate>05/10/2016</StartDate>
      <EndDate/>
      <RoleCode>Principal Investigator</RoleCode>
    </Investigator>
    <Investigator>
      <FirstName>Allen</FirstName>
      <LastName>Day</LastName>
      <EmailAddress>amday@wccnet.edu</EmailAddress>
      <StartDate>05/10/2016</StartDate>
      <EndDate/>
      <RoleCode>Co-Principal Investigator</RoleCode>
    </Investigator>
    <Institution>
      <Name>Washtenaw Community College</Name>
      <CityName>Ann Arbor</CityName>
      <ZipCode>481054800</ZipCode>
      <PhoneNumber>7349733300</PhoneNumber>
      <StreetAddress>4800 E Huron River Dr</StreetAddress>
      <CountryName>United States</CountryName>
      <StateName>Michigan</StateName>
      <StateCode>MI</StateCode>
    </Institution>
    <ProgramElement>
      <Code>7412</Code>
      <Text>ADVANCED TECH EDUCATION PROG</Text>
    </ProgramElement>
    <ProgramReference>
      <Code>1032</Code>
      <Text>ADVANCED TECHNOLOGY EDUCATION</Text>
    </ProgramReference>
    <ProgramReference>
      <Code>9178</Code>
      <Text>UNDERGRADUATE EDUCATION</Text>
    </ProgramReference>
    <ProgramReference>
      <Code>SMET</Code>
      <Text>SCIENCE, MATH, ENG &amp; TECH EDUCATION</Text>
    </ProgramReference>
  </Award>
</rootTag>
