<?xml version="1.0" encoding="UTF-8"?>
<rootTag>
<Award>
<AwardTitle>L-functions and Arithmetic</AwardTitle>
<AwardEffectiveDate>04/01/2016</AwardEffectiveDate>
<AwardExpirationDate>03/31/2018</AwardExpirationDate>
<AwardAmount>49000</AwardAmount>
<AwardInstrument>
<Value>Standard Grant</Value>
</AwardInstrument>
<Organization>
<Code>03040000</Code>
<Directorate>
<LongName>Direct For Mathematical &amp; Physical Scien</LongName>
</Directorate>
<Division>
<LongName>Division Of Mathematical Sciences</LongName>
</Division>
</Organization>
<ProgramOfficer>
<SignBlockName>Matthew  Douglass</SignBlockName>
</ProgramOfficer>
<AbstractNarration>During the period June 13-16, 2016, Harvard University will host a conference in pure mathematics on the theme of L-functions and Arithmetic.  The purpose of the conference is to gather together leading experts and young researchers to discuss recent developments on the connections between analytic and algebraic aspects of number theory and arithmetic geometry.  Such research has applications to cyber security, through cryptography, and to some aspects of coding theory.  A significant portion of NSF funding will be used to fund the travel and housing of junior participants (e.g. graduate students and postdocs).  &lt;br/&gt;&lt;br/&gt;Over the four days of the conference there will be seventeen lectures by experts in number theory and arithmetic geometry.  The conference program will focus on recent developments in (commutative and noncommutative) Iwasawa theory; the construction of new Euler systems for Galois representations; Stark's conjecture and the equivariant Tamagawa number conjecture; p-adic interpolation of modular forms, Selmer groups, and L-values; and recent breakthroughs in the study of average behaviors of class groups, Selmer groups, and Mordell-Weil groups.&lt;br/&gt;See:http://abel.harvard.edu/conferences/rubin16/index.html</AbstractNarration>
<MinAmdLetterDate>02/26/2016</MinAmdLetterDate>
<MaxAmdLetterDate>02/26/2016</MaxAmdLetterDate>
<ARRAAmount/>
<AwardID>1601028</AwardID>
<Investigator>
<FirstName>Barry</FirstName>
<LastName>Mazur</LastName>
<EmailAddress>mazur@math.harvard.edu</EmailAddress>
<StartDate>02/26/2016</StartDate>
<EndDate/>
<RoleCode>Principal Investigator</RoleCode>
</Investigator>
<Investigator>
<FirstName>Cristian</FirstName>
<LastName>Popescu</LastName>
<EmailAddress>cpopescu@math.ucsd.edu</EmailAddress>
<StartDate>02/26/2016</StartDate>
<EndDate/>
<RoleCode>Co-Principal Investigator</RoleCode>
</Investigator>
<Investigator>
<FirstName>Robert</FirstName>
<LastName>Pollack</LastName>
<EmailAddress>rpollack@math.bu.edu</EmailAddress>
<StartDate>02/26/2016</StartDate>
<EndDate/>
<RoleCode>Co-Principal Investigator</RoleCode>
</Investigator>
<Investigator>
<FirstName>Benjamin</FirstName>
<LastName>Howard</LastName>
<EmailAddress>benjamin.howard.1@bc.edu</EmailAddress>
<StartDate>02/26/2016</StartDate>
<EndDate/>
<RoleCode>Co-Principal Investigator</RoleCode>
</Investigator>
<Institution>
<Name>Harvard University</Name>
<CityName>Cambridge</CityName>
<ZipCode>021385366</ZipCode>
<PhoneNumber>6174955501</PhoneNumber>
<StreetAddress>1033 MASSACHUSETTS AVE</StreetAddress>
<CountryName>United States</CountryName>
<StateName>Massachusetts</StateName>
<StateCode>MA</StateCode>
</Institution>
<ProgramElement>
<Code>1264</Code>
<Text>ALGEBRA,NUMBER THEORY,AND COM</Text>
</ProgramElement>
<ProgramReference>
<Code>7556</Code>
<Text>CONFERENCE AND WORKSHOPS</Text>
</ProgramReference>
</Award>
</rootTag>
