<?xml version="1.0" encoding="UTF-8"?>
<rootTag>
<Award>
<AwardTitle>DISSERTATION RESEARCH: Consequences of resource heterogeneity for immune defense, connectivity, and rabies dynamics in vampire bats</AwardTitle>
<AwardEffectiveDate>09/01/2016</AwardEffectiveDate>
<AwardExpirationDate>08/31/2018</AwardExpirationDate>
<AwardAmount>19499</AwardAmount>
<AwardInstrument>
<Value>Standard Grant</Value>
</AwardInstrument>
<Organization>
<Code>08010208</Code>
<Directorate>
<LongName>Direct For Biological Sciences</LongName>
</Directorate>
<Division>
<LongName>Division Of Environmental Biology</LongName>
</Division>
</Organization>
<ProgramOfficer>
<SignBlockName>Douglas Levey</SignBlockName>
</ProgramOfficer>
<AbstractNarration>Wildlife are fed by humans intentionally or accidentally all over the world. This common activity can change wildlife physiology and behavior, intensify human-wildlife interactions, and influence human health through the transmission of infectious disease. This research will examine how feeding wildlife influences the spread of infectious disease, focusing on vampire bats and rabies virus. It will develop models that can a) forecast the future spread of rabies when livestock rearing expands into undisturbed habitats and b) predict human and animal rabies risk in areas undergoing rapid land conversion. Results could alter societal views on activities ranging from bird feeders to ecotourism and will directly improve predictions of the spread of a lethal disease. The project will support education and training of a doctoral student in modern molecular biology techniques and will develop new tools for evaluating disease in bats. &lt;br/&gt;&lt;br/&gt;The research will integrate observed relationships between livestock abundance, antiviral immunity, and bat dispersal between colonies into mathematical models of rabies transmission. Earlier research showed that livestock rearing is associated with higher chronic stress, lower antibody levels, and larger vampire bat colonies, suggesting that livestock rearing produces source populations of immune-impaired vampire bats. The first research goal will use novel immunological tools on field-collected samples to characterize expression of antiviral cytokines of vampire bats across a livestock density site gradient in two regions. These data will be used to test if bats in livestock-dense habitat invest more or less in responses that promote resistance to rabies virus. The project's second goal will use molecular genetics approaches to characterize the connectivity of bat populations at fine spatial scales through field-collected tissue samples. Results will determine whether or not bat movement varies with livestock distribution. Finally, the researchers will develop a spatially explicit mathematical model of rabies transmission that incorporates results from the first two goals to provide a mechanistic framework for understanding how resource heterogeneity affects viral spread.</AbstractNarration>
<MinAmdLetterDate>03/24/2016</MinAmdLetterDate>
<MaxAmdLetterDate>03/24/2016</MaxAmdLetterDate>
<ARRAAmount/>
<AwardID>1601052</AwardID>
<Investigator>
<FirstName>Sonia</FirstName>
<LastName>Altizer</LastName>
<EmailAddress>saltizer@uga.edu</EmailAddress>
<StartDate>03/24/2016</StartDate>
<EndDate/>
<RoleCode>Principal Investigator</RoleCode>
</Investigator>
<Investigator>
<FirstName>Daniel</FirstName>
<LastName>Streicker</LastName>
<EmailAddress>dstrike@uga.edu</EmailAddress>
<StartDate>03/24/2016</StartDate>
<EndDate/>
<RoleCode>Co-Principal Investigator</RoleCode>
</Investigator>
<Investigator>
<FirstName>Daniel</FirstName>
<LastName>Becker</LastName>
<EmailAddress>dbecker@uga.edu</EmailAddress>
<StartDate>03/24/2016</StartDate>
<EndDate/>
<RoleCode>Co-Principal Investigator</RoleCode>
</Investigator>
<Institution>
<Name>University of Georgia Research Foundation Inc</Name>
<CityName>ATHENS</CityName>
<ZipCode>306021589</ZipCode>
<PhoneNumber>7065425939</PhoneNumber>
<StreetAddress>310 East Campus Rd</StreetAddress>
<CountryName>United States</CountryName>
<StateName>Georgia</StateName>
<StateCode>GA</StateCode>
</Institution>
<ProgramElement>
<Code>1182</Code>
<Text>POP &amp; COMMUNITY ECOL PROG</Text>
</ProgramElement>
<ProgramReference>
<Code>9179</Code>
<Text>GRADUATE INVOLVEMENT</Text>
</ProgramReference>
<ProgramReference>
<Code>SMET</Code>
<Text>SCIENCE, MATH, ENG &amp; TECH EDUCATION</Text>
</ProgramReference>
</Award>
</rootTag>
