<?xml version="1.0" encoding="UTF-8"?>
<rootTag>
<Award>
<AwardTitle>Dissertation Research: Ecological genomics of local adaptation in a perennial plant species</AwardTitle>
<AwardEffectiveDate>06/01/2016</AwardEffectiveDate>
<AwardExpirationDate>05/31/2018</AwardExpirationDate>
<AwardAmount>19825</AwardAmount>
<AwardInstrument>
<Value>Standard Grant</Value>
</AwardInstrument>
<Organization>
<Code>08010207</Code>
<Directorate>
<LongName>Direct For Biological Sciences</LongName>
</Directorate>
<Division>
<LongName>Division Of Environmental Biology</LongName>
</Division>
</Organization>
<ProgramOfficer>
<SignBlockName>Leslie Rissler</SignBlockName>
</ProgramOfficer>
<AbstractNarration>This research will contribute to a growing body of work concerned with the genetic basis of adaptation. Adaptation to local environments is important for persistence under a changing climate; however, remarkably little is known about the genetic mechanisms by which it occurs. This work will examine the genetic underpinnings of local adaptation in a perennial plant species with two well-studied, putatively adaptive genes that are associated with chemical defense against herbivores. The researchers focus on white clover, an important grazing crop. The research promotes collaborations between three U.S. research institutions and a New Zealand agricultural research institute. It also builds upon the previously established Clover Project, which has provided instructional materials to &gt; 70 teachers and 6000+ students nationwide. This project helps train an underrepresented minority student and will provide independent, complementary projects for 6+ undergraduate students. Because the focal plant species is an important agricultural crop worldwide, the development of genetic resources will be useful for breeders. &lt;br/&gt;&lt;br/&gt;This research will examine the genetic underpinnings of local adaptation in white clover (Trifolium repens L.). For two years, reproductive output will be measured for cloned plants grown in reciprocal common gardens across three climatically distinct sites. QTL mapping of fitness measurements will characterize the genetic architecture of local adaptation. Research will determine the distribution of effect sizes of locally adaptive genes and the extent that adaptation is caused by either conditionally neutral alleles or ones that show antagonistic pleiotropy. Overall the work will provide a genome-wide assessment of the importance of cyanogenesis.</AbstractNarration>
<MinAmdLetterDate>03/17/2016</MinAmdLetterDate>
<MaxAmdLetterDate>03/17/2016</MaxAmdLetterDate>
<ARRAAmount/>
<AwardID>1601641</AwardID>
<Investigator>
<FirstName>Kenneth</FirstName>
<LastName>Olsen</LastName>
<EmailAddress>kolsen@wustl.edu</EmailAddress>
<StartDate>03/17/2016</StartDate>
<EndDate/>
<RoleCode>Principal Investigator</RoleCode>
</Investigator>
<Investigator>
<FirstName>Sara</FirstName>
<LastName>Wright</LastName>
<EmailAddress>sarajeanes@wustl.edu</EmailAddress>
<StartDate>03/17/2016</StartDate>
<EndDate/>
<RoleCode>Co-Principal Investigator</RoleCode>
</Investigator>
<Institution>
<Name>Washington University</Name>
<CityName>Saint Louis</CityName>
<ZipCode>631304862</ZipCode>
<PhoneNumber>3147474134</PhoneNumber>
<StreetAddress>CAMPUS BOX 1054</StreetAddress>
<CountryName>United States</CountryName>
<StateName>Missouri</StateName>
<StateCode>MO</StateCode>
</Institution>
<ProgramElement>
<Code>7378</Code>
<Text>EVOLUTIONARY GENETICS</Text>
</ProgramElement>
<ProgramReference>
<Code>9150</Code>
<Text>EXP PROG TO STIM COMP RES</Text>
</ProgramReference>
<ProgramReference>
<Code>9179</Code>
<Text>GRADUATE INVOLVEMENT</Text>
</ProgramReference>
</Award>
</rootTag>
