<?xml version="1.0" encoding="UTF-8"?>

<rootTag>
  <Award>
    <AwardTitle>NM Green: Advancing Sustainable Construction Technology Education</AwardTitle>
    <AwardEffectiveDate>05/15/2016</AwardEffectiveDate>
    <AwardExpirationDate>04/30/2019</AwardExpirationDate>
    <AwardAmount>884573</AwardAmount>
    <AwardInstrument>
      <Value>Standard Grant</Value>
    </AwardInstrument>
    <Organization>
      <Code>11040100</Code>
      <Directorate>
        <LongName>Direct For Education and Human Resources</LongName>
      </Directorate>
      <Division>
        <LongName>Division Of Undergraduate Education</LongName>
      </Division>
    </Organization>
    <ProgramOfficer>
      <SignBlockName>Olga Pierrakos</SignBlockName>
    </ProgramOfficer>
    <AbstractNarration>There is a growing need for more technicians in the area of green construction technology as well as sustainable design and sustainable construction techniques. With growth in green construction jobs, the challenge is on educating the local workforce with the knowledge and skills necessary to obtain and succeed in these jobs. The University of New Mexico and Central New Mexico Community College will collaborate on this project resulting in the development of (1) a certificate program in green construction technologies to provide students with the necessary skills that lead to workforce development, (2) a pathway for students to participate in an internship program and dual credit courses (high school and college credit), and (3) outreach and mentoring efforts to expose underrepresented students to STEM fields, specifically construction technology and engineering. &lt;br/&gt;&lt;br/&gt;With a strong evaluation plan, the project will generate new knowledge about the skillset needed and the challenges faced in educating green construction technicians. The collaborative team of University of New Mexico and Central New Mexico Community College faculty will work to implement academic experiences relevant to green construction and sustainability. Over 400 students will be impacted. One of the key deliverables will be developing a model for internships, outreach, recruitment, and mentoring for underrepresented students. The knowledge gained will be shared with other institutions that have a focus on green construction technology and sustainability.</AbstractNarration>
    <MinAmdLetterDate>05/09/2016</MinAmdLetterDate>
    <MaxAmdLetterDate>05/09/2016</MaxAmdLetterDate>
    <ARRAAmount/>
    <AwardID>1601121</AwardID>
    <Investigator>
      <FirstName>Susan</FirstName>
      <LastName>Bogus</LastName>
      <EmailAddress>sbogus@unm.edu</EmailAddress>
      <StartDate>05/09/2016</StartDate>
      <EndDate/>
      <RoleCode>Principal Investigator</RoleCode>
    </Investigator>
    <Investigator>
      <FirstName>Vanessa</FirstName>
      <LastName>Valentin</LastName>
      <EmailAddress>vv@unm.edu</EmailAddress>
      <StartDate>05/09/2016</StartDate>
      <EndDate/>
      <RoleCode>Co-Principal Investigator</RoleCode>
    </Investigator>
    <Institution>
      <Name>University of New Mexico</Name>
      <CityName>Albuquerque</CityName>
      <ZipCode>871310001</ZipCode>
      <PhoneNumber>5052774186</PhoneNumber>
      <StreetAddress>1700 Lomas Blvd. NE, Suite 2200</StreetAddress>
      <CountryName>United States</CountryName>
      <StateName>New Mexico</StateName>
      <StateCode>NM</StateCode>
    </Institution>
    <ProgramElement>
      <Code>7412</Code>
      <Text>ADVANCED TECH EDUCATION PROG</Text>
    </ProgramElement>
    <ProgramReference>
      <Code>1032</Code>
      <Text>ADVANCED TECHNOLOGY EDUCATION</Text>
    </ProgramReference>
    <ProgramReference>
      <Code>9150</Code>
      <Text>EXP PROG TO STIM COMP RES</Text>
    </ProgramReference>
    <ProgramReference>
      <Code>9178</Code>
      <Text>UNDERGRADUATE EDUCATION</Text>
    </ProgramReference>
    <ProgramReference>
      <Code>SMET</Code>
      <Text>SCIENCE, MATH, ENG &amp; TECH EDUCATION</Text>
    </ProgramReference>
  </Award>
</rootTag>
