<?xml version="1.0" encoding="UTF-8"?>
<rootTag>
<Award>
<AwardTitle>Regulation of sleep in the Mexican cavefish</AwardTitle>
<AwardEffectiveDate>08/10/2015</AwardEffectiveDate>
<AwardExpirationDate>02/28/2017</AwardExpirationDate>
<AwardAmount>133778</AwardAmount>
<AwardInstrument>
<Value>Standard Grant</Value>
</AwardInstrument>
<Organization>
<Code>08090200</Code>
<Directorate>
<LongName>Direct For Biological Sciences</LongName>
</Directorate>
<Division>
<LongName>Division Of Integrative Organismal Systems</LongName>
</Division>
</Organization>
<ProgramOfficer>
<SignBlockName>Edda (Floh) Thiels</SignBlockName>
</ProgramOfficer>
<AbstractNarration>While sleep is nearly universal throughout the animal kingdom, the physiological functions and biological factors regulating sleep remain unclear. This project seeks to understand how diet and metabolism influence sleep duration using the blind Mexican cavefish as a model system. The Mexican cavefish is an extremely informative system for examining behavioral and genetic adaptations.  These fish were trapped in caves ~1-8 million years ago, and have adapted to these nutrient-poor environments by dramatically reducing sleep and developing numerous physiological changes, including altered metabolism, eye-loss, and albinism. This project will determine the evolutionary basis for the reduction in sleep. The differences in habitat between river-dwelling surface and cave populations of these fish present a unique opportunity to examine the effects of ecology and evolutionary history on sleep. Sleep will be measured in fish fed either a high or a low-fat diet to determine whether high-calorie diets are capable of restoring normal sleep in cavefish. Furthermore, genetic hybrid fish will be tested for sleep and other foraging behaviors to determine whether distinct or overlapping genes regulate reduced sleep and altered feeding behaviors. Taken together, these experiments will determine the evolutionary basis for sleep loss in Mexican cavefish.&lt;br/&gt; &lt;br/&gt;Work produced in this project will contribute to our understanding of the biological basis of sleep with potential extension to a better understanding of the relationship between diet and sleep in humans.  In addition to contributing to scientific knowledge across life disciplines, this project will provide opportunities for student training and outreach in the local community.  Teaching laboratories will be developed with a local high school to expose students to behavioral ecology and neuroscience research.  All developed lab protocols will be made available online for access and use at other high schools and teaching institutions.  Additionally, this project will fund students enrolled in programs for first generation and minority college students to work in the research laboratory.</AbstractNarration>
<MinAmdLetterDate>11/18/2015</MinAmdLetterDate>
<MaxAmdLetterDate>11/18/2015</MaxAmdLetterDate>
<ARRAAmount/>
<AwardID>1601004</AwardID>
<Investigator>
<FirstName>Alex</FirstName>
<LastName>Keene</LastName>
<EmailAddress>KeeneA@FAU.edu</EmailAddress>
<StartDate>11/18/2015</StartDate>
<EndDate/>
<RoleCode>Principal Investigator</RoleCode>
</Investigator>
<Institution>
<Name>Florida Atlantic University</Name>
<CityName>BOCA RATON</CityName>
<ZipCode>334316424</ZipCode>
<PhoneNumber>5612970777</PhoneNumber>
<StreetAddress>777 GLADES RD</StreetAddress>
<CountryName>United States</CountryName>
<StateName>Florida</StateName>
<StateCode>FL</StateCode>
</Institution>
<ProgramElement>
<Code>7714</Code>
<Text>MODULATION</Text>
</ProgramElement>
<ProgramReference>
<Code>1096</Code>
<Text>NEURAL SYSTEMS</Text>
</ProgramReference>
<ProgramReference>
<Code>9150</Code>
<Text>EXP PROG TO STIM COMP RES</Text>
</ProgramReference>
<ProgramReference>
<Code>9178</Code>
<Text>UNDERGRADUATE EDUCATION</Text>
</ProgramReference>
<ProgramReference>
<Code>9179</Code>
<Text>GRADUATE INVOLVEMENT</Text>
</ProgramReference>
<ProgramReference>
<Code>9251</Code>
<Text>RES EXPER FOR UNDERGRAD-SUPPLT</Text>
</ProgramReference>
</Award>
</rootTag>
