<?xml version="1.0" encoding="UTF-8"?>
<rootTag>
<Award>
<AwardTitle>DISSERTATION RESEARCH: Selenium hyperaccumulation in a rapid radiation of legumes</AwardTitle>
<AwardEffectiveDate>05/01/2016</AwardEffectiveDate>
<AwardExpirationDate>04/30/2018</AwardExpirationDate>
<AwardAmount>19811</AwardAmount>
<AwardInstrument>
<Value>Standard Grant</Value>
</AwardInstrument>
<Organization>
<Code>08010206</Code>
<Directorate>
<LongName>Direct For Biological Sciences</LongName>
</Directorate>
<Division>
<LongName>Division Of Environmental Biology</LongName>
</Division>
</Organization>
<ProgramOfficer>
<SignBlockName>Simon Malcomber</SignBlockName>
</ProgramOfficer>
<AbstractNarration>Milkvetch (Neo-Astragalus) species from the legume plant family known as selenium hyperaccumulators are restricted to soils rich in the element selenium, where they accumulate the element in their tissues at levels that are toxic to other organisms. This research will determine the number of origins of selenium hyperaccumulation in milkvetch species by reconstructing the group's evolutionary history using DNA sequence data. The project will also sequence genes thought to be involved in selenium hyperaccumulation to determine if they have been subject to natural selection. This research will provide one graduate student and undergraduates with training in molecular, chemical, and bioinformatics techniques and will also supply molecular resources for population genetic studies of poorly known North American Astragalus species.&lt;br/&gt;&lt;br/&gt;Twenty-five Neo-Astragalus species from two traditional taxonomic groups have been identified as selenium hyperaccumulators; however, it is not known if these groups are monophyletic. The researchers will sample these selenium hyperaccumulators and other species from across the clade and reconstruct a phylogeny using a target-enrichment approach for sequencing low-copy nuclear loci in order to infer the number of times selenium hyperaccumulation has evolved. Analytical chemistry methods will be used to survey selenium accumulation in relevant species, and phylogenetic ancestral state reconstruction will be used to characterize the number of origins of selenium hyperaccumulation from the resulting phylogeny. This approach can quantify the relative contribution of ecologically driven speciation and allopatric speciation in light of the number of origins of the cryptic trait, their phylogenetic position, and geographic ranges of the different species.</AbstractNarration>
<MinAmdLetterDate>03/17/2016</MinAmdLetterDate>
<MaxAmdLetterDate>03/17/2016</MaxAmdLetterDate>
<ARRAAmount/>
<AwardID>1601329</AwardID>
<Investigator>
<FirstName>Michael</FirstName>
<LastName>Sanderson</LastName>
<EmailAddress>sanderm@email.arizona.edu</EmailAddress>
<StartDate>03/17/2016</StartDate>
<EndDate/>
<RoleCode>Principal Investigator</RoleCode>
</Investigator>
<Investigator>
<FirstName>Joseph</FirstName>
<LastName>Charboneau</LastName>
<EmailAddress>jcharbon@email.arizona.edu</EmailAddress>
<StartDate>03/17/2016</StartDate>
<EndDate/>
<RoleCode>Co-Principal Investigator</RoleCode>
</Investigator>
<Institution>
<Name>University of Arizona</Name>
<CityName>Tucson</CityName>
<ZipCode>857194824</ZipCode>
<PhoneNumber>5206266000</PhoneNumber>
<StreetAddress>888 N Euclid Ave</StreetAddress>
<CountryName>United States</CountryName>
<StateName>Arizona</StateName>
<StateCode>AZ</StateCode>
</Institution>
<ProgramElement>
<Code>1171</Code>
<Text>PHYLOGENETIC SYSTEMATICS</Text>
</ProgramElement>
<ProgramReference>
<Code>9179</Code>
<Text>GRADUATE INVOLVEMENT</Text>
</ProgramReference>
<ProgramReference>
<Code>SMET</Code>
<Text>SCIENCE, MATH, ENG &amp; TECH EDUCATION</Text>
</ProgramReference>
</Award>
</rootTag>
