<?xml version="1.0" encoding="UTF-8"?>
<rootTag>
<Award>
<AwardTitle>DISSERTATION RESEARCH:   Scaling within host interactions to epidemic patterns</AwardTitle>
<AwardEffectiveDate>06/01/2016</AwardEffectiveDate>
<AwardExpirationDate>05/31/2018</AwardExpirationDate>
<AwardAmount>20102</AwardAmount>
<AwardInstrument>
<Value>Standard Grant</Value>
</AwardInstrument>
<Organization>
<Code>08010208</Code>
<Directorate>
<LongName>Direct For Biological Sciences</LongName>
</Directorate>
<Division>
<LongName>Division Of Environmental Biology</LongName>
</Division>
</Organization>
<ProgramOfficer>
<SignBlockName>Douglas Levey</SignBlockName>
</ProgramOfficer>
<AbstractNarration>Parasites regulate the dynamics of almost all populations, and the vast majority of hosts (including humans) are infected by multiple parasite species at the same time. Do infections by multiple parasite species increase the risk of epidemics in host populations? This research will establish a general framework that predicts how co-infections affect epidemics in host populations.  Results will help predict the consequences of concurrent emerging parasites and will inform strategies to help curb epidemics that threaten wildlife, animal stocks, agricultural crops, and human populations. The project will extend the research and training of a doctoral student by supporting two new experiments that will improve existing mathematical models. The researchers will engage a diverse range of students in the Houston Public Schools through lectures on infectious disease and participation in the design of experiments and analysis of resulting data. &lt;br/&gt;&lt;br/&gt;When multiple parasites infect hosts, the order of infection likely plays an important role because it can determine transmission rates and host mortality. The effects of arrival order - or priority effects - are well documented within single hosts but rarely incorporated in classical models to predict and understand multi-parasite epidemics. The goal of this project is to determine (1) how the relative timing of infections alters epidemics in multi-parasite systems and whether multiple infections increase variation in outcome of epidemics, and (2) test whether this variation can be predicted with mechanistic models that incorporate the consequences of co-infection from single-host data. These goals will be accomplished using a combination of experiments and models. The first experiment will examine multi-parasite epidemics with multiple arrival orders of parasites and doubly infected and singly infected populations. This will determine how priority effects alter epidemic patterns at the host population level. A series of single host infection experiments will be conducted to parameterize a predictive epidemic model that accounts for the infection history of hosts and how this history influences interactions among co-infecting parasites and hosts. Comparing model predictions to empirical epidemics will test whether variation in epidemics patterns in natural populations can be predicted from individual host data when accounting for the infection history of hosts. The predictive power of this model will be compared to traditional models that do not include priority effects.</AbstractNarration>
<MinAmdLetterDate>03/21/2016</MinAmdLetterDate>
<MaxAmdLetterDate>03/21/2016</MaxAmdLetterDate>
<ARRAAmount/>
<AwardID>1601353</AwardID>
<Investigator>
<FirstName>Volker</FirstName>
<LastName>Rudolf</LastName>
<EmailAddress>vr2@rice.edu</EmailAddress>
<StartDate>03/21/2016</StartDate>
<EndDate/>
<RoleCode>Principal Investigator</RoleCode>
</Investigator>
<Investigator>
<FirstName>Patrick</FirstName>
<LastName>Clay</LastName>
<EmailAddress>patrick.clay@rice.edu</EmailAddress>
<StartDate>03/21/2016</StartDate>
<EndDate/>
<RoleCode>Co-Principal Investigator</RoleCode>
</Investigator>
<Institution>
<Name>William Marsh Rice University</Name>
<CityName>Houston</CityName>
<ZipCode>770051827</ZipCode>
<PhoneNumber>7133484820</PhoneNumber>
<StreetAddress>6100 MAIN ST</StreetAddress>
<CountryName>United States</CountryName>
<StateName>Texas</StateName>
<StateCode>TX</StateCode>
</Institution>
<ProgramElement>
<Code>1182</Code>
<Text>POP &amp; COMMUNITY ECOL PROG</Text>
</ProgramElement>
<ProgramReference>
<Code>9169</Code>
<Text>BIODIVERSITY AND ECOSYSTEM DYNAMICS</Text>
</ProgramReference>
<ProgramReference>
<Code>9179</Code>
<Text>GRADUATE INVOLVEMENT</Text>
</ProgramReference>
<ProgramReference>
<Code>EGCH</Code>
<Text>ENVIRONMENT AND GLOBAL CHANGE</Text>
</ProgramReference>
<ProgramReference>
<Code>SMET</Code>
<Text>SCIENCE, MATH, ENG &amp; TECH EDUCATION</Text>
</ProgramReference>
</Award>
</rootTag>
