<?xml version="1.0" encoding="UTF-8"?>

<rootTag>
  <Award>
    <AwardTitle>Central Virginia Advanced Manufacturing Initiative</AwardTitle>
    <AwardEffectiveDate>07/01/2016</AwardEffectiveDate>
    <AwardExpirationDate>06/30/2019</AwardExpirationDate>
    <AwardAmount>438964</AwardAmount>
    <AwardInstrument>
      <Value>Standard Grant</Value>
    </AwardInstrument>
    <Organization>
      <Code>11040100</Code>
      <Directorate>
        <LongName>Direct For Education and Human Resources</LongName>
      </Directorate>
      <Division>
        <LongName>Division Of Undergraduate Education</LongName>
      </Division>
    </Organization>
    <ProgramOfficer>
      <SignBlockName>Heather Watson</SignBlockName>
    </ProgramOfficer>
    <AbstractNarration>This project at Piedmont Virginia Community College is developing an advanced manufacturing education and training program to meet regional and statewide employment needs. Developing and maintaining a highly skilled workforce is a vital factor in sustaining a strong economy. This program responds to that need by training, educating, and certifying a technical workforce to international industry standards. The degree of collaboration among post-secondary faculty, technical educators, and industry is improved by this initiative and the pathway between secondary and post-secondary institutions is being strengthened. The student recruitment plan is carefully designed to attract and retain a diverse population. An organized effort is in place to disseminate the effective practices and outcomes resulting from this project to a broad audience.&lt;br/&gt;&lt;br/&gt;This grant is working towards the following goals: developing an innovative education and training program in advanced manufacturing; enhancing the advanced manufacturing career pathway between secondary and post-secondary institutions; developing training capacity by establishing an advanced manufacturing lab, an open access curriculum, and project-based-learning (PBL) modules; and supporting regional economic development in advanced manufacturing. The program is being developed by incorporating the multiple fields of engineering technology into one integrated curriculum. The new courses provide students with a broad understanding of advanced manufacturing and the ability to apply the new knowledge in a lab environment that simulates the work environment. By educating students in this manner, as opposed to the usual route of focused training in one field, the industrial base is being presented with well-trained employees.</AbstractNarration>
    <MinAmdLetterDate>04/12/2016</MinAmdLetterDate>
    <MaxAmdLetterDate>04/12/2016</MaxAmdLetterDate>
    <ARRAAmount/>
    <AwardID>1601168</AwardID>
    <Investigator>
      <FirstName>Hunter</FirstName>
      <LastName>Moore</LastName>
      <EmailAddress>hmoore@pvcc.edu</EmailAddress>
      <StartDate>04/12/2016</StartDate>
      <EndDate/>
      <RoleCode>Principal Investigator</RoleCode>
    </Investigator>
    <Investigator>
      <FirstName>Erica</FirstName>
      <LastName>Moore</LastName>
      <EmailAddress>emoore@pvcc.edu</EmailAddress>
      <StartDate>04/12/2016</StartDate>
      <EndDate/>
      <RoleCode>Co-Principal Investigator</RoleCode>
    </Investigator>
    <Investigator>
      <FirstName>Kenneth</FirstName>
      <LastName>Hass</LastName>
      <EmailAddress>jhass@pvcc.edu</EmailAddress>
      <StartDate>04/12/2016</StartDate>
      <EndDate/>
      <RoleCode>Co-Principal Investigator</RoleCode>
    </Investigator>
    <Institution>
      <Name>Piedmont Virginia Community College</Name>
      <CityName>Charlottesville</CityName>
      <ZipCode>229028714</ZipCode>
      <PhoneNumber>4349773900</PhoneNumber>
      <StreetAddress>501 College Drive</StreetAddress>
      <CountryName>United States</CountryName>
      <StateName>Virginia</StateName>
      <StateCode>VA</StateCode>
    </Institution>
    <ProgramElement>
      <Code>7412</Code>
      <Text>ADVANCED TECH EDUCATION PROG</Text>
    </ProgramElement>
    <ProgramReference>
      <Code>1032</Code>
      <Text>ADVANCED TECHNOLOGY EDUCATION</Text>
    </ProgramReference>
    <ProgramReference>
      <Code>9178</Code>
      <Text>UNDERGRADUATE EDUCATION</Text>
    </ProgramReference>
    <ProgramReference>
      <Code>SMET</Code>
      <Text>SCIENCE, MATH, ENG &amp; TECH EDUCATION</Text>
    </ProgramReference>
  </Award>
</rootTag>
